codigo_tse;municipio;zona;secao;agregadas;arquivo_recebido;data_recebimento;hora_recebimento
27022;PARICONHA;0039;0013;;não;;
27022;PARICONHA;0039;0018;;não;;
27022;PARICONHA;0039;0019;;sim;04/10/2026;17:59:46
27022;PARICONHA;0039;0020;;não;;
27022;PARICONHA;0039;0022;;sim;04/10/2026;18:27:52
27022;PARICONHA;0039;0023;;sim;04/10/2026;18:27:54
27022;PARICONHA;0039;0024;;não;;
27022;PARICONHA;0039;0025;;não;;
27022;PARICONHA;0039;0026;;sim;04/10/2026;17:59:46
27022;PARICONHA;0039;0029;;sim;04/10/2026;17:59:53
27022;PARICONHA;0039;0033;;não;;
27022;PARICONHA;0039;0034;;sim;04/10/2026;17:59:49
27022;PARICONHA;0039;0045;;não;;
27022;PARICONHA;0039;0050;;não;;
27022;PARICONHA;0039;0052;;não;;
27022;PARICONHA;0039;0053;;sim;04/10/2026;17:59:51
27022;PARICONHA;0039;0056;;não;;
27022;PARICONHA;0039;0059;;sim;04/10/2026;17:59:50
27022;PARICONHA;0039;0060;;não;;
27022;PARICONHA;0039;0062;;sim;04/10/2026;18:27:04
27022;PARICONHA;0039;0068;;não;;
27022;PARICONHA;0039;0070;;não;;
27022;PARICONHA;0039;0071;;sim;04/10/2026;18:27:07
27022;PARICONHA;0039;0072;;não;;
27022;PARICONHA;0039;0074;;não;;
27022;PARICONHA;0039;0118;;não;;
27022;PARICONHA;0039;0121;;não;;
27022;PARICONHA;0039;0128;;não;;
27022;PARICONHA;0039;0129;;não;;
27030;ANADIA;0048;0090;;não;;
27030;ANADIA;0048;0091;;sim;04/10/2026;18:13:53
27030;ANADIA;0048;0092;;não;;
27030;ANADIA;0048;0093;;sim;04/10/2026;18:10:59
27030;ANADIA;0048;0094;;sim;04/10/2026;18:10:59
27030;ANADIA;0048;0096;;sim;04/10/2026;18:10:59
27030;ANADIA;0048;0098;;sim;04/10/2026;18:11:40
27030;ANADIA;0048;0099;;sim;04/10/2026;17:47:39
27030;ANADIA;0048;0102;;não;;
27030;ANADIA;0048;0103;;não;;
27030;ANADIA;0048;0104;;não;;
27030;ANADIA;0048;0105;;não;;
27030;ANADIA;0048;0106;;não;;
27030;ANADIA;0048;0107;;não;;
27030;ANADIA;0048;0108;;não;;
27030;ANADIA;0048;0109;;não;;
27030;ANADIA;0048;0112;;não;;
27030;ANADIA;0048;0113;;sim;04/10/2026;17:47:40
27030;ANADIA;0048;0114;;sim;04/10/2026;17:47:42
27030;ANADIA;0048;0115;;sim;04/10/2026;17:47:43
27030;ANADIA;0048;0116;;sim;04/10/2026;17:40:36
27030;ANADIA;0048;0117;;sim;04/10/2026;17:40:39
27030;ANADIA;0048;0118;;sim;04/10/2026;17:40:40
27030;ANADIA;0048;0119;;sim;04/10/2026;17:40:43
27030;ANADIA;0048;0120;;sim;04/10/2026;17:40:42
27030;ANADIA;0048;0121;;sim;04/10/2026;17:40:42
27030;ANADIA;0048;0122;;sim;04/10/2026;17:47:46
27030;ANADIA;0048;0123;0208, 0207;sim;04/10/2026;17:48:35
27030;ANADIA;0048;0124;;sim;04/10/2026;18:11:43
27030;ANADIA;0048;0126;;sim;04/10/2026;18:11:39
27030;ANADIA;0048;0128;;sim;04/10/2026;18:11:42
27030;ANADIA;0048;0129;;sim;04/10/2026;18:11:46
27030;ANADIA;0048;0130;;sim;04/10/2026;18:11:50
27030;ANADIA;0048;0131;;sim;04/10/2026;18:11:54
27030;ANADIA;0048;0133;;sim;04/10/2026;17:31:42
27030;ANADIA;0048;0134;;sim;04/10/2026;17:32:34
27030;ANADIA;0048;0135;;sim;04/10/2026;17:32:38
27030;ANADIA;0048;0137;;sim;04/10/2026;17:44:45
27030;ANADIA;0048;0138;;sim;04/10/2026;17:44:47
27030;ANADIA;0048;0139;;sim;04/10/2026;17:44:48
27030;ANADIA;0048;0140;;sim;04/10/2026;17:44:48
27030;ANADIA;0048;0141;;sim;04/10/2026;18:14:52
27030;ANADIA;0048;0148;;sim;04/10/2026;17:32:39
27030;ANADIA;0048;0149;;sim;04/10/2026;17:33:13
27030;ANADIA;0048;0200;;sim;04/10/2026;18:11:55
27030;ANADIA;0048;0203;;sim;04/10/2026;17:47:48
27057;ARAPIRACA;0022;0028;;não;;
27057;ARAPIRACA;0022;0031;;sim;04/10/2026;18:18:15
27057;ARAPIRACA;0022;0032;;não;;
27057;ARAPIRACA;0022;0033;;não;;
27057;ARAPIRACA;0022;0034;;não;;
27057;ARAPIRACA;0022;0035;;não;;
27057;ARAPIRACA;0022;0036;;sim;04/10/2026;17:59:38
27057;ARAPIRACA;0022;0037;;não;;
27057;ARAPIRACA;0022;0038;;sim;04/10/2026;18:15:43
27057;ARAPIRACA;0022;0039;;não;;
27057;ARAPIRACA;0022;0040;;não;;
27057;ARAPIRACA;0022;0041;;não;;
27057;ARAPIRACA;0022;0042;;não;;
27057;ARAPIRACA;0022;0043;;não;;
27057;ARAPIRACA;0022;0044;;não;;
27057;ARAPIRACA;0022;0045;;não;;
27057;ARAPIRACA;0022;0046;;não;;
27057;ARAPIRACA;0022;0047;;não;;
27057;ARAPIRACA;0022;0048;;não;;
27057;ARAPIRACA;0022;0049;;não;;
27057;ARAPIRACA;0022;0050;;não;;
27057;ARAPIRACA;0022;0051;;não;;
27057;ARAPIRACA;0022;0052;;não;;
27057;ARAPIRACA;0022;0053;;não;;
27057;ARAPIRACA;0022;0054;;não;;
27057;ARAPIRACA;0022;0055;;não;;
27057;ARAPIRACA;0022;0056;;sim;04/10/2026;18:24:47
27057;ARAPIRACA;0022;0057;;não;;
27057;ARAPIRACA;0022;0058;;não;;
27057;ARAPIRACA;0022;0059;;não;;
27057;ARAPIRACA;0022;0060;;não;;
27057;ARAPIRACA;0022;0061;;não;;
27057;ARAPIRACA;0022;0062;;não;;
27057;ARAPIRACA;0022;0063;;sim;04/10/2026;18:29:52
27057;ARAPIRACA;0022;0064;;não;;
27057;ARAPIRACA;0022;0065;;não;;
27057;ARAPIRACA;0022;0066;;não;;
27057;ARAPIRACA;0022;0067;;não;;
27057;ARAPIRACA;0022;0068;;não;;
27057;ARAPIRACA;0022;0136;;não;;
27057;ARAPIRACA;0022;0137;;não;;
27057;ARAPIRACA;0022;0138;;não;;
27057;ARAPIRACA;0022;0139;;não;;
27057;ARAPIRACA;0022;0140;;não;;
27057;ARAPIRACA;0022;0141;;não;;
27057;ARAPIRACA;0022;0142;;não;;
27057;ARAPIRACA;0022;0143;;não;;
27057;ARAPIRACA;0022;0144;;não;;
27057;ARAPIRACA;0022;0145;;não;;
27057;ARAPIRACA;0022;0146;;não;;
27057;ARAPIRACA;0022;0147;;não;;
27057;ARAPIRACA;0022;0148;;não;;
27057;ARAPIRACA;0022;0149;;não;;
27057;ARAPIRACA;0022;0150;;não;;
27057;ARAPIRACA;0022;0151;;não;;
27057;ARAPIRACA;0022;0152;;não;;
27057;ARAPIRACA;0022;0153;;não;;
27057;ARAPIRACA;0022;0154;;não;;
27057;ARAPIRACA;0022;0155;;não;;
27057;ARAPIRACA;0022;0156;;não;;
27057;ARAPIRACA;0022;0157;;não;;
27057;ARAPIRACA;0022;0158;;não;;
27057;ARAPIRACA;0022;0159;;não;;
27057;ARAPIRACA;0022;0160;;não;;
27057;ARAPIRACA;0022;0161;;não;;
27057;ARAPIRACA;0022;0162;;não;;
27057;ARAPIRACA;0022;0163;;não;;
27057;ARAPIRACA;0022;0164;;não;;
27057;ARAPIRACA;0022;0165;;sim;04/10/2026;18:00:58
27057;ARAPIRACA;0022;0166;;sim;04/10/2026;18:00:58
27057;ARAPIRACA;0022;0167;;sim;04/10/2026;18:00:53
27057;ARAPIRACA;0022;0168;;sim;04/10/2026;18:00:52
27057;ARAPIRACA;0022;0268;;não;;
27057;ARAPIRACA;0022;0295;;não;;
27057;ARAPIRACA;0022;0296;;não;;
27057;ARAPIRACA;0022;0301;;não;;
27057;ARAPIRACA;0022;0341;;sim;04/10/2026;18:24:46
27057;ARAPIRACA;0022;0342;;não;;
27057;ARAPIRACA;0022;0343;;não;;
27057;ARAPIRACA;0022;0345;;sim;04/10/2026;18:27:40
27057;ARAPIRACA;0022;0347;;sim;04/10/2026;18:17:47
27057;ARAPIRACA;0022;0348;;não;;
27057;ARAPIRACA;0022;0351;;não;;
27057;ARAPIRACA;0022;0352;;não;;
27057;ARAPIRACA;0022;0353;;sim;04/10/2026;18:00:52
27057;ARAPIRACA;0022;0354;;sim;04/10/2026;18:20:59
27057;ARAPIRACA;0022;0359;;sim;04/10/2026;18:23:09
27057;ARAPIRACA;0022;0363;;não;;
27057;ARAPIRACA;0022;0364;;não;;
27057;ARAPIRACA;0022;0367;;não;;
27057;ARAPIRACA;0022;0368;;não;;
27057;ARAPIRACA;0022;0369;;sim;04/10/2026;18:00:54
27057;ARAPIRACA;0022;0376;;não;;
27057;ARAPIRACA;0022;0383;;não;;
27057;ARAPIRACA;0022;0402;;não;;
27057;ARAPIRACA;0022;0405;;sim;04/10/2026;18:25:46
27057;ARAPIRACA;0022;0406;;não;;
27057;ARAPIRACA;0022;0409;;não;;
27057;ARAPIRACA;0022;0411;;sim;04/10/2026;18:10:42
27057;ARAPIRACA;0022;0416;;sim;04/10/2026;18:11:48
27057;ARAPIRACA;0022;0425;;não;;
27057;ARAPIRACA;0022;0426;;não;;
27057;ARAPIRACA;0022;0428;;não;;
27057;ARAPIRACA;0022;0432;;não;;
27057;ARAPIRACA;0022;0434;;não;;
27057;ARAPIRACA;0022;0435;;não;;
27057;ARAPIRACA;0022;0436;;não;;
27057;ARAPIRACA;0022;0437;;não;;
27057;ARAPIRACA;0022;0439;;não;;
27057;ARAPIRACA;0022;0446;;não;;
27057;ARAPIRACA;0022;0448;;não;;
27057;ARAPIRACA;0022;0452;;não;;
27057;ARAPIRACA;0022;0459;;sim;04/10/2026;18:19:46
27057;ARAPIRACA;0022;0460;;não;;
27057;ARAPIRACA;0022;0463;;sim;04/10/2026;18:27:57
27057;ARAPIRACA;0022;0464;;não;;
27057;ARAPIRACA;0022;0466;;não;;
27057;ARAPIRACA;0022;0468;;não;;
27057;ARAPIRACA;0022;0469;;não;;
27057;ARAPIRACA;0022;0470;;sim;04/10/2026;18:00:54
27057;ARAPIRACA;0022;0471;;não;;
27057;ARAPIRACA;0022;0472;;não;;
27057;ARAPIRACA;0022;0477;;não;;
27057;ARAPIRACA;0022;0480;;não;;
27057;ARAPIRACA;0022;0484;;sim;04/10/2026;18:32:11
27057;ARAPIRACA;0022;0487;;sim;04/10/2026;18:22:58
27057;ARAPIRACA;0022;0488;;não;;
27057;ARAPIRACA;0022;0489;;não;;
27057;ARAPIRACA;0022;0491;;não;;
27057;ARAPIRACA;0022;0492;;não;;
27057;ARAPIRACA;0022;0494;;não;;
27057;ARAPIRACA;0022;0496;;não;;
27057;ARAPIRACA;0022;0497;;sim;04/10/2026;18:28:53
27057;ARAPIRACA;0022;0498;;não;;
27057;ARAPIRACA;0022;0499;;não;;
27057;ARAPIRACA;0022;0501;;não;;
27057;ARAPIRACA;0022;0503;;sim;04/10/2026;18:26:03
27057;ARAPIRACA;0022;0504;;não;;
27057;ARAPIRACA;0022;0507;;não;;
27057;ARAPIRACA;0022;0509;;não;;
27057;ARAPIRACA;0022;0511;;não;;
27057;ARAPIRACA;0022;0512;;não;;
27057;ARAPIRACA;0022;0514;;não;;
27057;ARAPIRACA;0022;0515;;não;;
27057;ARAPIRACA;0022;0518;;não;;
27057;ARAPIRACA;0022;0519;;sim;04/10/2026;17:56:47
27057;ARAPIRACA;0022;0522;;não;;
27057;ARAPIRACA;0022;0523;;não;;
27057;ARAPIRACA;0022;0525;;não;;
27057;ARAPIRACA;0022;0526;;não;;
27057;ARAPIRACA;0022;0527;;não;;
27057;ARAPIRACA;0022;0529;;não;;
27057;ARAPIRACA;0022;0530;;sim;04/10/2026;18:27:52
27057;ARAPIRACA;0022;0532;;não;;
27057;ARAPIRACA;0022;0534;;não;;
27057;ARAPIRACA;0022;0535;;não;;
27057;ARAPIRACA;0022;0536;;não;;
27057;ARAPIRACA;0022;0538;;sim;04/10/2026;18:19:06
27057;ARAPIRACA;0022;0539;;não;;
27057;ARAPIRACA;0022;0541;;não;;
27057;ARAPIRACA;0022;0542;;sim;04/10/2026;18:27:10
27057;ARAPIRACA;0022;0543;;não;;
27057;ARAPIRACA;0022;0545;;não;;
27057;ARAPIRACA;0022;0546;;não;;
27057;ARAPIRACA;0022;0547;;não;;
27057;ARAPIRACA;0022;0548;;não;;
27057;ARAPIRACA;0022;0549;;sim;04/10/2026;18:16:47
27057;ARAPIRACA;0022;0551;;não;;
27057;ARAPIRACA;0022;0553;;não;;
27057;ARAPIRACA;0022;0554;;não;;
27057;ARAPIRACA;0022;0555;;não;;
27057;ARAPIRACA;0022;0556;;sim;04/10/2026;17:48:37
27057;ARAPIRACA;0022;0557;;não;;
27057;ARAPIRACA;0022;0559;;não;;
27057;ARAPIRACA;0022;0561;;não;;
27057;ARAPIRACA;0022;0562;;não;;
27057;ARAPIRACA;0022;0564;;não;;
27057;ARAPIRACA;0022;0565;;não;;
27057;ARAPIRACA;0022;0568;;não;;
27057;ARAPIRACA;0022;0571;;sim;04/10/2026;17:48:36
27057;ARAPIRACA;0022;0572;;não;;
27057;ARAPIRACA;0022;0574;;não;;
27057;ARAPIRACA;0022;0576;;não;;
27057;ARAPIRACA;0022;0579;;não;;
27057;ARAPIRACA;0022;0580;;não;;
27057;ARAPIRACA;0022;0581;;não;;
27057;ARAPIRACA;0022;0582;;não;;
27057;ARAPIRACA;0022;0583;0614;não;;
27057;ARAPIRACA;0022;0585;;sim;04/10/2026;18:12:53
27057;ARAPIRACA;0022;0587;;não;;
27057;ARAPIRACA;0022;0588;;sim;04/10/2026;18:31:06
27057;ARAPIRACA;0022;0589;;não;;
27057;ARAPIRACA;0022;0590;;não;;
27057;ARAPIRACA;0022;0591;;não;;
27057;ARAPIRACA;0022;0592;;não;;
27057;ARAPIRACA;0022;0593;;sim;04/10/2026;18:28:01
27057;ARAPIRACA;0022;0594;;não;;
27057;ARAPIRACA;0022;0595;;sim;04/10/2026;18:11:52
27057;ARAPIRACA;0022;0597;;não;;
27057;ARAPIRACA;0022;0598;0615;não;;
27057;ARAPIRACA;0022;0599;;não;;
27057;ARAPIRACA;0022;0603;;sim;04/10/2026;17:56:46
27057;ARAPIRACA;0022;0605;;sim;04/10/2026;17:56:49
27057;ARAPIRACA;0022;0606;;não;;
27057;ARAPIRACA;0022;0607;;não;;
27057;ARAPIRACA;0022;0608;;não;;
27057;ARAPIRACA;0022;0609;;não;;
27057;ARAPIRACA;0022;0610;;não;;
27057;ARAPIRACA;0022;0611;;não;;
27057;ARAPIRACA;0022;0612;;sim;04/10/2026;18:31:13
27057;ARAPIRACA;0022;0613;;não;;
27057;ARAPIRACA;0055;0046;;sim;04/10/2026;17:34:41
27057;ARAPIRACA;0055;0047;;sim;04/10/2026;17:34:41
27057;ARAPIRACA;0055;0048;;sim;04/10/2026;17:34:40
27057;ARAPIRACA;0055;0049;;sim;04/10/2026;17:34:38
27057;ARAPIRACA;0055;0050;;sim;04/10/2026;17:34:40
27057;ARAPIRACA;0055;0051;;sim;04/10/2026;17:56:38
27057;ARAPIRACA;0055;0052;;sim;04/10/2026;17:32:36
27057;ARAPIRACA;0055;0053;;sim;04/10/2026;17:34:40
27057;ARAPIRACA;0055;0054;;sim;04/10/2026;17:56:40
27057;ARAPIRACA;0055;0055;;sim;04/10/2026;17:56:39
27057;ARAPIRACA;0055;0056;;sim;04/10/2026;17:56:40
27057;ARAPIRACA;0055;0058;0059;não;;
27057;ARAPIRACA;0055;0060;0061;não;;
27057;ARAPIRACA;0055;0062;0063;não;;
27057;ARAPIRACA;0055;0064;0065;não;;
27057;ARAPIRACA;0055;0066;0067;não;;
27057;ARAPIRACA;0055;0068;0069;não;;
27057;ARAPIRACA;0055;0070;0071;não;;
27057;ARAPIRACA;0055;0072;;sim;04/10/2026;18:31:55
27057;ARAPIRACA;0055;0073;;sim;04/10/2026;18:31:11
27057;ARAPIRACA;0055;0074;;sim;04/10/2026;18:31:56
27057;ARAPIRACA;0055;0075;;sim;04/10/2026;18:32:02
27057;ARAPIRACA;0055;0076;;sim;04/10/2026;18:31:41
27057;ARAPIRACA;0055;0077;;sim;04/10/2026;18:32:02
27057;ARAPIRACA;0055;0078;;sim;04/10/2026;18:32:09
27057;ARAPIRACA;0055;0080;;sim;04/10/2026;18:32:10
27057;ARAPIRACA;0055;0082;;sim;04/10/2026;18:31:51
27057;ARAPIRACA;0055;0083;;sim;04/10/2026;18:31:55
27057;ARAPIRACA;0055;0084;;sim;04/10/2026;18:31:54
27057;ARAPIRACA;0055;0085;0352;sim;04/10/2026;18:31:54
27057;ARAPIRACA;0055;0086;;sim;04/10/2026;17:37:34
27057;ARAPIRACA;0055;0087;;sim;04/10/2026;17:37:36
27057;ARAPIRACA;0055;0088;;sim;04/10/2026;17:37:39
27057;ARAPIRACA;0055;0089;;sim;04/10/2026;17:37:42
27057;ARAPIRACA;0055;0090;;sim;04/10/2026;17:37:41
27057;ARAPIRACA;0055;0091;;sim;04/10/2026;17:37:46
27057;ARAPIRACA;0055;0092;;sim;04/10/2026;17:38:33
27057;ARAPIRACA;0055;0093;;sim;04/10/2026;17:37:44
27057;ARAPIRACA;0055;0094;;sim;04/10/2026;17:37:47
27057;ARAPIRACA;0055;0095;;sim;04/10/2026;17:38:37
27057;ARAPIRACA;0055;0096;;sim;04/10/2026;17:38:35
27057;ARAPIRACA;0055;0097;;sim;04/10/2026;17:44:33
27057;ARAPIRACA;0055;0098;;sim;04/10/2026;17:43:48
27057;ARAPIRACA;0055;0099;;sim;04/10/2026;17:54:38
27057;ARAPIRACA;0055;0100;;sim;04/10/2026;17:54:43
27057;ARAPIRACA;0055;0101;;sim;04/10/2026;17:54:43
27057;ARAPIRACA;0055;0102;;sim;04/10/2026;17:54:44
27057;ARAPIRACA;0055;0103;;sim;04/10/2026;18:24:53
27057;ARAPIRACA;0055;0104;;não;;
27057;ARAPIRACA;0055;0105;;sim;04/10/2026;18:24:48
27057;ARAPIRACA;0055;0106;;não;;
27057;ARAPIRACA;0055;0107;;sim;04/10/2026;18:25:06
27057;ARAPIRACA;0055;0108;;sim;04/10/2026;18:24:53
27057;ARAPIRACA;0055;0109;;sim;04/10/2026;18:26:50
27057;ARAPIRACA;0055;0110;;não;;
27057;ARAPIRACA;0055;0111;;não;;
27057;ARAPIRACA;0055;0112;;não;;
27057;ARAPIRACA;0055;0113;;sim;04/10/2026;18:13:07
27057;ARAPIRACA;0055;0114;;sim;04/10/2026;17:45:42
27057;ARAPIRACA;0055;0115;;não;;
27057;ARAPIRACA;0055;0116;;sim;04/10/2026;18:24:06
27057;ARAPIRACA;0055;0118;0119;sim;04/10/2026;18:10:15
27057;ARAPIRACA;0055;0120;0121;sim;04/10/2026;18:10:06
27057;ARAPIRACA;0055;0122;0123;sim;04/10/2026;18:10:07
27057;ARAPIRACA;0055;0124;;não;;
27057;ARAPIRACA;0055;0125;;não;;
27057;ARAPIRACA;0055;0126;;não;;
27057;ARAPIRACA;0055;0127;;não;;
27057;ARAPIRACA;0055;0128;;não;;
27057;ARAPIRACA;0055;0129;;não;;
27057;ARAPIRACA;0055;0130;;não;;
27057;ARAPIRACA;0055;0131;;não;;
27057;ARAPIRACA;0055;0132;;não;;
27057;ARAPIRACA;0055;0135;;não;;
27057;ARAPIRACA;0055;0136;;sim;04/10/2026;17:46:39
27057;ARAPIRACA;0055;0137;;sim;04/10/2026;17:46:40
27057;ARAPIRACA;0055;0138;;sim;04/10/2026;17:46:40
27057;ARAPIRACA;0055;0139;;sim;04/10/2026;17:46:41
27057;ARAPIRACA;0055;0140;;sim;04/10/2026;17:46:40
27057;ARAPIRACA;0055;0141;;sim;04/10/2026;17:46:42
27057;ARAPIRACA;0055;0142;;sim;04/10/2026;17:46:40
27057;ARAPIRACA;0055;0143;;não;;
27057;ARAPIRACA;0055;0144;;sim;04/10/2026;18:23:22
27057;ARAPIRACA;0055;0145;;não;;
27057;ARAPIRACA;0055;0146;;não;;
27057;ARAPIRACA;0055;0147;;não;;
27057;ARAPIRACA;0055;0148;;sim;04/10/2026;18:23:42
27057;ARAPIRACA;0055;0149;0150;não;;
27057;ARAPIRACA;0055;0151;0152;não;;
27057;ARAPIRACA;0055;0153;0154;não;;
27057;ARAPIRACA;0055;0155;0156;não;;
27057;ARAPIRACA;0055;0157;0158;não;;
27057;ARAPIRACA;0055;0159;;não;;
27057;ARAPIRACA;0055;0160;;não;;
27057;ARAPIRACA;0055;0161;;não;;
27057;ARAPIRACA;0055;0162;;não;;
27057;ARAPIRACA;0055;0163;;não;;
27057;ARAPIRACA;0055;0164;;não;;
27057;ARAPIRACA;0055;0165;;não;;
27057;ARAPIRACA;0055;0166;;não;;
27057;ARAPIRACA;0055;0167;;não;;
27057;ARAPIRACA;0055;0168;;sim;04/10/2026;18:26:54
27057;ARAPIRACA;0055;0169;;sim;04/10/2026;18:26:57
27057;ARAPIRACA;0055;0170;;não;;
27057;ARAPIRACA;0055;0171;;não;;
27057;ARAPIRACA;0055;0172;;não;;
27057;ARAPIRACA;0055;0173;;não;;
27057;ARAPIRACA;0055;0174;;não;;
27057;ARAPIRACA;0055;0175;;não;;
27057;ARAPIRACA;0055;0176;;não;;
27057;ARAPIRACA;0055;0177;;não;;
27057;ARAPIRACA;0055;0178;;não;;
27057;ARAPIRACA;0055;0179;;não;;
27057;ARAPIRACA;0055;0180;;não;;
27057;ARAPIRACA;0055;0181;;não;;
27057;ARAPIRACA;0055;0182;;não;;
27057;ARAPIRACA;0055;0183;;não;;
27057;ARAPIRACA;0055;0185;;sim;04/10/2026;17:59:50
27057;ARAPIRACA;0055;0186;;sim;04/10/2026;17:59:51
27057;ARAPIRACA;0055;0187;;sim;04/10/2026;17:59:55
27057;ARAPIRACA;0055;0188;;sim;04/10/2026;17:59:49
27057;ARAPIRACA;0055;0189;;sim;04/10/2026;17:59:50
27057;ARAPIRACA;0055;0190;;sim;04/10/2026;17:59:51
27057;ARAPIRACA;0055;0191;;sim;04/10/2026;17:59:55
27057;ARAPIRACA;0055;0192;;sim;04/10/2026;18:00:37
27057;ARAPIRACA;0055;0193;;sim;04/10/2026;18:00:37
27057;ARAPIRACA;0055;0194;;sim;04/10/2026;18:00:39
27057;ARAPIRACA;0055;0195;;sim;04/10/2026;18:00:40
27057;ARAPIRACA;0055;0196;;sim;04/10/2026;18:00:42
27057;ARAPIRACA;0055;0197;;sim;04/10/2026;18:00:41
27057;ARAPIRACA;0055;0198;;sim;04/10/2026;18:00:42
27057;ARAPIRACA;0055;0199;;sim;04/10/2026;17:56:41
27057;ARAPIRACA;0055;0200;;sim;04/10/2026;17:56:41
27057;ARAPIRACA;0055;0201;;sim;04/10/2026;17:56:42
27057;ARAPIRACA;0055;0202;;sim;04/10/2026;17:56:43
27057;ARAPIRACA;0055;0203;;sim;04/10/2026;17:56:43
27057;ARAPIRACA;0055;0204;;sim;04/10/2026;17:56:42
27057;ARAPIRACA;0055;0247;;não;;
27057;ARAPIRACA;0055;0248;;sim;04/10/2026;18:22:05
27057;ARAPIRACA;0055;0249;;sim;04/10/2026;18:22:05
27057;ARAPIRACA;0055;0250;;não;;
27057;ARAPIRACA;0055;0251;;sim;04/10/2026;18:22:04
27057;ARAPIRACA;0055;0252;;sim;04/10/2026;18:22:13
27057;ARAPIRACA;0055;0253;;sim;04/10/2026;18:22:40
27057;ARAPIRACA;0055;0254;;não;;
27057;ARAPIRACA;0055;0255;;não;;
27057;ARAPIRACA;0055;0256;;não;;
27057;ARAPIRACA;0055;0257;;sim;04/10/2026;18:22:44
27057;ARAPIRACA;0055;0258;;sim;04/10/2026;18:22:48
27057;ARAPIRACA;0055;0260;;sim;04/10/2026;18:25:50
27057;ARAPIRACA;0055;0261;;sim;04/10/2026;18:27:48
27057;ARAPIRACA;0055;0262;;sim;04/10/2026;18:10:08
27057;ARAPIRACA;0055;0263;;sim;04/10/2026;18:23:52
27057;ARAPIRACA;0055;0265;;sim;04/10/2026;18:25:10
27057;ARAPIRACA;0055;0266;;sim;04/10/2026;17:46:44
27057;ARAPIRACA;0055;0268;;sim;04/10/2026;17:54:48
27057;ARAPIRACA;0055;0271;;sim;04/10/2026;17:46:43
27057;ARAPIRACA;0055;0272;;sim;04/10/2026;18:27:53
27057;ARAPIRACA;0055;0273;;não;;
27057;ARAPIRACA;0055;0274;;sim;04/10/2026;18:27:47
27057;ARAPIRACA;0055;0275;;sim;04/10/2026;18:23:48
27057;ARAPIRACA;0055;0277;;sim;04/10/2026;18:23:52
27057;ARAPIRACA;0055;0278;0287;sim;04/10/2026;18:27:07
27057;ARAPIRACA;0055;0279;;sim;04/10/2026;18:25:14
27057;ARAPIRACA;0055;0280;;sim;04/10/2026;17:54:46
27057;ARAPIRACA;0055;0283;;não;;
27057;ARAPIRACA;0055;0284;;não;;
27057;ARAPIRACA;0055;0285;;não;;
27057;ARAPIRACA;0055;0286;;não;;
27057;ARAPIRACA;0055;0288;;não;;
27057;ARAPIRACA;0055;0289;;não;;
27057;ARAPIRACA;0055;0290;;não;;
27057;ARAPIRACA;0055;0291;;sim;04/10/2026;17:53:37
27057;ARAPIRACA;0055;0292;;sim;04/10/2026;17:53:36
27057;ARAPIRACA;0055;0293;;não;;
27057;ARAPIRACA;0055;0294;;sim;04/10/2026;17:53:37
27057;ARAPIRACA;0055;0295;;não;;
27057;ARAPIRACA;0055;0296;;não;;
27057;ARAPIRACA;0055;0297;;não;;
27057;ARAPIRACA;0055;0298;;não;;
27057;ARAPIRACA;0055;0299;;não;;
27057;ARAPIRACA;0055;0300;;não;;
27057;ARAPIRACA;0055;0301;;sim;04/10/2026;18:17:51
27057;ARAPIRACA;0055;0302;;não;;
27057;ARAPIRACA;0055;0303;;não;;
27057;ARAPIRACA;0055;0304;;não;;
27057;ARAPIRACA;0055;0305;;não;;
27057;ARAPIRACA;0055;0306;;não;;
27057;ARAPIRACA;0055;0307;;não;;
27057;ARAPIRACA;0055;0308;;não;;
27057;ARAPIRACA;0055;0309;;não;;
27057;ARAPIRACA;0055;0310;;não;;
27057;ARAPIRACA;0055;0311;;não;;
27057;ARAPIRACA;0055;0312;;não;;
27057;ARAPIRACA;0055;0313;;não;;
27057;ARAPIRACA;0055;0314;;não;;
27057;ARAPIRACA;0055;0315;;não;;
27057;ARAPIRACA;0055;0316;;não;;
27057;ARAPIRACA;0055;0317;;não;;
27057;ARAPIRACA;0055;0318;;não;;
27057;ARAPIRACA;0055;0319;;não;;
27057;ARAPIRACA;0055;0320;;não;;
27057;ARAPIRACA;0055;0321;;não;;
27057;ARAPIRACA;0055;0322;;não;;
27057;ARAPIRACA;0055;0323;;não;;
27057;ARAPIRACA;0055;0324;;não;;
27057;ARAPIRACA;0055;0325;;não;;
27057;ARAPIRACA;0055;0326;;não;;
27057;ARAPIRACA;0055;0327;;não;;
27057;ARAPIRACA;0055;0328;;não;;
27057;ARAPIRACA;0055;0329;;não;;
27057;ARAPIRACA;0055;0330;;não;;
27057;ARAPIRACA;0055;0331;;não;;
27057;ARAPIRACA;0055;0332;;não;;
27057;ARAPIRACA;0055;0333;;não;;
27057;ARAPIRACA;0055;0334;;não;;
27057;ARAPIRACA;0055;0335;;não;;
27057;ARAPIRACA;0055;0336;;não;;
27057;ARAPIRACA;0055;0337;;não;;
27057;ARAPIRACA;0055;0338;;não;;
27057;ARAPIRACA;0055;0339;;não;;
27057;ARAPIRACA;0055;0340;;sim;04/10/2026;18:13:09
27057;ARAPIRACA;0055;0341;;não;;
27057;ARAPIRACA;0055;0342;;sim;04/10/2026;18:13:03
27057;ARAPIRACA;0055;0343;;sim;04/10/2026;17:59:43
27057;ARAPIRACA;0055;0344;;sim;04/10/2026;17:59:46
27057;ARAPIRACA;0055;0345;;sim;04/10/2026;17:59:48
27057;ARAPIRACA;0055;0346;;sim;04/10/2026;17:59:44
27057;ARAPIRACA;0055;0347;;sim;04/10/2026;17:59:50
27057;ARAPIRACA;0055;0348;;sim;04/10/2026;17:59:51
27057;ARAPIRACA;0055;0349;;sim;04/10/2026;18:00:37
27057;ARAPIRACA;0055;0350;;sim;04/10/2026;17:59:55
27057;ARAPIRACA;0055;0351;;não;;
27057;ARAPIRACA;0055;0353;;não;;
27057;ARAPIRACA;0055;0354;;sim;04/10/2026;18:13:06
27081;CAMPESTRE;0053;0147;;não;;
27081;CAMPESTRE;0053;0148;;não;;
27081;CAMPESTRE;0053;0149;;não;;
27081;CAMPESTRE;0053;0150;;não;;
27081;CAMPESTRE;0053;0151;;não;;
27081;CAMPESTRE;0053;0152;;não;;
27081;CAMPESTRE;0053;0153;;não;;
27081;CAMPESTRE;0053;0154;;não;;
27081;CAMPESTRE;0053;0155;;não;;
27081;CAMPESTRE;0053;0156;;não;;
27081;CAMPESTRE;0053;0157;;não;;
27081;CAMPESTRE;0053;0158;;não;;
27081;CAMPESTRE;0053;0159;;não;;
27081;CAMPESTRE;0053;0160;;não;;
27081;CAMPESTRE;0053;0161;;não;;
27081;CAMPESTRE;0053;0162;;não;;
27081;CAMPESTRE;0053;0164;;não;;
27138;BATALHA;0029;0001;;não;;
27138;BATALHA;0029;0002;;não;;
27138;BATALHA;0029;0003;;não;;
27138;BATALHA;0029;0004;;não;;
27138;BATALHA;0029;0005;;não;;
27138;BATALHA;0029;0006;;não;;
27138;BATALHA;0029;0007;;não;;
27138;BATALHA;0029;0008;;não;;
27138;BATALHA;0029;0009;;não;;
27138;BATALHA;0029;0010;;não;;
27138;BATALHA;0029;0011;;não;;
27138;BATALHA;0029;0012;;não;;
27138;BATALHA;0029;0013;;não;;
27138;BATALHA;0029;0014;;não;;
27138;BATALHA;0029;0015;;não;;
27138;BATALHA;0029;0016;;não;;
27138;BATALHA;0029;0017;;não;;
27138;BATALHA;0029;0018;;não;;
27138;BATALHA;0029;0019;;não;;
27138;BATALHA;0029;0049;;não;;
27138;BATALHA;0029;0050;;não;;
27138;BATALHA;0029;0051;;não;;
27138;BATALHA;0029;0052;;não;;
27138;BATALHA;0029;0057;;não;;
27138;BATALHA;0029;0058;;não;;
27138;BATALHA;0029;0059;;não;;
27138;BATALHA;0029;0062;;não;;
27138;BATALHA;0029;0063;;não;;
27138;BATALHA;0029;0067;;não;;
27138;BATALHA;0029;0068;;não;;
27138;BATALHA;0029;0069;;não;;
27138;BATALHA;0029;0071;;não;;
27138;BATALHA;0029;0072;;não;;
27138;BATALHA;0029;0073;;não;;
27138;BATALHA;0029;0095;;não;;
27138;BATALHA;0029;0096;;não;;
27154;BELÉM;0028;0076;;sim;04/10/2026;17:53:36
27154;BELÉM;0028;0081;;sim;04/10/2026;17:53:37
27154;BELÉM;0028;0086;;não;;
27154;BELÉM;0028;0087;;não;;
27154;BELÉM;0028;0088;;não;;
27154;BELÉM;0028;0089;;não;;
27154;BELÉM;0028;0094;0072;sim;04/10/2026;17:53:38
27154;BELÉM;0028;0095;0073;sim;04/10/2026;17:53:39
27154;BELÉM;0028;0096;;não;;
27154;BELÉM;0028;0097;;não;;
27154;BELÉM;0028;0098;;não;;
27154;BELÉM;0028;0099;;não;;
27154;BELÉM;0028;0100;;não;;
27154;BELÉM;0028;0101;;não;;
27154;BELÉM;0028;0102;;não;;
27154;BELÉM;0028;0103;;não;;
27154;BELÉM;0028;0104;0074;sim;04/10/2026;17:53:41
27154;BELÉM;0028;0105;0075;sim;04/10/2026;17:53:45
27154;BELÉM;0028;0120;0084;sim;04/10/2026;17:53:43
27154;BELÉM;0028;0121;;não;;
27332;CAPELA;0006;0128;;não;;
27332;CAPELA;0006;0129;;não;;
27332;CAPELA;0006;0130;;não;;
27332;CAPELA;0006;0131;;não;;
27332;CAPELA;0006;0132;;não;;
27332;CAPELA;0006;0133;;não;;
27332;CAPELA;0006;0134;;não;;
27332;CAPELA;0006;0135;;não;;
27332;CAPELA;0006;0136;;não;;
27332;CAPELA;0006;0137;;não;;
27332;CAPELA;0006;0138;;não;;
27332;CAPELA;0006;0139;;não;;
27332;CAPELA;0006;0140;;não;;
27332;CAPELA;0006;0141;;não;;
27332;CAPELA;0006;0142;;não;;
27332;CAPELA;0006;0143;;não;;
27332;CAPELA;0006;0144;;não;;
27332;CAPELA;0006;0145;;não;;
27332;CAPELA;0006;0146;;não;;
27332;CAPELA;0006;0147;;não;;
27332;CAPELA;0006;0148;;não;;
27332;CAPELA;0006;0149;;não;;
27332;CAPELA;0006;0150;;não;;
27332;CAPELA;0006;0152;;não;;
27332;CAPELA;0006;0153;;não;;
27332;CAPELA;0006;0154;;não;;
27332;CAPELA;0006;0155;;não;;
27332;CAPELA;0006;0156;;não;;
27332;CAPELA;0006;0157;;não;;
27332;CAPELA;0006;0158;;não;;
27332;CAPELA;0006;0159;;não;;
27332;CAPELA;0006;0160;;não;;
27332;CAPELA;0006;0161;;não;;
27332;CAPELA;0006;0162;;não;;
27332;CAPELA;0006;0163;;não;;
27332;CAPELA;0006;0164;;não;;
27332;CAPELA;0006;0165;;não;;
27332;CAPELA;0006;0166;;não;;
27332;CAPELA;0006;0167;;não;;
27332;CAPELA;0006;0168;;não;;
27332;CAPELA;0006;0169;;não;;
27332;CAPELA;0006;0170;;não;;
27332;CAPELA;0006;0182;;não;;
27332;CAPELA;0006;0184;;não;;
27332;CAPELA;0006;0187;;não;;
27332;CAPELA;0006;0189;;não;;
27391;COITÉ DO NÓIA;0045;0116;;não;;
27391;COITÉ DO NÓIA;0045;0117;;não;;
27391;COITÉ DO NÓIA;0045;0118;;não;;
27391;COITÉ DO NÓIA;0045;0119;;não;;
27391;COITÉ DO NÓIA;0045;0120;;não;;
27391;COITÉ DO NÓIA;0045;0121;;não;;
27391;COITÉ DO NÓIA;0045;0122;;não;;
27391;COITÉ DO NÓIA;0045;0123;;não;;
27391;COITÉ DO NÓIA;0045;0124;;sim;04/10/2026;18:28:00
27391;COITÉ DO NÓIA;0045;0125;;não;;
27391;COITÉ DO NÓIA;0045;0126;;não;;
27391;COITÉ DO NÓIA;0045;0127;;não;;
27391;COITÉ DO NÓIA;0045;0128;;não;;
27391;COITÉ DO NÓIA;0045;0129;;não;;
27391;COITÉ DO NÓIA;0045;0130;;não;;
27391;COITÉ DO NÓIA;0045;0131;;não;;
27391;COITÉ DO NÓIA;0045;0132;;não;;
27391;COITÉ DO NÓIA;0045;0133;;não;;
27391;COITÉ DO NÓIA;0045;0134;;não;;
27391;COITÉ DO NÓIA;0045;0135;;não;;
27391;COITÉ DO NÓIA;0045;0136;;não;;
27391;COITÉ DO NÓIA;0045;0137;;não;;
27391;COITÉ DO NÓIA;0045;0140;;não;;
27391;COITÉ DO NÓIA;0045;0142;;não;;
27391;COITÉ DO NÓIA;0045;0146;;não;;
27391;COITÉ DO NÓIA;0045;0150;;não;;
27391;COITÉ DO NÓIA;0045;0156;;não;;
27391;COITÉ DO NÓIA;0045;0161;;não;;
27391;COITÉ DO NÓIA;0045;0167;;não;;
27391;COITÉ DO NÓIA;0045;0173;;não;;
27413;COLÔNIA LEOPOLDINA;0016;0085;;sim;04/10/2026;18:16:48
27413;COLÔNIA LEOPOLDINA;0016;0086;;sim;04/10/2026;18:16:45
27413;COLÔNIA LEOPOLDINA;0016;0087;;sim;04/10/2026;18:16:50
27413;COLÔNIA LEOPOLDINA;0016;0088;;sim;04/10/2026;18:16:47
27413;COLÔNIA LEOPOLDINA;0016;0089;;não;;
27413;COLÔNIA LEOPOLDINA;0016;0090;;não;;
27413;COLÔNIA LEOPOLDINA;0016;0091;;não;;
27413;COLÔNIA LEOPOLDINA;0016;0092;;não;;
27413;COLÔNIA LEOPOLDINA;0016;0093;;não;;
27413;COLÔNIA LEOPOLDINA;0016;0094;;não;;
27413;COLÔNIA LEOPOLDINA;0016;0095;;não;;
27413;COLÔNIA LEOPOLDINA;0016;0096;;não;;
27413;COLÔNIA LEOPOLDINA;0016;0097;;não;;
27413;COLÔNIA LEOPOLDINA;0016;0098;;não;;
27413;COLÔNIA LEOPOLDINA;0016;0099;;não;;
27413;COLÔNIA LEOPOLDINA;0016;0100;;não;;
27413;COLÔNIA LEOPOLDINA;0016;0101;;não;;
27413;COLÔNIA LEOPOLDINA;0016;0102;;não;;
27413;COLÔNIA LEOPOLDINA;0016;0103;;sim;04/10/2026;18:16:47
27413;COLÔNIA LEOPOLDINA;0016;0104;;sim;04/10/2026;18:16:47
27413;COLÔNIA LEOPOLDINA;0016;0105;;sim;04/10/2026;18:16:52
27413;COLÔNIA LEOPOLDINA;0016;0106;;sim;04/10/2026;18:16:49
27413;COLÔNIA LEOPOLDINA;0016;0107;;sim;04/10/2026;18:16:55
27413;COLÔNIA LEOPOLDINA;0016;0108;;sim;04/10/2026;18:16:49
27413;COLÔNIA LEOPOLDINA;0016;0109;;sim;04/10/2026;18:17:04
27413;COLÔNIA LEOPOLDINA;0016;0110;;sim;04/10/2026;18:16:51
27413;COLÔNIA LEOPOLDINA;0016;0111;;sim;04/10/2026;18:16:50
27413;COLÔNIA LEOPOLDINA;0016;0112;;sim;04/10/2026;18:16:50
27413;COLÔNIA LEOPOLDINA;0016;0113;;sim;04/10/2026;18:16:56
27413;COLÔNIA LEOPOLDINA;0016;0114;;sim;04/10/2026;18:16:57
27413;COLÔNIA LEOPOLDINA;0016;0115;;não;;
27413;COLÔNIA LEOPOLDINA;0016;0116;;não;;
27413;COLÔNIA LEOPOLDINA;0016;0117;;não;;
27413;COLÔNIA LEOPOLDINA;0016;0118;;sim;04/10/2026;18:16:52
27413;COLÔNIA LEOPOLDINA;0016;0119;;sim;04/10/2026;18:16:52
27413;COLÔNIA LEOPOLDINA;0016;0120;;sim;04/10/2026;18:16:59
27413;COLÔNIA LEOPOLDINA;0016;0121;;sim;04/10/2026;18:16:55
27413;COLÔNIA LEOPOLDINA;0016;0122;;sim;04/10/2026;18:16:59
27413;COLÔNIA LEOPOLDINA;0016;0123;;sim;04/10/2026;18:16:53
27413;COLÔNIA LEOPOLDINA;0016;0124;;sim;04/10/2026;18:17:00
27413;COLÔNIA LEOPOLDINA;0016;0125;;sim;04/10/2026;18:16:58
27413;COLÔNIA LEOPOLDINA;0016;0126;;sim;04/10/2026;18:16:59
27413;COLÔNIA LEOPOLDINA;0016;0127;;sim;04/10/2026;18:16:59
27413;COLÔNIA LEOPOLDINA;0016;0128;;sim;04/10/2026;18:17:01
27413;COLÔNIA LEOPOLDINA;0016;0129;;sim;04/10/2026;18:17:05
27413;COLÔNIA LEOPOLDINA;0016;0130;;sim;04/10/2026;18:16:59
27413;COLÔNIA LEOPOLDINA;0016;0131;;sim;04/10/2026;18:17:02
27413;COLÔNIA LEOPOLDINA;0016;0132;;não;;
27413;COLÔNIA LEOPOLDINA;0016;0133;;não;;
27413;COLÔNIA LEOPOLDINA;0016;0134;;não;;
27413;COLÔNIA LEOPOLDINA;0016;0135;;sim;04/10/2026;18:17:03
27413;COLÔNIA LEOPOLDINA;0016;0136;;sim;04/10/2026;18:17:01
27413;COLÔNIA LEOPOLDINA;0016;0142;;não;;
27413;COLÔNIA LEOPOLDINA;0016;0143;;não;;
27413;COLÔNIA LEOPOLDINA;0016;0144;;não;;
27596;IBATEGUARA;0016;0001;;sim;04/10/2026;17:51:53
27596;IBATEGUARA;0016;0002;;sim;04/10/2026;18:25:50
27596;IBATEGUARA;0016;0003;;não;;
27596;IBATEGUARA;0016;0004;;não;;
27596;IBATEGUARA;0016;0005;;sim;04/10/2026;18:25:12
27596;IBATEGUARA;0016;0006;;sim;04/10/2026;17:38:39
27596;IBATEGUARA;0016;0007;;não;;
27596;IBATEGUARA;0016;0008;;sim;04/10/2026;17:38:40
27596;IBATEGUARA;0016;0009;;sim;04/10/2026;17:38:40
27596;IBATEGUARA;0016;0010;;sim;04/10/2026;18:25:52
27596;IBATEGUARA;0016;0011;;não;;
27596;IBATEGUARA;0016;0012;;não;;
27596;IBATEGUARA;0016;0013;;não;;
27596;IBATEGUARA;0016;0014;;não;;
27596;IBATEGUARA;0016;0015;;não;;
27596;IBATEGUARA;0016;0016;;sim;04/10/2026;18:25:15
27596;IBATEGUARA;0016;0017;;não;;
27596;IBATEGUARA;0016;0018;;sim;04/10/2026;17:52:02
27596;IBATEGUARA;0016;0019;;não;;
27596;IBATEGUARA;0016;0020;;não;;
27596;IBATEGUARA;0016;0021;;não;;
27596;IBATEGUARA;0016;0055;;não;;
27596;IBATEGUARA;0016;0056;;sim;04/10/2026;18:25:42
27596;IBATEGUARA;0016;0057;;não;;
27596;IBATEGUARA;0016;0063;;sim;04/10/2026;18:25:59
27596;IBATEGUARA;0016;0064;;sim;04/10/2026;18:25:58
27596;IBATEGUARA;0016;0065;;sim;04/10/2026;17:51:54
27596;IBATEGUARA;0016;0066;;não;;
27596;IBATEGUARA;0016;0072;;sim;04/10/2026;17:52:02
27596;IBATEGUARA;0016;0082;;sim;04/10/2026;18:25:45
27596;IBATEGUARA;0016;0140;;sim;04/10/2026;17:38:42
27596;IBATEGUARA;0016;0145;;sim;04/10/2026;18:25:59
27596;IBATEGUARA;0016;0146;;não;;
27634;IGREJA NOVA;0037;0111;;não;;
27634;IGREJA NOVA;0037;0112;;não;;
27634;IGREJA NOVA;0037;0113;;não;;
27634;IGREJA NOVA;0037;0114;;não;;
27634;IGREJA NOVA;0037;0115;;não;;
27634;IGREJA NOVA;0037;0116;;não;;
27634;IGREJA NOVA;0037;0118;;não;;
27634;IGREJA NOVA;0037;0119;;não;;
27634;IGREJA NOVA;0037;0120;;não;;
27634;IGREJA NOVA;0037;0121;;não;;
27634;IGREJA NOVA;0037;0122;;não;;
27634;IGREJA NOVA;0037;0123;;não;;
27634;IGREJA NOVA;0037;0124;;não;;
27634;IGREJA NOVA;0037;0125;;não;;
27634;IGREJA NOVA;0037;0126;;não;;
27634;IGREJA NOVA;0037;0127;;não;;
27634;IGREJA NOVA;0037;0128;;não;;
27634;IGREJA NOVA;0037;0129;;não;;
27634;IGREJA NOVA;0037;0130;;não;;
27634;IGREJA NOVA;0037;0131;0186;não;;
27634;IGREJA NOVA;0037;0134;;não;;
27634;IGREJA NOVA;0037;0135;;não;;
27634;IGREJA NOVA;0037;0136;;não;;
27634;IGREJA NOVA;0037;0137;;não;;
27634;IGREJA NOVA;0037;0138;;não;;
27634;IGREJA NOVA;0037;0139;;não;;
27634;IGREJA NOVA;0037;0140;;não;;
27634;IGREJA NOVA;0037;0141;;não;;
27634;IGREJA NOVA;0037;0142;;não;;
27634;IGREJA NOVA;0037;0143;;não;;
27634;IGREJA NOVA;0037;0144;;não;;
27634;IGREJA NOVA;0037;0145;;não;;
27634;IGREJA NOVA;0037;0146;;não;;
27634;IGREJA NOVA;0037;0147;;não;;
27634;IGREJA NOVA;0037;0148;;não;;
27634;IGREJA NOVA;0037;0149;;não;;
27634;IGREJA NOVA;0037;0150;;não;;
27634;IGREJA NOVA;0037;0151;;não;;
27634;IGREJA NOVA;0037;0152;;não;;
27634;IGREJA NOVA;0037;0153;;não;;
27634;IGREJA NOVA;0037;0154;;não;;
27634;IGREJA NOVA;0037;0155;;não;;
27634;IGREJA NOVA;0037;0156;;não;;
27634;IGREJA NOVA;0037;0157;;não;;
27634;IGREJA NOVA;0037;0159;;não;;
27634;IGREJA NOVA;0037;0160;;não;;
27634;IGREJA NOVA;0037;0161;;não;;
27634;IGREJA NOVA;0037;0162;;não;;
27634;IGREJA NOVA;0037;0163;;não;;
27634;IGREJA NOVA;0037;0164;;não;;
27634;IGREJA NOVA;0037;0165;;não;;
27634;IGREJA NOVA;0037;0166;;não;;
27634;IGREJA NOVA;0037;0184;;não;;
27634;IGREJA NOVA;0037;0185;;não;;
27634;IGREJA NOVA;0037;0187;;não;;
27693;JACUÍPE;0014;0001;;não;;
27693;JACUÍPE;0014;0002;;não;;
27693;JACUÍPE;0014;0003;;não;;
27693;JACUÍPE;0014;0004;;não;;
27693;JACUÍPE;0014;0005;;não;;
27693;JACUÍPE;0014;0006;;não;;
27693;JACUÍPE;0014;0007;;não;;
27693;JACUÍPE;0014;0008;;não;;
27693;JACUÍPE;0014;0009;;não;;
27693;JACUÍPE;0014;0010;;não;;
27693;JACUÍPE;0014;0011;;não;;
27693;JACUÍPE;0014;0012;;não;;
27693;JACUÍPE;0014;0013;;não;;
27693;JACUÍPE;0014;0014;;não;;
27693;JACUÍPE;0014;0108;;não;;
27693;JACUÍPE;0014;0116;;não;;
27693;JACUÍPE;0014;0227;;não;;
27898;MARAGOGI;0014;0124;;não;;
27898;MARAGOGI;0014;0125;;não;;
27898;MARAGOGI;0014;0126;;não;;
27898;MARAGOGI;0014;0127;;não;;
27898;MARAGOGI;0014;0128;;não;;
27898;MARAGOGI;0014;0129;;não;;
27898;MARAGOGI;0014;0130;;não;;
27898;MARAGOGI;0014;0131;;não;;
27898;MARAGOGI;0014;0132;;não;;
27898;MARAGOGI;0014;0133;;não;;
27898;MARAGOGI;0014;0134;;não;;
27898;MARAGOGI;0014;0135;;não;;
27898;MARAGOGI;0014;0136;;não;;
27898;MARAGOGI;0014;0137;;não;;
27898;MARAGOGI;0014;0138;;não;;
27898;MARAGOGI;0014;0139;;não;;
27898;MARAGOGI;0014;0140;;não;;
27898;MARAGOGI;0014;0141;;não;;
27898;MARAGOGI;0014;0142;;não;;
27898;MARAGOGI;0014;0143;;não;;
27898;MARAGOGI;0014;0144;;não;;
27898;MARAGOGI;0014;0145;;não;;
27898;MARAGOGI;0014;0146;;não;;
27898;MARAGOGI;0014;0147;;não;;
27898;MARAGOGI;0014;0148;;não;;
27898;MARAGOGI;0014;0149;;não;;
27898;MARAGOGI;0014;0150;;não;;
27898;MARAGOGI;0014;0151;;não;;
27898;MARAGOGI;0014;0152;;não;;
27898;MARAGOGI;0014;0153;;não;;
27898;MARAGOGI;0014;0154;;não;;
27898;MARAGOGI;0014;0155;;não;;
27898;MARAGOGI;0014;0156;;não;;
27898;MARAGOGI;0014;0158;;não;;
27898;MARAGOGI;0014;0159;;não;;
27898;MARAGOGI;0014;0160;;não;;
27898;MARAGOGI;0014;0161;;não;;
27898;MARAGOGI;0014;0162;;não;;
27898;MARAGOGI;0014;0163;;não;;
27898;MARAGOGI;0014;0164;;não;;
27898;MARAGOGI;0014;0165;;não;;
27898;MARAGOGI;0014;0166;;não;;
27898;MARAGOGI;0014;0167;;não;;
27898;MARAGOGI;0014;0168;;não;;
27898;MARAGOGI;0014;0169;;não;;
27898;MARAGOGI;0014;0170;;não;;
27898;MARAGOGI;0014;0171;;não;;
27898;MARAGOGI;0014;0172;;não;;
27898;MARAGOGI;0014;0173;;não;;
27898;MARAGOGI;0014;0174;;não;;
27898;MARAGOGI;0014;0175;;não;;
27898;MARAGOGI;0014;0176;;não;;
27898;MARAGOGI;0014;0177;;não;;
27898;MARAGOGI;0014;0178;;não;;
27898;MARAGOGI;0014;0179;;não;;
27898;MARAGOGI;0014;0180;;não;;
27898;MARAGOGI;0014;0181;;não;;
27898;MARAGOGI;0014;0183;;não;;
27898;MARAGOGI;0014;0184;;não;;
27898;MARAGOGI;0014;0186;;não;;
27898;MARAGOGI;0014;0209;;não;;
27898;MARAGOGI;0014;0210;;não;;
27898;MARAGOGI;0014;0212;;não;;
27898;MARAGOGI;0014;0214;;não;;
27898;MARAGOGI;0014;0216;;não;;
27898;MARAGOGI;0014;0218;;não;;
27898;MARAGOGI;0014;0225;0229;não;;
27898;MARAGOGI;0014;0226;;não;;
27898;MARAGOGI;0014;0228;;não;;
28010;MATRIZ DE CAMARAGIBE;0012;0190;;não;;
28010;MATRIZ DE CAMARAGIBE;0012;0191;;não;;
28010;MATRIZ DE CAMARAGIBE;0012;0192;;não;;
28010;MATRIZ DE CAMARAGIBE;0012;0193;;não;;
28010;MATRIZ DE CAMARAGIBE;0012;0194;;não;;
28010;MATRIZ DE CAMARAGIBE;0012;0195;;não;;
28010;MATRIZ DE CAMARAGIBE;0012;0196;;não;;
28010;MATRIZ DE CAMARAGIBE;0012;0197;;não;;
28010;MATRIZ DE CAMARAGIBE;0012;0198;;não;;
28010;MATRIZ DE CAMARAGIBE;0012;0199;;não;;
28010;MATRIZ DE CAMARAGIBE;0012;0200;;não;;
28010;MATRIZ DE CAMARAGIBE;0012;0201;;não;;
28010;MATRIZ DE CAMARAGIBE;0012;0202;;não;;
28010;MATRIZ DE CAMARAGIBE;0012;0203;;não;;
28010;MATRIZ DE CAMARAGIBE;0012;0205;;não;;
28010;MATRIZ DE CAMARAGIBE;0012;0207;;não;;
28010;MATRIZ DE CAMARAGIBE;0012;0209;;não;;
28010;MATRIZ DE CAMARAGIBE;0012;0210;;não;;
28010;MATRIZ DE CAMARAGIBE;0012;0211;;não;;
28010;MATRIZ DE CAMARAGIBE;0012;0212;;não;;
28010;MATRIZ DE CAMARAGIBE;0012;0213;;não;;
28010;MATRIZ DE CAMARAGIBE;0012;0214;;não;;
28010;MATRIZ DE CAMARAGIBE;0012;0217;;não;;
28010;MATRIZ DE CAMARAGIBE;0012;0218;;não;;
28010;MATRIZ DE CAMARAGIBE;0012;0221;;não;;
28010;MATRIZ DE CAMARAGIBE;0012;0222;;não;;
28010;MATRIZ DE CAMARAGIBE;0012;0223;;não;;
28010;MATRIZ DE CAMARAGIBE;0012;0224;;não;;
28010;MATRIZ DE CAMARAGIBE;0012;0225;;não;;
28010;MATRIZ DE CAMARAGIBE;0012;0226;;não;;
28010;MATRIZ DE CAMARAGIBE;0012;0227;;não;;
28010;MATRIZ DE CAMARAGIBE;0012;0228;;não;;
28010;MATRIZ DE CAMARAGIBE;0012;0229;;não;;
28010;MATRIZ DE CAMARAGIBE;0012;0230;;não;;
28010;MATRIZ DE CAMARAGIBE;0012;0231;;não;;
28010;MATRIZ DE CAMARAGIBE;0012;0232;;não;;
28010;MATRIZ DE CAMARAGIBE;0012;0233;;não;;
28010;MATRIZ DE CAMARAGIBE;0012;0234;;não;;
28010;MATRIZ DE CAMARAGIBE;0012;0235;;não;;
28010;MATRIZ DE CAMARAGIBE;0012;0236;;não;;
28010;MATRIZ DE CAMARAGIBE;0012;0237;;não;;
28010;MATRIZ DE CAMARAGIBE;0012;0238;;não;;
28010;MATRIZ DE CAMARAGIBE;0012;0239;;não;;
28010;MATRIZ DE CAMARAGIBE;0012;0240;;não;;
28010;MATRIZ DE CAMARAGIBE;0012;0241;;não;;
28010;MATRIZ DE CAMARAGIBE;0012;0242;;não;;
28010;MATRIZ DE CAMARAGIBE;0012;0243;;não;;
28010;MATRIZ DE CAMARAGIBE;0012;0244;;não;;
28010;MATRIZ DE CAMARAGIBE;0012;0245;;não;;
28010;MATRIZ DE CAMARAGIBE;0012;0246;;não;;
28010;MATRIZ DE CAMARAGIBE;0012;0247;;não;;
28010;MATRIZ DE CAMARAGIBE;0012;0248;;não;;
28010;MATRIZ DE CAMARAGIBE;0012;0249;;não;;
28150;OLHO D'ÁGUA DO CASADO;0040;0209;;não;;
28150;OLHO D'ÁGUA DO CASADO;0040;0210;;não;;
28150;OLHO D'ÁGUA DO CASADO;0040;0211;;não;;
28150;OLHO D'ÁGUA DO CASADO;0040;0212;;não;;
28150;OLHO D'ÁGUA DO CASADO;0040;0213;;não;;
28150;OLHO D'ÁGUA DO CASADO;0040;0214;;não;;
28150;OLHO D'ÁGUA DO CASADO;0040;0215;;não;;
28150;OLHO D'ÁGUA DO CASADO;0040;0216;;não;;
28150;OLHO D'ÁGUA DO CASADO;0040;0217;;não;;
28150;OLHO D'ÁGUA DO CASADO;0040;0219;;não;;
28150;OLHO D'ÁGUA DO CASADO;0040;0221;;não;;
28150;OLHO D'ÁGUA DO CASADO;0040;0222;;não;;
28150;OLHO D'ÁGUA DO CASADO;0040;0223;;não;;
28150;OLHO D'ÁGUA DO CASADO;0040;0225;;não;;
28150;OLHO D'ÁGUA DO CASADO;0040;0226;;não;;
28150;OLHO D'ÁGUA DO CASADO;0040;0227;;não;;
28150;OLHO D'ÁGUA DO CASADO;0040;0228;;não;;
28150;OLHO D'ÁGUA DO CASADO;0040;0229;;não;;
28150;OLHO D'ÁGUA DO CASADO;0040;0230;;não;;
28150;OLHO D'ÁGUA DO CASADO;0040;0233;;não;;
28150;OLHO D'ÁGUA DO CASADO;0040;0253;;não;;
28290;PASSO DE CAMARAGIBE;0012;0055;;não;;
28290;PASSO DE CAMARAGIBE;0012;0056;0135;não;;
28290;PASSO DE CAMARAGIBE;0012;0057;;não;;
28290;PASSO DE CAMARAGIBE;0012;0058;;não;;
28290;PASSO DE CAMARAGIBE;0012;0060;;não;;
28290;PASSO DE CAMARAGIBE;0012;0061;;não;;
28290;PASSO DE CAMARAGIBE;0012;0062;;não;;
28290;PASSO DE CAMARAGIBE;0012;0063;;não;;
28290;PASSO DE CAMARAGIBE;0012;0064;;não;;
28290;PASSO DE CAMARAGIBE;0012;0065;;não;;
28290;PASSO DE CAMARAGIBE;0012;0066;;não;;
28290;PASSO DE CAMARAGIBE;0012;0068;;não;;
28290;PASSO DE CAMARAGIBE;0012;0069;;não;;
28290;PASSO DE CAMARAGIBE;0012;0070;;não;;
28290;PASSO DE CAMARAGIBE;0012;0072;0259;não;;
28290;PASSO DE CAMARAGIBE;0012;0073;;não;;
28290;PASSO DE CAMARAGIBE;0012;0074;;não;;
28290;PASSO DE CAMARAGIBE;0012;0076;;não;;
28290;PASSO DE CAMARAGIBE;0012;0077;;não;;
28290;PASSO DE CAMARAGIBE;0012;0081;;não;;
28290;PASSO DE CAMARAGIBE;0012;0090;;não;;
28290;PASSO DE CAMARAGIBE;0012;0091;;não;;
28290;PASSO DE CAMARAGIBE;0012;0104;;não;;
28290;PASSO DE CAMARAGIBE;0012;0106;;não;;
28290;PASSO DE CAMARAGIBE;0012;0107;;não;;
28290;PASSO DE CAMARAGIBE;0012;0120;;não;;
28290;PASSO DE CAMARAGIBE;0012;0121;;não;;
28290;PASSO DE CAMARAGIBE;0012;0124;;não;;
28290;PASSO DE CAMARAGIBE;0012;0130;;não;;
28290;PASSO DE CAMARAGIBE;0012;0131;;não;;
28290;PASSO DE CAMARAGIBE;0012;0133;;não;;
28290;PASSO DE CAMARAGIBE;0012;0136;;não;;
28290;PASSO DE CAMARAGIBE;0012;0137;;não;;
28290;PASSO DE CAMARAGIBE;0012;0138;;não;;
28290;PASSO DE CAMARAGIBE;0012;0140;;não;;
28290;PASSO DE CAMARAGIBE;0012;0186;;não;;
28290;PASSO DE CAMARAGIBE;0012;0188;;não;;
28290;PASSO DE CAMARAGIBE;0012;0255;;não;;
28398;PINDOBA;0005;0093;;não;;
28398;PINDOBA;0005;0096;;não;;
28398;PINDOBA;0005;0097;;não;;
28398;PINDOBA;0005;0098;;não;;
28398;PINDOBA;0005;0099;;sim;04/10/2026;18:14:58
28398;PINDOBA;0005;0100;;não;;
28398;PINDOBA;0005;0101;;não;;
28398;PINDOBA;0005;0103;;não;;
28479;PORTO DE PEDRAS;0012;0141;;não;;
28479;PORTO DE PEDRAS;0012;0142;;não;;
28479;PORTO DE PEDRAS;0012;0143;;não;;
28479;PORTO DE PEDRAS;0012;0144;;não;;
28479;PORTO DE PEDRAS;0012;0145;;não;;
28479;PORTO DE PEDRAS;0012;0146;;não;;
28479;PORTO DE PEDRAS;0012;0148;;não;;
28479;PORTO DE PEDRAS;0012;0149;;não;;
28479;PORTO DE PEDRAS;0012;0150;;não;;
28479;PORTO DE PEDRAS;0012;0151;;não;;
28479;PORTO DE PEDRAS;0012;0152;;não;;
28479;PORTO DE PEDRAS;0012;0153;;não;;
28479;PORTO DE PEDRAS;0012;0154;;não;;
28479;PORTO DE PEDRAS;0012;0155;;não;;
28479;PORTO DE PEDRAS;0012;0156;;não;;
28479;PORTO DE PEDRAS;0012;0157;;não;;
28479;PORTO DE PEDRAS;0012;0158;;não;;
28479;PORTO DE PEDRAS;0012;0160;;não;;
28479;PORTO DE PEDRAS;0012;0161;;não;;
28479;PORTO DE PEDRAS;0012;0187;;não;;
28479;PORTO DE PEDRAS;0012;0253;;não;;
28479;PORTO DE PEDRAS;0012;0256;;não;;
28479;PORTO DE PEDRAS;0012;0258;;não;;
28550;ROTEIRO;0018;0070;;não;;
28550;ROTEIRO;0018;0071;;não;;
28550;ROTEIRO;0018;0072;;não;;
28550;ROTEIRO;0018;0073;;não;;
28550;ROTEIRO;0018;0074;;não;;
28550;ROTEIRO;0018;0075;;não;;
28550;ROTEIRO;0018;0076;;não;;
28550;ROTEIRO;0018;0138;;não;;
28550;ROTEIRO;0018;0147;;não;;
28550;ROTEIRO;0018;0175;;não;;
28550;ROTEIRO;0018;0176;;não;;
28550;ROTEIRO;0018;0196;;não;;
28550;ROTEIRO;0018;0219;;não;;
28550;ROTEIRO;0018;0228;;não;;
28550;ROTEIRO;0018;0260;;não;;
28550;ROTEIRO;0018;0276;;não;;
28550;ROTEIRO;0018;0280;;não;;
28690;SÃO LUÍS DO QUITUNDE;0017;0039;;sim;04/10/2026;17:50:50
28690;SÃO LUÍS DO QUITUNDE;0017;0040;;sim;04/10/2026;17:50:51
28690;SÃO LUÍS DO QUITUNDE;0017;0041;;não;;
28690;SÃO LUÍS DO QUITUNDE;0017;0042;;não;;
28690;SÃO LUÍS DO QUITUNDE;0017;0043;;não;;
28690;SÃO LUÍS DO QUITUNDE;0017;0044;;não;;
28690;SÃO LUÍS DO QUITUNDE;0017;0045;;não;;
28690;SÃO LUÍS DO QUITUNDE;0017;0046;;não;;
28690;SÃO LUÍS DO QUITUNDE;0017;0047;;não;;
28690;SÃO LUÍS DO QUITUNDE;0017;0048;;não;;
28690;SÃO LUÍS DO QUITUNDE;0017;0049;;não;;
28690;SÃO LUÍS DO QUITUNDE;0017;0050;;não;;
28690;SÃO LUÍS DO QUITUNDE;0017;0051;;não;;
28690;SÃO LUÍS DO QUITUNDE;0017;0052;;sim;04/10/2026;18:10:00
28690;SÃO LUÍS DO QUITUNDE;0017;0054;;não;;
28690;SÃO LUÍS DO QUITUNDE;0017;0055;;não;;
28690;SÃO LUÍS DO QUITUNDE;0017;0056;;sim;04/10/2026;18:10:10
28690;SÃO LUÍS DO QUITUNDE;0017;0057;;sim;04/10/2026;18:10:01
28690;SÃO LUÍS DO QUITUNDE;0017;0058;;sim;04/10/2026;18:10:07
28690;SÃO LUÍS DO QUITUNDE;0017;0059;;não;;
28690;SÃO LUÍS DO QUITUNDE;0017;0060;;não;;
28690;SÃO LUÍS DO QUITUNDE;0017;0061;;não;;
28690;SÃO LUÍS DO QUITUNDE;0017;0062;;não;;
28690;SÃO LUÍS DO QUITUNDE;0017;0063;;não;;
28690;SÃO LUÍS DO QUITUNDE;0017;0064;;não;;
28690;SÃO LUÍS DO QUITUNDE;0017;0065;;não;;
28690;SÃO LUÍS DO QUITUNDE;0017;0066;;não;;
28690;SÃO LUÍS DO QUITUNDE;0017;0067;;não;;
28690;SÃO LUÍS DO QUITUNDE;0017;0068;;não;;
28690;SÃO LUÍS DO QUITUNDE;0017;0069;;não;;
28690;SÃO LUÍS DO QUITUNDE;0017;0082;;não;;
28690;SÃO LUÍS DO QUITUNDE;0017;0083;;não;;
28690;SÃO LUÍS DO QUITUNDE;0017;0084;;não;;
28690;SÃO LUÍS DO QUITUNDE;0017;0085;;não;;
28690;SÃO LUÍS DO QUITUNDE;0017;0086;;não;;
28690;SÃO LUÍS DO QUITUNDE;0017;0087;;não;;
28690;SÃO LUÍS DO QUITUNDE;0017;0088;;não;;
28690;SÃO LUÍS DO QUITUNDE;0017;0101;;não;;
28690;SÃO LUÍS DO QUITUNDE;0017;0102;;não;;
28690;SÃO LUÍS DO QUITUNDE;0017;0103;;não;;
28690;SÃO LUÍS DO QUITUNDE;0017;0104;;não;;
28690;SÃO LUÍS DO QUITUNDE;0017;0105;;não;;
28690;SÃO LUÍS DO QUITUNDE;0017;0106;;não;;
28690;SÃO LUÍS DO QUITUNDE;0017;0107;;não;;
28690;SÃO LUÍS DO QUITUNDE;0017;0108;;não;;
28690;SÃO LUÍS DO QUITUNDE;0017;0109;;não;;
28690;SÃO LUÍS DO QUITUNDE;0017;0110;;não;;
28690;SÃO LUÍS DO QUITUNDE;0017;0111;;sim;04/10/2026;18:10:08
28690;SÃO LUÍS DO QUITUNDE;0017;0118;;não;;
28690;SÃO LUÍS DO QUITUNDE;0017;0125;;não;;
28690;SÃO LUÍS DO QUITUNDE;0017;0126;;não;;
28690;SÃO LUÍS DO QUITUNDE;0017;0127;;não;;
28690;SÃO LUÍS DO QUITUNDE;0017;0128;;sim;04/10/2026;18:10:02
28690;SÃO LUÍS DO QUITUNDE;0017;0129;;não;;
28690;SÃO LUÍS DO QUITUNDE;0017;0130;;não;;
28690;SÃO LUÍS DO QUITUNDE;0017;0137;;não;;
28690;SÃO LUÍS DO QUITUNDE;0017;0138;;não;;
28690;SÃO LUÍS DO QUITUNDE;0017;0141;;não;;
28690;SÃO LUÍS DO QUITUNDE;0017;0150;;não;;
28690;SÃO LUÍS DO QUITUNDE;0017;0155;;não;;
28690;SÃO LUÍS DO QUITUNDE;0017;0158;;sim;04/10/2026;17:50:52
28690;SÃO LUÍS DO QUITUNDE;0017;0161;;não;;
28690;SÃO LUÍS DO QUITUNDE;0017;0162;;sim;04/10/2026;17:50:56
28690;SÃO LUÍS DO QUITUNDE;0017;0164;;sim;04/10/2026;17:51:41
28690;SÃO LUÍS DO QUITUNDE;0017;0167;;não;;
28690;SÃO LUÍS DO QUITUNDE;0017;0172;;não;;
28690;SÃO LUÍS DO QUITUNDE;0017;0173;;não;;
28690;SÃO LUÍS DO QUITUNDE;0017;0175;;não;;
28690;SÃO LUÍS DO QUITUNDE;0017;0177;;sim;04/10/2026;17:51:35
28690;SÃO LUÍS DO QUITUNDE;0017;0179;;não;;
28690;SÃO LUÍS DO QUITUNDE;0017;0189;;não;;
28754;SÃO SEBASTIÃO;0049;0001;;não;;
28754;SÃO SEBASTIÃO;0049;0002;;não;;
28754;SÃO SEBASTIÃO;0049;0003;;não;;
28754;SÃO SEBASTIÃO;0049;0004;;não;;
28754;SÃO SEBASTIÃO;0049;0005;;não;;
28754;SÃO SEBASTIÃO;0049;0006;;não;;
28754;SÃO SEBASTIÃO;0049;0007;;não;;
28754;SÃO SEBASTIÃO;0049;0008;;não;;
28754;SÃO SEBASTIÃO;0049;0009;;não;;
28754;SÃO SEBASTIÃO;0049;0010;;não;;
28754;SÃO SEBASTIÃO;0049;0011;;não;;
28754;SÃO SEBASTIÃO;0049;0012;;não;;
28754;SÃO SEBASTIÃO;0049;0013;;não;;
28754;SÃO SEBASTIÃO;0049;0014;;não;;
28754;SÃO SEBASTIÃO;0049;0015;;não;;
28754;SÃO SEBASTIÃO;0049;0016;;não;;
28754;SÃO SEBASTIÃO;0049;0017;;não;;
28754;SÃO SEBASTIÃO;0049;0018;;não;;
28754;SÃO SEBASTIÃO;0049;0019;;não;;
28754;SÃO SEBASTIÃO;0049;0020;;não;;
28754;SÃO SEBASTIÃO;0049;0021;;não;;
28754;SÃO SEBASTIÃO;0049;0022;;não;;
28754;SÃO SEBASTIÃO;0049;0023;;não;;
28754;SÃO SEBASTIÃO;0049;0024;;não;;
28754;SÃO SEBASTIÃO;0049;0025;;não;;
28754;SÃO SEBASTIÃO;0049;0026;;não;;
28754;SÃO SEBASTIÃO;0049;0027;;não;;
28754;SÃO SEBASTIÃO;0049;0028;;não;;
28754;SÃO SEBASTIÃO;0049;0029;;não;;
28754;SÃO SEBASTIÃO;0049;0030;;não;;
28754;SÃO SEBASTIÃO;0049;0031;;não;;
28754;SÃO SEBASTIÃO;0049;0032;;não;;
28754;SÃO SEBASTIÃO;0049;0033;;não;;
28754;SÃO SEBASTIÃO;0049;0034;;não;;
28754;SÃO SEBASTIÃO;0049;0035;;não;;
28754;SÃO SEBASTIÃO;0049;0037;;não;;
28754;SÃO SEBASTIÃO;0049;0038;;não;;
28754;SÃO SEBASTIÃO;0049;0039;;não;;
28754;SÃO SEBASTIÃO;0049;0040;;não;;
28754;SÃO SEBASTIÃO;0049;0041;;não;;
28754;SÃO SEBASTIÃO;0049;0043;;não;;
28754;SÃO SEBASTIÃO;0049;0044;;não;;
28754;SÃO SEBASTIÃO;0049;0045;;não;;
28754;SÃO SEBASTIÃO;0049;0046;;não;;
28754;SÃO SEBASTIÃO;0049;0047;;não;;
28754;SÃO SEBASTIÃO;0049;0048;;não;;
28754;SÃO SEBASTIÃO;0049;0049;;não;;
28754;SÃO SEBASTIÃO;0049;0050;;não;;
28754;SÃO SEBASTIÃO;0049;0051;;não;;
28754;SÃO SEBASTIÃO;0049;0052;;não;;
28754;SÃO SEBASTIÃO;0049;0053;;não;;
28754;SÃO SEBASTIÃO;0049;0054;;não;;
28754;SÃO SEBASTIÃO;0049;0057;;não;;
28754;SÃO SEBASTIÃO;0049;0058;;não;;
28754;SÃO SEBASTIÃO;0049;0059;;não;;
28754;SÃO SEBASTIÃO;0049;0060;;não;;
28754;SÃO SEBASTIÃO;0049;0061;;não;;
28754;SÃO SEBASTIÃO;0049;0062;;não;;
28754;SÃO SEBASTIÃO;0049;0063;;não;;
28754;SÃO SEBASTIÃO;0049;0064;;não;;
28754;SÃO SEBASTIÃO;0049;0065;;não;;
28754;SÃO SEBASTIÃO;0049;0066;;não;;
28754;SÃO SEBASTIÃO;0049;0067;;não;;
28754;SÃO SEBASTIÃO;0049;0068;;não;;
28754;SÃO SEBASTIÃO;0049;0069;;não;;
28754;SÃO SEBASTIÃO;0049;0070;;não;;
28754;SÃO SEBASTIÃO;0049;0071;;não;;
28754;SÃO SEBASTIÃO;0049;0072;;não;;
28754;SÃO SEBASTIÃO;0049;0124;;não;;
28754;SÃO SEBASTIÃO;0049;0125;;não;;
28754;SÃO SEBASTIÃO;0049;0126;;não;;
28754;SÃO SEBASTIÃO;0049;0127;;não;;
28754;SÃO SEBASTIÃO;0049;0132;;não;;
28754;SÃO SEBASTIÃO;0049;0135;;não;;
28851;UNIÃO DOS PALMARES;0021;0023;;não;;
28851;UNIÃO DOS PALMARES;0021;0024;;não;;
28851;UNIÃO DOS PALMARES;0021;0025;;não;;
28851;UNIÃO DOS PALMARES;0021;0026;;não;;
28851;UNIÃO DOS PALMARES;0021;0027;;não;;
28851;UNIÃO DOS PALMARES;0021;0028;;não;;
28851;UNIÃO DOS PALMARES;0021;0029;;não;;
28851;UNIÃO DOS PALMARES;0021;0030;;não;;
28851;UNIÃO DOS PALMARES;0021;0031;;não;;
28851;UNIÃO DOS PALMARES;0021;0032;;não;;
28851;UNIÃO DOS PALMARES;0021;0033;;não;;
28851;UNIÃO DOS PALMARES;0021;0034;;não;;
28851;UNIÃO DOS PALMARES;0021;0035;;não;;
28851;UNIÃO DOS PALMARES;0021;0036;;não;;
28851;UNIÃO DOS PALMARES;0021;0037;;não;;
28851;UNIÃO DOS PALMARES;0021;0038;;não;;
28851;UNIÃO DOS PALMARES;0021;0039;;não;;
28851;UNIÃO DOS PALMARES;0021;0040;;não;;
28851;UNIÃO DOS PALMARES;0021;0041;;não;;
28851;UNIÃO DOS PALMARES;0021;0042;;não;;
28851;UNIÃO DOS PALMARES;0021;0043;;não;;
28851;UNIÃO DOS PALMARES;0021;0044;;não;;
28851;UNIÃO DOS PALMARES;0021;0045;;não;;
28851;UNIÃO DOS PALMARES;0021;0046;;não;;
28851;UNIÃO DOS PALMARES;0021;0047;;não;;
28851;UNIÃO DOS PALMARES;0021;0048;;não;;
28851;UNIÃO DOS PALMARES;0021;0049;;não;;
28851;UNIÃO DOS PALMARES;0021;0050;;não;;
28851;UNIÃO DOS PALMARES;0021;0051;;não;;
28851;UNIÃO DOS PALMARES;0021;0052;;não;;
28851;UNIÃO DOS PALMARES;0021;0053;;não;;
28851;UNIÃO DOS PALMARES;0021;0054;;não;;
28851;UNIÃO DOS PALMARES;0021;0055;;não;;
28851;UNIÃO DOS PALMARES;0021;0056;;não;;
28851;UNIÃO DOS PALMARES;0021;0057;;não;;
28851;UNIÃO DOS PALMARES;0021;0058;;não;;
28851;UNIÃO DOS PALMARES;0021;0059;;não;;
28851;UNIÃO DOS PALMARES;0021;0060;;não;;
28851;UNIÃO DOS PALMARES;0021;0061;;não;;
28851;UNIÃO DOS PALMARES;0021;0062;;não;;
28851;UNIÃO DOS PALMARES;0021;0063;;não;;
28851;UNIÃO DOS PALMARES;0021;0064;;não;;
28851;UNIÃO DOS PALMARES;0021;0065;;não;;
28851;UNIÃO DOS PALMARES;0021;0066;;não;;
28851;UNIÃO DOS PALMARES;0021;0067;;não;;
28851;UNIÃO DOS PALMARES;0021;0068;;não;;
28851;UNIÃO DOS PALMARES;0021;0069;;não;;
28851;UNIÃO DOS PALMARES;0021;0070;;não;;
28851;UNIÃO DOS PALMARES;0021;0071;;não;;
28851;UNIÃO DOS PALMARES;0021;0072;;não;;
28851;UNIÃO DOS PALMARES;0021;0073;;não;;
28851;UNIÃO DOS PALMARES;0021;0074;;não;;
28851;UNIÃO DOS PALMARES;0021;0075;;não;;
28851;UNIÃO DOS PALMARES;0021;0076;;não;;
28851;UNIÃO DOS PALMARES;0021;0077;;não;;
28851;UNIÃO DOS PALMARES;0021;0078;;não;;
28851;UNIÃO DOS PALMARES;0021;0079;;não;;
28851;UNIÃO DOS PALMARES;0021;0080;;não;;
28851;UNIÃO DOS PALMARES;0021;0081;;não;;
28851;UNIÃO DOS PALMARES;0021;0082;;não;;
28851;UNIÃO DOS PALMARES;0021;0083;;sim;04/10/2026;18:29:05
28851;UNIÃO DOS PALMARES;0021;0085;;não;;
28851;UNIÃO DOS PALMARES;0021;0086;;não;;
28851;UNIÃO DOS PALMARES;0021;0089;;não;;
28851;UNIÃO DOS PALMARES;0021;0091;;não;;
28851;UNIÃO DOS PALMARES;0021;0093;;não;;
28851;UNIÃO DOS PALMARES;0021;0094;;não;;
28851;UNIÃO DOS PALMARES;0021;0095;;não;;
28851;UNIÃO DOS PALMARES;0021;0096;;sim;04/10/2026;18:28:56
28851;UNIÃO DOS PALMARES;0021;0097;;sim;04/10/2026;18:28:07
28851;UNIÃO DOS PALMARES;0021;0098;;não;;
28851;UNIÃO DOS PALMARES;0021;0099;;não;;
28851;UNIÃO DOS PALMARES;0021;0100;;não;;
28851;UNIÃO DOS PALMARES;0021;0101;;não;;
28851;UNIÃO DOS PALMARES;0021;0102;;não;;
28851;UNIÃO DOS PALMARES;0021;0104;;não;;
28851;UNIÃO DOS PALMARES;0021;0109;;não;;
28851;UNIÃO DOS PALMARES;0021;0110;;não;;
28851;UNIÃO DOS PALMARES;0021;0111;;não;;
28851;UNIÃO DOS PALMARES;0021;0112;;não;;
28851;UNIÃO DOS PALMARES;0021;0113;;não;;
28851;UNIÃO DOS PALMARES;0021;0114;;não;;
28851;UNIÃO DOS PALMARES;0021;0121;0120;sim;04/10/2026;18:28:58
28851;UNIÃO DOS PALMARES;0021;0122;;sim;04/10/2026;18:29:07
28851;UNIÃO DOS PALMARES;0021;0123;;não;;
28851;UNIÃO DOS PALMARES;0021;0125;;não;;
28851;UNIÃO DOS PALMARES;0021;0126;;não;;
28851;UNIÃO DOS PALMARES;0021;0127;;não;;
28851;UNIÃO DOS PALMARES;0021;0128;;não;;
28851;UNIÃO DOS PALMARES;0021;0130;;não;;
28851;UNIÃO DOS PALMARES;0021;0131;;não;;
28851;UNIÃO DOS PALMARES;0021;0133;;não;;
28851;UNIÃO DOS PALMARES;0021;0134;;não;;
28851;UNIÃO DOS PALMARES;0021;0135;;não;;
28851;UNIÃO DOS PALMARES;0021;0136;;não;;
28851;UNIÃO DOS PALMARES;0021;0138;;não;;
28851;UNIÃO DOS PALMARES;0021;0139;;não;;
28851;UNIÃO DOS PALMARES;0021;0140;;não;;
28851;UNIÃO DOS PALMARES;0021;0141;;não;;
28851;UNIÃO DOS PALMARES;0021;0142;;sim;04/10/2026;18:28:06
28851;UNIÃO DOS PALMARES;0021;0143;;não;;
28851;UNIÃO DOS PALMARES;0021;0144;;não;;
28851;UNIÃO DOS PALMARES;0021;0145;;não;;
28851;UNIÃO DOS PALMARES;0021;0146;;não;;
28851;UNIÃO DOS PALMARES;0021;0148;;não;;
28851;UNIÃO DOS PALMARES;0021;0149;;não;;
28851;UNIÃO DOS PALMARES;0021;0150;;não;;
28851;UNIÃO DOS PALMARES;0021;0151;;não;;
28851;UNIÃO DOS PALMARES;0021;0152;;não;;
28851;UNIÃO DOS PALMARES;0021;0162;;não;;
28851;UNIÃO DOS PALMARES;0021;0167;;sim;04/10/2026;18:29:05
28851;UNIÃO DOS PALMARES;0021;0172;;não;;
28851;UNIÃO DOS PALMARES;0021;0173;;não;;
28851;UNIÃO DOS PALMARES;0021;0174;;não;;
28851;UNIÃO DOS PALMARES;0021;0175;;não;;
28851;UNIÃO DOS PALMARES;0021;0176;;não;;
28851;UNIÃO DOS PALMARES;0021;0177;;não;;
28851;UNIÃO DOS PALMARES;0021;0178;;não;;
28851;UNIÃO DOS PALMARES;0021;0179;;não;;
28851;UNIÃO DOS PALMARES;0021;0180;;não;;
28851;UNIÃO DOS PALMARES;0021;0181;;não;;
28851;UNIÃO DOS PALMARES;0021;0182;;não;;
28851;UNIÃO DOS PALMARES;0021;0183;;não;;
28851;UNIÃO DOS PALMARES;0021;0185;;não;;
28851;UNIÃO DOS PALMARES;0021;0186;;não;;
28851;UNIÃO DOS PALMARES;0021;0187;;não;;
28851;UNIÃO DOS PALMARES;0021;0189;;não;;
28851;UNIÃO DOS PALMARES;0021;0190;;não;;
28851;UNIÃO DOS PALMARES;0021;0193;;não;;
28851;UNIÃO DOS PALMARES;0021;0400;;não;;
28851;UNIÃO DOS PALMARES;0021;0401;;não;;
28851;UNIÃO DOS PALMARES;0021;0402;;não;;
28851;UNIÃO DOS PALMARES;0021;0403;;não;;
28851;UNIÃO DOS PALMARES;0021;0404;;não;;
28851;UNIÃO DOS PALMARES;0021;0406;;sim;04/10/2026;18:28:44
28851;UNIÃO DOS PALMARES;0021;0407;;não;;
28851;UNIÃO DOS PALMARES;0021;0408;;não;;
28851;UNIÃO DOS PALMARES;0021;0411;;não;;
28851;UNIÃO DOS PALMARES;0021;0412;;não;;
28851;UNIÃO DOS PALMARES;0021;0413;;não;;
28894;CRAÍBAS;0031;0100;;não;;
28894;CRAÍBAS;0031;0101;;não;;
28894;CRAÍBAS;0031;0102;;não;;
28894;CRAÍBAS;0031;0103;;não;;
28894;CRAÍBAS;0031;0104;;não;;
28894;CRAÍBAS;0031;0105;;não;;
28894;CRAÍBAS;0031;0106;;não;;
28894;CRAÍBAS;0031;0107;;não;;
28894;CRAÍBAS;0031;0108;;não;;
28894;CRAÍBAS;0031;0109;;não;;
28894;CRAÍBAS;0031;0110;;não;;
28894;CRAÍBAS;0031;0111;;não;;
28894;CRAÍBAS;0031;0112;;não;;
28894;CRAÍBAS;0031;0113;;não;;
28894;CRAÍBAS;0031;0114;;não;;
28894;CRAÍBAS;0031;0115;;não;;
28894;CRAÍBAS;0031;0116;;não;;
28894;CRAÍBAS;0031;0117;;não;;
28894;CRAÍBAS;0031;0118;;não;;
28894;CRAÍBAS;0031;0119;;não;;
28894;CRAÍBAS;0031;0120;;não;;
28894;CRAÍBAS;0031;0121;;não;;
28894;CRAÍBAS;0031;0122;;não;;
28894;CRAÍBAS;0031;0124;;não;;
28894;CRAÍBAS;0031;0125;;não;;
28894;CRAÍBAS;0031;0128;;não;;
28894;CRAÍBAS;0031;0129;;não;;
28894;CRAÍBAS;0031;0130;;não;;
28894;CRAÍBAS;0031;0131;;não;;
28894;CRAÍBAS;0031;0132;;não;;
28894;CRAÍBAS;0031;0133;;não;;
28894;CRAÍBAS;0031;0134;;não;;
28894;CRAÍBAS;0031;0135;;não;;
28894;CRAÍBAS;0031;0136;;não;;
28894;CRAÍBAS;0031;0137;;não;;
28894;CRAÍBAS;0031;0138;;não;;
28894;CRAÍBAS;0031;0139;;não;;
28894;CRAÍBAS;0031;0140;;não;;
28894;CRAÍBAS;0031;0141;;não;;
28894;CRAÍBAS;0031;0142;;não;;
28894;CRAÍBAS;0031;0143;;não;;
28894;CRAÍBAS;0031;0144;;não;;
28894;CRAÍBAS;0031;0145;;sim;04/10/2026;18:31:55
28894;CRAÍBAS;0031;0147;;não;;
28894;CRAÍBAS;0031;0148;;não;;
28894;CRAÍBAS;0031;0149;;não;;
28894;CRAÍBAS;0031;0150;;não;;
28894;CRAÍBAS;0031;0151;;não;;
28894;CRAÍBAS;0031;0152;;não;;
28894;CRAÍBAS;0031;0153;;sim;04/10/2026;18:29:54
28894;CRAÍBAS;0031;0154;;não;;
28894;CRAÍBAS;0031;0155;;não;;
28894;CRAÍBAS;0031;0156;;não;;
28894;CRAÍBAS;0031;0157;;não;;
28894;CRAÍBAS;0031;0158;;não;;
28894;CRAÍBAS;0031;0159;;não;;
28894;CRAÍBAS;0031;0161;;não;;
28894;CRAÍBAS;0031;0164;;não;;
28894;CRAÍBAS;0031;0165;;não;;
27065;JEQUIÁ DA PRAIA;0018;0104;;não;;
27065;JEQUIÁ DA PRAIA;0018;0105;;não;;
27065;JEQUIÁ DA PRAIA;0018;0106;;não;;
27065;JEQUIÁ DA PRAIA;0018;0185;;não;;
27065;JEQUIÁ DA PRAIA;0018;0186;;não;;
27065;JEQUIÁ DA PRAIA;0018;0187;;não;;
27065;JEQUIÁ DA PRAIA;0018;0188;;não;;
27065;JEQUIÁ DA PRAIA;0018;0189;;não;;
27065;JEQUIÁ DA PRAIA;0018;0190;;não;;
27065;JEQUIÁ DA PRAIA;0018;0191;;não;;
27065;JEQUIÁ DA PRAIA;0018;0192;;não;;
27065;JEQUIÁ DA PRAIA;0018;0194;;não;;
27065;JEQUIÁ DA PRAIA;0018;0205;;não;;
27065;JEQUIÁ DA PRAIA;0018;0206;;não;;
27065;JEQUIÁ DA PRAIA;0018;0207;;não;;
27065;JEQUIÁ DA PRAIA;0018;0208;;não;;
27065;JEQUIÁ DA PRAIA;0018;0209;;não;;
27065;JEQUIÁ DA PRAIA;0018;0210;;não;;
27065;JEQUIÁ DA PRAIA;0018;0216;;não;;
27065;JEQUIÁ DA PRAIA;0018;0218;;não;;
27065;JEQUIÁ DA PRAIA;0018;0230;;não;;
27065;JEQUIÁ DA PRAIA;0018;0277;;não;;
27065;JEQUIÁ DA PRAIA;0018;0278;;não;;
27065;JEQUIÁ DA PRAIA;0018;0282;;não;;
27073;ATALAIA;0006;0001;;não;;
27073;ATALAIA;0006;0002;;não;;
27073;ATALAIA;0006;0004;;não;;
27073;ATALAIA;0006;0006;;não;;
27073;ATALAIA;0006;0007;;não;;
27073;ATALAIA;0006;0008;;não;;
27073;ATALAIA;0006;0010;;não;;
27073;ATALAIA;0006;0012;;não;;
27073;ATALAIA;0006;0014;;não;;
27073;ATALAIA;0006;0016;;não;;
27073;ATALAIA;0006;0018;;não;;
27073;ATALAIA;0006;0020;;não;;
27073;ATALAIA;0006;0022;;não;;
27073;ATALAIA;0006;0023;;não;;
27073;ATALAIA;0006;0024;;não;;
27073;ATALAIA;0006;0025;;não;;
27073;ATALAIA;0006;0030;;não;;
27073;ATALAIA;0006;0031;;não;;
27073;ATALAIA;0006;0032;;não;;
27073;ATALAIA;0006;0033;;não;;
27073;ATALAIA;0006;0034;;não;;
27073;ATALAIA;0006;0035;;não;;
27073;ATALAIA;0006;0037;;não;;
27073;ATALAIA;0006;0039;;não;;
27073;ATALAIA;0006;0040;;não;;
27073;ATALAIA;0006;0041;;não;;
27073;ATALAIA;0006;0042;;não;;
27073;ATALAIA;0006;0043;;não;;
27073;ATALAIA;0006;0044;;não;;
27073;ATALAIA;0006;0045;;não;;
27073;ATALAIA;0006;0046;;não;;
27073;ATALAIA;0006;0047;;não;;
27073;ATALAIA;0006;0048;;não;;
27073;ATALAIA;0006;0049;;não;;
27073;ATALAIA;0006;0050;;não;;
27073;ATALAIA;0006;0051;;não;;
27073;ATALAIA;0006;0052;;não;;
27073;ATALAIA;0006;0053;;não;;
27073;ATALAIA;0006;0054;;não;;
27073;ATALAIA;0006;0055;;não;;
27073;ATALAIA;0006;0056;;não;;
27073;ATALAIA;0006;0058;;não;;
27073;ATALAIA;0006;0060;;não;;
27073;ATALAIA;0006;0061;;não;;
27073;ATALAIA;0006;0062;;não;;
27073;ATALAIA;0006;0063;;não;;
27073;ATALAIA;0006;0064;;não;;
27073;ATALAIA;0006;0065;;não;;
27073;ATALAIA;0006;0068;;não;;
27073;ATALAIA;0006;0069;;não;;
27073;ATALAIA;0006;0070;;não;;
27073;ATALAIA;0006;0072;;não;;
27073;ATALAIA;0006;0073;;não;;
27073;ATALAIA;0006;0075;;não;;
27073;ATALAIA;0006;0076;;não;;
27073;ATALAIA;0006;0077;;não;;
27073;ATALAIA;0006;0078;;não;;
27073;ATALAIA;0006;0079;;não;;
27073;ATALAIA;0006;0084;;não;;
27073;ATALAIA;0006;0085;;não;;
27073;ATALAIA;0006;0087;;não;;
27073;ATALAIA;0006;0090;;não;;
27073;ATALAIA;0006;0092;;não;;
27073;ATALAIA;0006;0093;;não;;
27073;ATALAIA;0006;0094;;não;;
27073;ATALAIA;0006;0095;;não;;
27073;ATALAIA;0006;0096;;não;;
27073;ATALAIA;0006;0097;;não;;
27073;ATALAIA;0006;0098;;não;;
27073;ATALAIA;0006;0099;;não;;
27073;ATALAIA;0006;0100;;não;;
27073;ATALAIA;0006;0101;;não;;
27073;ATALAIA;0006;0102;;não;;
27073;ATALAIA;0006;0103;;não;;
27073;ATALAIA;0006;0104;;não;;
27073;ATALAIA;0006;0105;;não;;
27073;ATALAIA;0006;0106;;não;;
27073;ATALAIA;0006;0107;;não;;
27073;ATALAIA;0006;0108;;não;;
27073;ATALAIA;0006;0109;;não;;
27073;ATALAIA;0006;0110;;não;;
27073;ATALAIA;0006;0111;;não;;
27073;ATALAIA;0006;0112;;não;;
27073;ATALAIA;0006;0113;;não;;
27073;ATALAIA;0006;0114;;não;;
27073;ATALAIA;0006;0115;;não;;
27073;ATALAIA;0006;0116;;não;;
27073;ATALAIA;0006;0117;;não;;
27073;ATALAIA;0006;0118;;não;;
27073;ATALAIA;0006;0119;;não;;
27073;ATALAIA;0006;0120;;não;;
27073;ATALAIA;0006;0121;;não;;
27073;ATALAIA;0006;0122;;não;;
27073;ATALAIA;0006;0123;;não;;
27073;ATALAIA;0006;0124;;não;;
27073;ATALAIA;0006;0125;;não;;
27073;ATALAIA;0006;0126;;não;;
27073;ATALAIA;0006;0127;;não;;
27073;ATALAIA;0006;0171;;não;;
27073;ATALAIA;0006;0172;;não;;
27073;ATALAIA;0006;0173;;não;;
27073;ATALAIA;0006;0174;;não;;
27073;ATALAIA;0006;0175;;não;;
27073;ATALAIA;0006;0176;;não;;
27073;ATALAIA;0006;0177;0188, 0191;não;;
27073;ATALAIA;0006;0178;;não;;
27073;ATALAIA;0006;0179;;não;;
27073;ATALAIA;0006;0180;;não;;
27073;ATALAIA;0006;0181;;não;;
27073;ATALAIA;0006;0183;;não;;
27073;ATALAIA;0006;0185;;não;;
27073;ATALAIA;0006;0186;;não;;
27073;ATALAIA;0006;0190;;não;;
27090;BARRA DE SANTO ANTÔNIO;0017;0001;;não;;
27090;BARRA DE SANTO ANTÔNIO;0017;0002;;não;;
27090;BARRA DE SANTO ANTÔNIO;0017;0003;;não;;
27090;BARRA DE SANTO ANTÔNIO;0017;0004;;não;;
27090;BARRA DE SANTO ANTÔNIO;0017;0005;;não;;
27090;BARRA DE SANTO ANTÔNIO;0017;0006;;não;;
27090;BARRA DE SANTO ANTÔNIO;0017;0007;;não;;
27090;BARRA DE SANTO ANTÔNIO;0017;0010;;não;;
27090;BARRA DE SANTO ANTÔNIO;0017;0070;;não;;
27090;BARRA DE SANTO ANTÔNIO;0017;0071;;não;;
27090;BARRA DE SANTO ANTÔNIO;0017;0076;;não;;
27090;BARRA DE SANTO ANTÔNIO;0017;0077;;não;;
27090;BARRA DE SANTO ANTÔNIO;0017;0089;;não;;
27090;BARRA DE SANTO ANTÔNIO;0017;0090;;não;;
27090;BARRA DE SANTO ANTÔNIO;0017;0091;;não;;
27090;BARRA DE SANTO ANTÔNIO;0017;0122;;não;;
27090;BARRA DE SANTO ANTÔNIO;0017;0123;;não;;
27090;BARRA DE SANTO ANTÔNIO;0017;0131;;não;;
27090;BARRA DE SANTO ANTÔNIO;0017;0139;;não;;
27090;BARRA DE SANTO ANTÔNIO;0017;0140;;não;;
27090;BARRA DE SANTO ANTÔNIO;0017;0142;;não;;
27090;BARRA DE SANTO ANTÔNIO;0017;0143;;não;;
27090;BARRA DE SANTO ANTÔNIO;0017;0144;;não;;
27090;BARRA DE SANTO ANTÔNIO;0017;0146;;não;;
27090;BARRA DE SANTO ANTÔNIO;0017;0147;;não;;
27090;BARRA DE SANTO ANTÔNIO;0017;0148;;não;;
27090;BARRA DE SANTO ANTÔNIO;0017;0149;;não;;
27090;BARRA DE SANTO ANTÔNIO;0017;0151;;não;;
27090;BARRA DE SANTO ANTÔNIO;0017;0152;;não;;
27090;BARRA DE SANTO ANTÔNIO;0017;0153;;não;;
27090;BARRA DE SANTO ANTÔNIO;0017;0154;;não;;
27090;BARRA DE SANTO ANTÔNIO;0017;0156;;não;;
27090;BARRA DE SANTO ANTÔNIO;0017;0159;;não;;
27090;BARRA DE SANTO ANTÔNIO;0017;0169;;não;;
27090;BARRA DE SANTO ANTÔNIO;0017;0176;;não;;
27090;BARRA DE SANTO ANTÔNIO;0017;0180;;não;;
27090;BARRA DE SANTO ANTÔNIO;0017;0184;;não;;
27090;BARRA DE SANTO ANTÔNIO;0017;0185;;não;;
27090;BARRA DE SANTO ANTÔNIO;0017;0186;;não;;
27090;BARRA DE SANTO ANTÔNIO;0017;0188;;não;;
27090;BARRA DE SANTO ANTÔNIO;0017;0190;;não;;
27197;BOCA DA MATA;0048;0001;;não;;
27197;BOCA DA MATA;0048;0002;;não;;
27197;BOCA DA MATA;0048;0003;;não;;
27197;BOCA DA MATA;0048;0004;;não;;
27197;BOCA DA MATA;0048;0005;;não;;
27197;BOCA DA MATA;0048;0006;;não;;
27197;BOCA DA MATA;0048;0007;;sim;04/10/2026;18:32:08
27197;BOCA DA MATA;0048;0008;;sim;04/10/2026;18:32:10
27197;BOCA DA MATA;0048;0009;;sim;04/10/2026;18:32:05
27197;BOCA DA MATA;0048;0010;;não;;
27197;BOCA DA MATA;0048;0011;;sim;04/10/2026;18:31:49
27197;BOCA DA MATA;0048;0012;;não;;
27197;BOCA DA MATA;0048;0013;;não;;
27197;BOCA DA MATA;0048;0014;;não;;
27197;BOCA DA MATA;0048;0015;;não;;
27197;BOCA DA MATA;0048;0016;;não;;
27197;BOCA DA MATA;0048;0017;;não;;
27197;BOCA DA MATA;0048;0018;;não;;
27197;BOCA DA MATA;0048;0019;;não;;
27197;BOCA DA MATA;0048;0020;;não;;
27197;BOCA DA MATA;0048;0021;;não;;
27197;BOCA DA MATA;0048;0022;;não;;
27197;BOCA DA MATA;0048;0023;;não;;
27197;BOCA DA MATA;0048;0024;;não;;
27197;BOCA DA MATA;0048;0025;;não;;
27197;BOCA DA MATA;0048;0026;;não;;
27197;BOCA DA MATA;0048;0027;;não;;
27197;BOCA DA MATA;0048;0028;;não;;
27197;BOCA DA MATA;0048;0029;;não;;
27197;BOCA DA MATA;0048;0030;;não;;
27197;BOCA DA MATA;0048;0031;;não;;
27197;BOCA DA MATA;0048;0032;;não;;
27197;BOCA DA MATA;0048;0033;;não;;
27197;BOCA DA MATA;0048;0034;;não;;
27197;BOCA DA MATA;0048;0035;;não;;
27197;BOCA DA MATA;0048;0036;;não;;
27197;BOCA DA MATA;0048;0037;;não;;
27197;BOCA DA MATA;0048;0038;;não;;
27197;BOCA DA MATA;0048;0039;;não;;
27197;BOCA DA MATA;0048;0040;;não;;
27197;BOCA DA MATA;0048;0041;;não;;
27197;BOCA DA MATA;0048;0042;;não;;
27197;BOCA DA MATA;0048;0043;;não;;
27197;BOCA DA MATA;0048;0044;;não;;
27197;BOCA DA MATA;0048;0046;;não;;
27197;BOCA DA MATA;0048;0047;;não;;
27197;BOCA DA MATA;0048;0048;;não;;
27197;BOCA DA MATA;0048;0049;;não;;
27197;BOCA DA MATA;0048;0050;;não;;
27197;BOCA DA MATA;0048;0051;;não;;
27197;BOCA DA MATA;0048;0052;;não;;
27197;BOCA DA MATA;0048;0053;;não;;
27197;BOCA DA MATA;0048;0054;;sim;04/10/2026;18:32:13
27197;BOCA DA MATA;0048;0055;;sim;04/10/2026;18:31:55
27197;BOCA DA MATA;0048;0056;;não;;
27197;BOCA DA MATA;0048;0205;;não;;
27197;BOCA DA MATA;0048;0206;;não;;
27197;BOCA DA MATA;0048;0209;;não;;
27197;BOCA DA MATA;0048;0211;;não;;
27537;FELIZ DESERTO;0007;0134;;sim;04/10/2026;18:25:48
27537;FELIZ DESERTO;0007;0135;;não;;
27537;FELIZ DESERTO;0007;0136;;sim;04/10/2026;18:26:04
27537;FELIZ DESERTO;0007;0137;;não;;
27537;FELIZ DESERTO;0007;0139;;não;;
27537;FELIZ DESERTO;0007;0140;;não;;
27537;FELIZ DESERTO;0007;0141;;não;;
27537;FELIZ DESERTO;0007;0142;;não;;
27537;FELIZ DESERTO;0007;0143;;não;;
27537;FELIZ DESERTO;0007;0144;;não;;
27537;FELIZ DESERTO;0007;0149;;não;;
27715;JAPARATINGA;0014;0187;;não;;
27715;JAPARATINGA;0014;0188;;não;;
27715;JAPARATINGA;0014;0189;;não;;
27715;JAPARATINGA;0014;0190;;não;;
27715;JAPARATINGA;0014;0191;;não;;
27715;JAPARATINGA;0014;0192;;não;;
27715;JAPARATINGA;0014;0193;;não;;
27715;JAPARATINGA;0014;0194;;não;;
27715;JAPARATINGA;0014;0195;;não;;
27715;JAPARATINGA;0014;0196;;não;;
27715;JAPARATINGA;0014;0198;;não;;
27715;JAPARATINGA;0014;0199;;não;;
27715;JAPARATINGA;0014;0200;;não;;
27715;JAPARATINGA;0014;0201;;não;;
27715;JAPARATINGA;0014;0202;;não;;
27715;JAPARATINGA;0014;0203;;não;;
27715;JAPARATINGA;0014;0204;;não;;
27715;JAPARATINGA;0014;0205;;não;;
27715;JAPARATINGA;0014;0206;;não;;
27715;JAPARATINGA;0014;0207;;não;;
27715;JAPARATINGA;0014;0208;0230;não;;
27715;JAPARATINGA;0014;0217;;não;;
27715;JAPARATINGA;0014;0219;;não;;
27715;JAPARATINGA;0014;0222;;não;;
27715;JAPARATINGA;0014;0223;;não;;
27715;JAPARATINGA;0014;0224;;não;;
27715;JAPARATINGA;0014;0231;;não;;
27774;JUNDIÁ;0014;0015;;não;;
27774;JUNDIÁ;0014;0016;;não;;
27774;JUNDIÁ;0014;0024;;não;;
27774;JUNDIÁ;0014;0025;;não;;
27774;JUNDIÁ;0014;0028;;não;;
27774;JUNDIÁ;0014;0029;;não;;
27774;JUNDIÁ;0014;0032;;não;;
27774;JUNDIÁ;0014;0033;;sim;04/10/2026;18:15:39
27774;JUNDIÁ;0014;0035;;sim;04/10/2026;18:11:06
27774;JUNDIÁ;0014;0036;;sim;04/10/2026;18:21:40
27774;JUNDIÁ;0014;0110;;não;;
27774;JUNDIÁ;0014;0121;;sim;04/10/2026;18:15:00
27774;JUNDIÁ;0014;0211;;sim;04/10/2026;17:52:03
27774;JUNDIÁ;0014;0221;;sim;04/10/2026;17:52:01
28193;OLIVENÇA;0019;0028;;não;;
28193;OLIVENÇA;0019;0029;;não;;
28193;OLIVENÇA;0019;0030;;sim;04/10/2026;18:21:41
28193;OLIVENÇA;0019;0032;;sim;04/10/2026;18:21:14
28193;OLIVENÇA;0019;0034;;sim;04/10/2026;18:21:40
28193;OLIVENÇA;0019;0035;;não;;
28193;OLIVENÇA;0019;0036;;não;;
28193;OLIVENÇA;0019;0037;;não;;
28193;OLIVENÇA;0019;0038;;não;;
28193;OLIVENÇA;0019;0039;;não;;
28193;OLIVENÇA;0019;0040;;não;;
28193;OLIVENÇA;0019;0041;;não;;
28193;OLIVENÇA;0019;0042;;não;;
28193;OLIVENÇA;0019;0043;;não;;
28193;OLIVENÇA;0019;0044;;não;;
28193;OLIVENÇA;0019;0045;;sim;04/10/2026;18:19:58
28193;OLIVENÇA;0019;0046;;sim;04/10/2026;18:14:51
28193;OLIVENÇA;0019;0047;;sim;04/10/2026;18:16:44
28193;OLIVENÇA;0019;0146;0297;não;;
28193;OLIVENÇA;0019;0148;;sim;04/10/2026;18:16:53
28193;OLIVENÇA;0019;0161;;sim;04/10/2026;18:20:08
28193;OLIVENÇA;0019;0162;;não;;
28193;OLIVENÇA;0019;0174;;sim;04/10/2026;18:16:57
28193;OLIVENÇA;0019;0176;;não;;
28193;OLIVENÇA;0019;0185;;sim;04/10/2026;18:14:45
28193;OLIVENÇA;0019;0206;;não;;
28193;OLIVENÇA;0019;0208;;não;;
28193;OLIVENÇA;0019;0238;;sim;04/10/2026;18:18:39
28193;OLIVENÇA;0019;0239;;não;;
28193;OLIVENÇA;0019;0240;;não;;
28193;OLIVENÇA;0019;0241;;sim;04/10/2026;18:20:08
28193;OLIVENÇA;0019;0243;;sim;04/10/2026;18:18:45
28193;OLIVENÇA;0019;0274;;não;;
28193;OLIVENÇA;0019;0278;;sim;04/10/2026;18:18:40
28193;OLIVENÇA;0019;0288;;sim;04/10/2026;18:14:51
28193;OLIVENÇA;0019;0289;;não;;
28193;OLIVENÇA;0019;0293;;não;;
28193;OLIVENÇA;0019;0302;;não;;
28355;PIAÇABUÇU;0013;0128;;não;;
28355;PIAÇABUÇU;0013;0129;;não;;
28355;PIAÇABUÇU;0013;0130;;não;;
28355;PIAÇABUÇU;0013;0131;;não;;
28355;PIAÇABUÇU;0013;0132;;não;;
28355;PIAÇABUÇU;0013;0133;;não;;
28355;PIAÇABUÇU;0013;0134;;não;;
28355;PIAÇABUÇU;0013;0135;;não;;
28355;PIAÇABUÇU;0013;0136;;não;;
28355;PIAÇABUÇU;0013;0137;;não;;
28355;PIAÇABUÇU;0013;0138;;sim;04/10/2026;17:52:51
28355;PIAÇABUÇU;0013;0139;;sim;04/10/2026;17:52:53
28355;PIAÇABUÇU;0013;0140;;sim;04/10/2026;17:53:36
28355;PIAÇABUÇU;0013;0141;;sim;04/10/2026;17:53:39
28355;PIAÇABUÇU;0013;0142;;sim;04/10/2026;17:53:44
28355;PIAÇABUÇU;0013;0143;;sim;04/10/2026;17:53:42
28355;PIAÇABUÇU;0013;0144;;sim;04/10/2026;18:14:01
28355;PIAÇABUÇU;0013;0145;;sim;04/10/2026;18:13:55
28355;PIAÇABUÇU;0013;0146;;sim;04/10/2026;18:13:59
28355;PIAÇABUÇU;0013;0147;;sim;04/10/2026;18:14:40
28355;PIAÇABUÇU;0013;0148;;sim;04/10/2026;18:14:42
28355;PIAÇABUÇU;0013;0149;;sim;04/10/2026;18:14:40
28355;PIAÇABUÇU;0013;0150;;sim;04/10/2026;18:11:46
28355;PIAÇABUÇU;0013;0151;;sim;04/10/2026;18:11:43
28355;PIAÇABUÇU;0013;0152;;sim;04/10/2026;18:11:46
28355;PIAÇABUÇU;0013;0153;;sim;04/10/2026;18:11:49
28355;PIAÇABUÇU;0013;0154;;sim;04/10/2026;18:11:52
28355;PIAÇABUÇU;0013;0155;;sim;04/10/2026;18:11:53
28355;PIAÇABUÇU;0013;0156;;sim;04/10/2026;18:11:55
28355;PIAÇABUÇU;0013;0157;;sim;04/10/2026;18:11:55
28355;PIAÇABUÇU;0013;0158;;sim;04/10/2026;18:11:57
28355;PIAÇABUÇU;0013;0159;;não;;
28355;PIAÇABUÇU;0013;0160;;não;;
28355;PIAÇABUÇU;0013;0161;;não;;
28355;PIAÇABUÇU;0013;0162;;não;;
28355;PIAÇABUÇU;0013;0163;;não;;
28355;PIAÇABUÇU;0013;0164;;não;;
28355;PIAÇABUÇU;0013;0165;;não;;
28355;PIAÇABUÇU;0013;0166;;não;;
28355;PIAÇABUÇU;0013;0167;;não;;
28355;PIAÇABUÇU;0013;0168;;não;;
28355;PIAÇABUÇU;0013;0169;;não;;
28355;PIAÇABUÇU;0013;0170;;não;;
28355;PIAÇABUÇU;0013;0171;;não;;
28371;PILAR;0008;0001;;sim;04/10/2026;18:15:01
28371;PILAR;0008;0002;;sim;04/10/2026;18:14:58
28371;PILAR;0008;0003;;sim;04/10/2026;18:14:57
28371;PILAR;0008;0004;;sim;04/10/2026;18:14:56
28371;PILAR;0008;0005;;sim;04/10/2026;18:15:00
28371;PILAR;0008;0006;;sim;04/10/2026;18:15:01
28371;PILAR;0008;0007;;não;;
28371;PILAR;0008;0008;;não;;
28371;PILAR;0008;0009;;não;;
28371;PILAR;0008;0010;;não;;
28371;PILAR;0008;0011;;não;;
28371;PILAR;0008;0012;;não;;
28371;PILAR;0008;0013;;não;;
28371;PILAR;0008;0014;;não;;
28371;PILAR;0008;0015;;não;;
28371;PILAR;0008;0016;;não;;
28371;PILAR;0008;0017;;não;;
28371;PILAR;0008;0018;;sim;04/10/2026;18:15:04
28371;PILAR;0008;0019;;sim;04/10/2026;18:15:04
28371;PILAR;0008;0020;;sim;04/10/2026;18:15:42
28371;PILAR;0008;0021;;sim;04/10/2026;18:15:05
28371;PILAR;0008;0022;;sim;04/10/2026;18:23:44
28371;PILAR;0008;0023;;sim;04/10/2026;18:23:45
28371;PILAR;0008;0024;;não;;
28371;PILAR;0008;0025;;não;;
28371;PILAR;0008;0026;;não;;
28371;PILAR;0008;0027;;sim;04/10/2026;18:15:39
28371;PILAR;0008;0028;;não;;
28371;PILAR;0008;0029;;não;;
28371;PILAR;0008;0030;;sim;04/10/2026;18:14:58
28371;PILAR;0008;0031;;sim;04/10/2026;18:15:45
28371;PILAR;0008;0032;;sim;04/10/2026;18:15:44
28371;PILAR;0008;0033;;sim;04/10/2026;18:15:45
28371;PILAR;0008;0034;;sim;04/10/2026;18:15:45
28371;PILAR;0008;0035;;sim;04/10/2026;18:15:02
28371;PILAR;0008;0036;0171;não;;
28371;PILAR;0008;0037;;não;;
28371;PILAR;0008;0038;;não;;
28371;PILAR;0008;0039;;não;;
28371;PILAR;0008;0040;;não;;
28371;PILAR;0008;0041;;não;;
28371;PILAR;0008;0042;;não;;
28371;PILAR;0008;0043;;não;;
28371;PILAR;0008;0047;;não;;
28371;PILAR;0008;0048;;não;;
28371;PILAR;0008;0049;;não;;
28371;PILAR;0008;0050;;não;;
28371;PILAR;0008;0051;;não;;
28371;PILAR;0008;0052;;não;;
28371;PILAR;0008;0053;;sim;04/10/2026;18:23:46
28371;PILAR;0008;0054;;sim;04/10/2026;18:23:46
28371;PILAR;0008;0055;;não;;
28371;PILAR;0008;0056;;sim;04/10/2026;18:15:05
28371;PILAR;0008;0057;;sim;04/10/2026;18:15:04
28371;PILAR;0008;0060;;sim;04/10/2026;18:24:00
28371;PILAR;0008;0061;;não;;
28371;PILAR;0008;0062;;não;;
28371;PILAR;0008;0063;;não;;
28371;PILAR;0008;0064;;não;;
28371;PILAR;0008;0065;;não;;
28371;PILAR;0008;0066;;não;;
28371;PILAR;0008;0067;;não;;
28371;PILAR;0008;0068;;não;;
28371;PILAR;0008;0069;;não;;
28371;PILAR;0008;0070;;não;;
28371;PILAR;0008;0071;;não;;
28371;PILAR;0008;0073;;não;;
28371;PILAR;0008;0074;;não;;
28371;PILAR;0008;0075;;não;;
28371;PILAR;0008;0076;;não;;
28371;PILAR;0008;0077;;não;;
28371;PILAR;0008;0141;;não;;
28371;PILAR;0008;0145;;não;;
28371;PILAR;0008;0147;;não;;
28371;PILAR;0008;0148;;não;;
28371;PILAR;0008;0149;;não;;
28371;PILAR;0008;0153;;não;;
28371;PILAR;0008;0154;;não;;
28371;PILAR;0008;0156;;não;;
28371;PILAR;0008;0158;;não;;
28371;PILAR;0008;0161;;não;;
28371;PILAR;0008;0163;;não;;
28371;PILAR;0008;0164;;não;;
28371;PILAR;0008;0167;;não;;
28410;PIRANHAS;0040;0150;0234;não;;
28410;PIRANHAS;0040;0151;0237;não;;
28410;PIRANHAS;0040;0155;;não;;
28410;PIRANHAS;0040;0156;;não;;
28410;PIRANHAS;0040;0159;;não;;
28410;PIRANHAS;0040;0160;;não;;
28410;PIRANHAS;0040;0161;;não;;
28410;PIRANHAS;0040;0162;;não;;
28410;PIRANHAS;0040;0163;;não;;
28410;PIRANHAS;0040;0164;;não;;
28410;PIRANHAS;0040;0165;;não;;
28410;PIRANHAS;0040;0166;;não;;
28410;PIRANHAS;0040;0167;;não;;
28410;PIRANHAS;0040;0168;;não;;
28410;PIRANHAS;0040;0169;;não;;
28410;PIRANHAS;0040;0170;;não;;
28410;PIRANHAS;0040;0171;;não;;
28410;PIRANHAS;0040;0174;;não;;
28410;PIRANHAS;0040;0175;;não;;
28410;PIRANHAS;0040;0176;;não;;
28410;PIRANHAS;0040;0177;;não;;
28410;PIRANHAS;0040;0178;;não;;
28410;PIRANHAS;0040;0179;;não;;
28410;PIRANHAS;0040;0180;;não;;
28410;PIRANHAS;0040;0181;;não;;
28410;PIRANHAS;0040;0182;;não;;
28410;PIRANHAS;0040;0183;;não;;
28410;PIRANHAS;0040;0184;;não;;
28410;PIRANHAS;0040;0185;;não;;
28410;PIRANHAS;0040;0186;;não;;
28410;PIRANHAS;0040;0187;;não;;
28410;PIRANHAS;0040;0188;;não;;
28410;PIRANHAS;0040;0189;;não;;
28410;PIRANHAS;0040;0190;;não;;
28410;PIRANHAS;0040;0191;;não;;
28410;PIRANHAS;0040;0192;;não;;
28410;PIRANHAS;0040;0193;0194;não;;
28410;PIRANHAS;0040;0195;0196;não;;
28410;PIRANHAS;0040;0198;;não;;
28410;PIRANHAS;0040;0199;;não;;
28410;PIRANHAS;0040;0200;;não;;
28410;PIRANHAS;0040;0201;;não;;
28410;PIRANHAS;0040;0202;;não;;
28410;PIRANHAS;0040;0203;;não;;
28410;PIRANHAS;0040;0204;;não;;
28410;PIRANHAS;0040;0205;;não;;
28410;PIRANHAS;0040;0206;;não;;
28410;PIRANHAS;0040;0207;;não;;
28410;PIRANHAS;0040;0208;;não;;
28410;PIRANHAS;0040;0236;;não;;
28410;PIRANHAS;0040;0238;;não;;
28410;PIRANHAS;0040;0243;;não;;
28410;PIRANHAS;0040;0245;;não;;
28410;PIRANHAS;0040;0246;;não;;
28410;PIRANHAS;0040;0251;;não;;
28410;PIRANHAS;0040;0254;;não;;
28576;SANTA LUZIA DO NORTE;0008;0078;;não;;
28576;SANTA LUZIA DO NORTE;0008;0079;;sim;04/10/2026;18:22:42
28576;SANTA LUZIA DO NORTE;0008;0080;;não;;
28576;SANTA LUZIA DO NORTE;0008;0081;;sim;04/10/2026;18:22:53
28576;SANTA LUZIA DO NORTE;0008;0082;;não;;
28576;SANTA LUZIA DO NORTE;0008;0083;;sim;04/10/2026;17:55:41
28576;SANTA LUZIA DO NORTE;0008;0084;;não;;
28576;SANTA LUZIA DO NORTE;0008;0086;;não;;
28576;SANTA LUZIA DO NORTE;0008;0087;;não;;
28576;SANTA LUZIA DO NORTE;0008;0088;;não;;
28576;SANTA LUZIA DO NORTE;0008;0089;;não;;
28576;SANTA LUZIA DO NORTE;0008;0090;;não;;
28576;SANTA LUZIA DO NORTE;0008;0091;;não;;
28576;SANTA LUZIA DO NORTE;0008;0092;;não;;
28576;SANTA LUZIA DO NORTE;0008;0093;;sim;04/10/2026;17:55:37
28576;SANTA LUZIA DO NORTE;0008;0096;;sim;04/10/2026;18:22:56
28576;SANTA LUZIA DO NORTE;0008;0144;;sim;04/10/2026;17:55:39
28576;SANTA LUZIA DO NORTE;0008;0159;;não;;
28657;SÃO JOSÉ DA LAJE;0016;0022;;não;;
28657;SÃO JOSÉ DA LAJE;0016;0023;;não;;
28657;SÃO JOSÉ DA LAJE;0016;0024;;não;;
28657;SÃO JOSÉ DA LAJE;0016;0025;;não;;
28657;SÃO JOSÉ DA LAJE;0016;0026;;sim;04/10/2026;18:30:50
28657;SÃO JOSÉ DA LAJE;0016;0028;;sim;04/10/2026;18:14:54
28657;SÃO JOSÉ DA LAJE;0016;0031;;não;;
28657;SÃO JOSÉ DA LAJE;0016;0032;;não;;
28657;SÃO JOSÉ DA LAJE;0016;0033;;não;;
28657;SÃO JOSÉ DA LAJE;0016;0034;;não;;
28657;SÃO JOSÉ DA LAJE;0016;0035;;não;;
28657;SÃO JOSÉ DA LAJE;0016;0036;;sim;04/10/2026;18:31:19
28657;SÃO JOSÉ DA LAJE;0016;0037;;não;;
28657;SÃO JOSÉ DA LAJE;0016;0038;;sim;04/10/2026;18:14:55
28657;SÃO JOSÉ DA LAJE;0016;0039;;não;;
28657;SÃO JOSÉ DA LAJE;0016;0040;;não;;
28657;SÃO JOSÉ DA LAJE;0016;0041;;sim;04/10/2026;18:31:42
28657;SÃO JOSÉ DA LAJE;0016;0042;;sim;04/10/2026;18:31:43
28657;SÃO JOSÉ DA LAJE;0016;0043;;sim;04/10/2026;18:14:59
28657;SÃO JOSÉ DA LAJE;0016;0044;;sim;04/10/2026;18:31:44
28657;SÃO JOSÉ DA LAJE;0016;0046;;sim;04/10/2026;18:14:58
28657;SÃO JOSÉ DA LAJE;0016;0047;;sim;04/10/2026;18:14:58
28657;SÃO JOSÉ DA LAJE;0016;0048;;sim;04/10/2026;18:14:55
28657;SÃO JOSÉ DA LAJE;0016;0049;;sim;04/10/2026;18:14:58
28657;SÃO JOSÉ DA LAJE;0016;0050;;sim;04/10/2026;18:14:59
28657;SÃO JOSÉ DA LAJE;0016;0051;;sim;04/10/2026;18:31:42
28657;SÃO JOSÉ DA LAJE;0016;0052;;sim;04/10/2026;18:14:55
28657;SÃO JOSÉ DA LAJE;0016;0053;;não;;
28657;SÃO JOSÉ DA LAJE;0016;0059;;sim;04/10/2026;18:15:07
28657;SÃO JOSÉ DA LAJE;0016;0060;;sim;04/10/2026;18:15:07
28657;SÃO JOSÉ DA LAJE;0016;0061;;não;;
28657;SÃO JOSÉ DA LAJE;0016;0062;;sim;04/10/2026;18:15:43
28657;SÃO JOSÉ DA LAJE;0016;0067;;não;;
28657;SÃO JOSÉ DA LAJE;0016;0068;;não;;
28657;SÃO JOSÉ DA LAJE;0016;0069;;sim;04/10/2026;18:31:09
28657;SÃO JOSÉ DA LAJE;0016;0070;;sim;04/10/2026;18:31:43
28657;SÃO JOSÉ DA LAJE;0016;0071;;sim;04/10/2026;18:14:59
28657;SÃO JOSÉ DA LAJE;0016;0074;;não;;
28657;SÃO JOSÉ DA LAJE;0016;0075;;não;;
28657;SÃO JOSÉ DA LAJE;0016;0078;;não;;
28657;SÃO JOSÉ DA LAJE;0016;0079;;não;;
28657;SÃO JOSÉ DA LAJE;0016;0080;;sim;04/10/2026;18:31:43
28657;SÃO JOSÉ DA LAJE;0016;0081;;não;;
28657;SÃO JOSÉ DA LAJE;0016;0083;;sim;04/10/2026;18:15:39
28657;SÃO JOSÉ DA LAJE;0016;0084;;não;;
28657;SÃO JOSÉ DA LAJE;0016;0137;;sim;04/10/2026;18:31:46
28657;SÃO JOSÉ DA LAJE;0016;0138;;sim;04/10/2026;18:31:47
28657;SÃO JOSÉ DA LAJE;0016;0139;;sim;04/10/2026;18:15:41
28657;SÃO JOSÉ DA LAJE;0016;0141;;sim;04/10/2026;18:31:45
28657;SÃO JOSÉ DA LAJE;0016;0147;;sim;04/10/2026;18:31:47
28711;SÃO MIGUEL DOS CAMPOS;0018;0078;;não;;
28711;SÃO MIGUEL DOS CAMPOS;0018;0080;;não;;
28711;SÃO MIGUEL DOS CAMPOS;0018;0082;;não;;
28711;SÃO MIGUEL DOS CAMPOS;0018;0084;;não;;
28711;SÃO MIGUEL DOS CAMPOS;0018;0085;;não;;
28711;SÃO MIGUEL DOS CAMPOS;0018;0086;;não;;
28711;SÃO MIGUEL DOS CAMPOS;0018;0087;;não;;
28711;SÃO MIGUEL DOS CAMPOS;0018;0088;;não;;
28711;SÃO MIGUEL DOS CAMPOS;0018;0089;;não;;
28711;SÃO MIGUEL DOS CAMPOS;0018;0090;;não;;
28711;SÃO MIGUEL DOS CAMPOS;0018;0091;;não;;
28711;SÃO MIGUEL DOS CAMPOS;0018;0092;;não;;
28711;SÃO MIGUEL DOS CAMPOS;0018;0093;;não;;
28711;SÃO MIGUEL DOS CAMPOS;0018;0094;;não;;
28711;SÃO MIGUEL DOS CAMPOS;0018;0095;;não;;
28711;SÃO MIGUEL DOS CAMPOS;0018;0096;;não;;
28711;SÃO MIGUEL DOS CAMPOS;0018;0097;;não;;
28711;SÃO MIGUEL DOS CAMPOS;0018;0098;;não;;
28711;SÃO MIGUEL DOS CAMPOS;0018;0100;;não;;
28711;SÃO MIGUEL DOS CAMPOS;0018;0101;;não;;
28711;SÃO MIGUEL DOS CAMPOS;0018;0102;;não;;
28711;SÃO MIGUEL DOS CAMPOS;0018;0103;;não;;
28711;SÃO MIGUEL DOS CAMPOS;0018;0107;;não;;
28711;SÃO MIGUEL DOS CAMPOS;0018;0108;;não;;
28711;SÃO MIGUEL DOS CAMPOS;0018;0109;;não;;
28711;SÃO MIGUEL DOS CAMPOS;0018;0110;;não;;
28711;SÃO MIGUEL DOS CAMPOS;0018;0111;;não;;
28711;SÃO MIGUEL DOS CAMPOS;0018;0112;;não;;
28711;SÃO MIGUEL DOS CAMPOS;0018;0113;;não;;
28711;SÃO MIGUEL DOS CAMPOS;0018;0114;;não;;
28711;SÃO MIGUEL DOS CAMPOS;0018;0115;;não;;
28711;SÃO MIGUEL DOS CAMPOS;0018;0116;;não;;
28711;SÃO MIGUEL DOS CAMPOS;0018;0117;;não;;
28711;SÃO MIGUEL DOS CAMPOS;0018;0118;;não;;
28711;SÃO MIGUEL DOS CAMPOS;0018;0119;;não;;
28711;SÃO MIGUEL DOS CAMPOS;0018;0120;;não;;
28711;SÃO MIGUEL DOS CAMPOS;0018;0121;;não;;
28711;SÃO MIGUEL DOS CAMPOS;0018;0122;;não;;
28711;SÃO MIGUEL DOS CAMPOS;0018;0123;;não;;
28711;SÃO MIGUEL DOS CAMPOS;0018;0124;;não;;
28711;SÃO MIGUEL DOS CAMPOS;0018;0125;;não;;
28711;SÃO MIGUEL DOS CAMPOS;0018;0126;;não;;
28711;SÃO MIGUEL DOS CAMPOS;0018;0128;;não;;
28711;SÃO MIGUEL DOS CAMPOS;0018;0129;;não;;
28711;SÃO MIGUEL DOS CAMPOS;0018;0130;;não;;
28711;SÃO MIGUEL DOS CAMPOS;0018;0131;;não;;
28711;SÃO MIGUEL DOS CAMPOS;0018;0132;;não;;
28711;SÃO MIGUEL DOS CAMPOS;0018;0133;;não;;
28711;SÃO MIGUEL DOS CAMPOS;0018;0134;;não;;
28711;SÃO MIGUEL DOS CAMPOS;0018;0135;;não;;
28711;SÃO MIGUEL DOS CAMPOS;0018;0137;;não;;
28711;SÃO MIGUEL DOS CAMPOS;0018;0139;;não;;
28711;SÃO MIGUEL DOS CAMPOS;0018;0140;;não;;
28711;SÃO MIGUEL DOS CAMPOS;0018;0144;;não;;
28711;SÃO MIGUEL DOS CAMPOS;0018;0145;;não;;
28711;SÃO MIGUEL DOS CAMPOS;0018;0148;;não;;
28711;SÃO MIGUEL DOS CAMPOS;0018;0149;;não;;
28711;SÃO MIGUEL DOS CAMPOS;0018;0150;;não;;
28711;SÃO MIGUEL DOS CAMPOS;0018;0151;;não;;
28711;SÃO MIGUEL DOS CAMPOS;0018;0153;;não;;
28711;SÃO MIGUEL DOS CAMPOS;0018;0155;;não;;
28711;SÃO MIGUEL DOS CAMPOS;0018;0156;;não;;
28711;SÃO MIGUEL DOS CAMPOS;0018;0157;;não;;
28711;SÃO MIGUEL DOS CAMPOS;0018;0158;;não;;
28711;SÃO MIGUEL DOS CAMPOS;0018;0159;;não;;
28711;SÃO MIGUEL DOS CAMPOS;0018;0160;;não;;
28711;SÃO MIGUEL DOS CAMPOS;0018;0161;;não;;
28711;SÃO MIGUEL DOS CAMPOS;0018;0162;;não;;
28711;SÃO MIGUEL DOS CAMPOS;0018;0163;;não;;
28711;SÃO MIGUEL DOS CAMPOS;0018;0164;;não;;
28711;SÃO MIGUEL DOS CAMPOS;0018;0165;;não;;
28711;SÃO MIGUEL DOS CAMPOS;0018;0167;;não;;
28711;SÃO MIGUEL DOS CAMPOS;0018;0170;;não;;
28711;SÃO MIGUEL DOS CAMPOS;0018;0172;;não;;
28711;SÃO MIGUEL DOS CAMPOS;0018;0173;;não;;
28711;SÃO MIGUEL DOS CAMPOS;0018;0174;;não;;
28711;SÃO MIGUEL DOS CAMPOS;0018;0177;;não;;
28711;SÃO MIGUEL DOS CAMPOS;0018;0178;;não;;
28711;SÃO MIGUEL DOS CAMPOS;0018;0195;;não;;
28711;SÃO MIGUEL DOS CAMPOS;0018;0199;;não;;
28711;SÃO MIGUEL DOS CAMPOS;0018;0200;;não;;
28711;SÃO MIGUEL DOS CAMPOS;0018;0203;;não;;
28711;SÃO MIGUEL DOS CAMPOS;0018;0211;;não;;
28711;SÃO MIGUEL DOS CAMPOS;0018;0212;;não;;
28711;SÃO MIGUEL DOS CAMPOS;0018;0213;;não;;
28711;SÃO MIGUEL DOS CAMPOS;0018;0214;;não;;
28711;SÃO MIGUEL DOS CAMPOS;0018;0215;;não;;
28711;SÃO MIGUEL DOS CAMPOS;0018;0221;;não;;
28711;SÃO MIGUEL DOS CAMPOS;0018;0222;;não;;
28711;SÃO MIGUEL DOS CAMPOS;0018;0223;;não;;
28711;SÃO MIGUEL DOS CAMPOS;0018;0225;;não;;
28711;SÃO MIGUEL DOS CAMPOS;0018;0226;;não;;
28711;SÃO MIGUEL DOS CAMPOS;0018;0227;;não;;
28711;SÃO MIGUEL DOS CAMPOS;0018;0229;;não;;
28711;SÃO MIGUEL DOS CAMPOS;0018;0231;;não;;
28711;SÃO MIGUEL DOS CAMPOS;0018;0232;;não;;
28711;SÃO MIGUEL DOS CAMPOS;0018;0233;;não;;
28711;SÃO MIGUEL DOS CAMPOS;0018;0234;;não;;
28711;SÃO MIGUEL DOS CAMPOS;0018;0235;;não;;
28711;SÃO MIGUEL DOS CAMPOS;0018;0236;;não;;
28711;SÃO MIGUEL DOS CAMPOS;0018;0237;;não;;
28711;SÃO MIGUEL DOS CAMPOS;0018;0238;;não;;
28711;SÃO MIGUEL DOS CAMPOS;0018;0239;;não;;
28711;SÃO MIGUEL DOS CAMPOS;0018;0241;;não;;
28711;SÃO MIGUEL DOS CAMPOS;0018;0242;;não;;
28711;SÃO MIGUEL DOS CAMPOS;0018;0243;;não;;
28711;SÃO MIGUEL DOS CAMPOS;0018;0244;;não;;
28711;SÃO MIGUEL DOS CAMPOS;0018;0246;;não;;
28711;SÃO MIGUEL DOS CAMPOS;0018;0247;;não;;
28711;SÃO MIGUEL DOS CAMPOS;0018;0248;;não;;
28711;SÃO MIGUEL DOS CAMPOS;0018;0249;;não;;
28711;SÃO MIGUEL DOS CAMPOS;0018;0250;;não;;
28711;SÃO MIGUEL DOS CAMPOS;0018;0251;;não;;
28711;SÃO MIGUEL DOS CAMPOS;0018;0252;;não;;
28711;SÃO MIGUEL DOS CAMPOS;0018;0253;;não;;
28711;SÃO MIGUEL DOS CAMPOS;0018;0254;;não;;
28711;SÃO MIGUEL DOS CAMPOS;0018;0255;;não;;
28711;SÃO MIGUEL DOS CAMPOS;0018;0256;;não;;
28711;SÃO MIGUEL DOS CAMPOS;0018;0258;;não;;
28711;SÃO MIGUEL DOS CAMPOS;0018;0259;;não;;
28711;SÃO MIGUEL DOS CAMPOS;0018;0261;;não;;
28711;SÃO MIGUEL DOS CAMPOS;0018;0262;;não;;
28711;SÃO MIGUEL DOS CAMPOS;0018;0263;;não;;
28711;SÃO MIGUEL DOS CAMPOS;0018;0264;;não;;
28711;SÃO MIGUEL DOS CAMPOS;0018;0265;;não;;
28711;SÃO MIGUEL DOS CAMPOS;0018;0266;;não;;
28711;SÃO MIGUEL DOS CAMPOS;0018;0267;;não;;
28711;SÃO MIGUEL DOS CAMPOS;0018;0268;;não;;
28711;SÃO MIGUEL DOS CAMPOS;0018;0269;;não;;
28711;SÃO MIGUEL DOS CAMPOS;0018;0270;;não;;
28711;SÃO MIGUEL DOS CAMPOS;0018;0271;;não;;
28711;SÃO MIGUEL DOS CAMPOS;0018;0272;;não;;
28711;SÃO MIGUEL DOS CAMPOS;0018;0273;;não;;
28711;SÃO MIGUEL DOS CAMPOS;0018;0274;;não;;
28711;SÃO MIGUEL DOS CAMPOS;0018;0275;;não;;
28711;SÃO MIGUEL DOS CAMPOS;0018;0279;;não;;
28711;SÃO MIGUEL DOS CAMPOS;0018;0281;;não;;
28797;TANQUE D'ARCA;0048;0057;;não;;
28797;TANQUE D'ARCA;0048;0058;;não;;
28797;TANQUE D'ARCA;0048;0059;;não;;
28797;TANQUE D'ARCA;0048;0063;;não;;
28797;TANQUE D'ARCA;0048;0064;;não;;
28797;TANQUE D'ARCA;0048;0065;;não;;
28797;TANQUE D'ARCA;0048;0066;;não;;
28797;TANQUE D'ARCA;0048;0067;;não;;
28797;TANQUE D'ARCA;0048;0071;;não;;
28797;TANQUE D'ARCA;0048;0072;;não;;
28797;TANQUE D'ARCA;0048;0073;;não;;
28797;TANQUE D'ARCA;0048;0074;;não;;
28797;TANQUE D'ARCA;0048;0075;;não;;
28797;TANQUE D'ARCA;0048;0076;;não;;
28797;TANQUE D'ARCA;0048;0078;;não;;
28797;TANQUE D'ARCA;0048;0079;;não;;
28797;TANQUE D'ARCA;0048;0080;;não;;
28797;TANQUE D'ARCA;0048;0081;;não;;
28797;TANQUE D'ARCA;0048;0201;;não;;
27278;CAMPO ALEGRE;0047;0001;;não;;
27278;CAMPO ALEGRE;0047;0002;;não;;
27278;CAMPO ALEGRE;0047;0003;;não;;
27278;CAMPO ALEGRE;0047;0004;;não;;
27278;CAMPO ALEGRE;0047;0005;;não;;
27278;CAMPO ALEGRE;0047;0006;;não;;
27278;CAMPO ALEGRE;0047;0007;;não;;
27278;CAMPO ALEGRE;0047;0008;;não;;
27278;CAMPO ALEGRE;0047;0009;;sim;04/10/2026;18:11:41
27278;CAMPO ALEGRE;0047;0010;;sim;04/10/2026;18:11:07
27278;CAMPO ALEGRE;0047;0011;;não;;
27278;CAMPO ALEGRE;0047;0012;;não;;
27278;CAMPO ALEGRE;0047;0013;;não;;
27278;CAMPO ALEGRE;0047;0014;;não;;
27278;CAMPO ALEGRE;0047;0015;;não;;
27278;CAMPO ALEGRE;0047;0016;;sim;04/10/2026;18:11:43
27278;CAMPO ALEGRE;0047;0017;;sim;04/10/2026;18:11:43
27278;CAMPO ALEGRE;0047;0018;;sim;04/10/2026;18:11:44
27278;CAMPO ALEGRE;0047;0019;;sim;04/10/2026;18:11:39
27278;CAMPO ALEGRE;0047;0020;;não;;
27278;CAMPO ALEGRE;0047;0021;;não;;
27278;CAMPO ALEGRE;0047;0022;;não;;
27278;CAMPO ALEGRE;0047;0023;;não;;
27278;CAMPO ALEGRE;0047;0024;;não;;
27278;CAMPO ALEGRE;0047;0025;;não;;
27278;CAMPO ALEGRE;0047;0026;;não;;
27278;CAMPO ALEGRE;0047;0027;;não;;
27278;CAMPO ALEGRE;0047;0028;;não;;
27278;CAMPO ALEGRE;0047;0029;;sim;04/10/2026;18:11:39
27278;CAMPO ALEGRE;0047;0030;;não;;
27278;CAMPO ALEGRE;0047;0031;;não;;
27278;CAMPO ALEGRE;0047;0032;;sim;04/10/2026;18:11:39
27278;CAMPO ALEGRE;0047;0033;;não;;
27278;CAMPO ALEGRE;0047;0034;;não;;
27278;CAMPO ALEGRE;0047;0035;;não;;
27278;CAMPO ALEGRE;0047;0036;;não;;
27278;CAMPO ALEGRE;0047;0038;;não;;
27278;CAMPO ALEGRE;0047;0039;;não;;
27278;CAMPO ALEGRE;0047;0040;;não;;
27278;CAMPO ALEGRE;0047;0041;;não;;
27278;CAMPO ALEGRE;0047;0042;;não;;
27278;CAMPO ALEGRE;0047;0043;;não;;
27278;CAMPO ALEGRE;0047;0044;;não;;
27278;CAMPO ALEGRE;0047;0045;;não;;
27278;CAMPO ALEGRE;0047;0046;;não;;
27278;CAMPO ALEGRE;0047;0047;;não;;
27278;CAMPO ALEGRE;0047;0048;;não;;
27278;CAMPO ALEGRE;0047;0049;;não;;
27278;CAMPO ALEGRE;0047;0050;;não;;
27278;CAMPO ALEGRE;0047;0051;;não;;
27278;CAMPO ALEGRE;0047;0054;;não;;
27278;CAMPO ALEGRE;0047;0055;;não;;
27278;CAMPO ALEGRE;0047;0056;;não;;
27278;CAMPO ALEGRE;0047;0057;;não;;
27278;CAMPO ALEGRE;0047;0058;;não;;
27278;CAMPO ALEGRE;0047;0059;;não;;
27278;CAMPO ALEGRE;0047;0060;;não;;
27278;CAMPO ALEGRE;0047;0061;;não;;
27278;CAMPO ALEGRE;0047;0062;;não;;
27278;CAMPO ALEGRE;0047;0063;;não;;
27278;CAMPO ALEGRE;0047;0064;;não;;
27278;CAMPO ALEGRE;0047;0065;;não;;
27278;CAMPO ALEGRE;0047;0066;;não;;
27278;CAMPO ALEGRE;0047;0067;;não;;
27278;CAMPO ALEGRE;0047;0068;;não;;
27278;CAMPO ALEGRE;0047;0069;;não;;
27278;CAMPO ALEGRE;0047;0070;;não;;
27278;CAMPO ALEGRE;0047;0071;;não;;
27278;CAMPO ALEGRE;0047;0072;;não;;
27278;CAMPO ALEGRE;0047;0073;;não;;
27278;CAMPO ALEGRE;0047;0074;;não;;
27278;CAMPO ALEGRE;0047;0075;;não;;
27278;CAMPO ALEGRE;0047;0076;;não;;
27278;CAMPO ALEGRE;0047;0138;;não;;
27278;CAMPO ALEGRE;0047;0140;;não;;
27278;CAMPO ALEGRE;0047;0143;;não;;
27278;CAMPO ALEGRE;0047;0144;;não;;
27278;CAMPO ALEGRE;0047;0151;;não;;
27316;CANAPI;0027;0001;;sim;04/10/2026;17:37:41
27316;CANAPI;0027;0002;;sim;04/10/2026;17:52:51
27316;CANAPI;0027;0003;;sim;04/10/2026;17:53:36
27316;CANAPI;0027;0004;;sim;04/10/2026;17:52:48
27316;CANAPI;0027;0005;;sim;04/10/2026;17:37:41
27316;CANAPI;0027;0006;;não;;
27316;CANAPI;0027;0007;;sim;04/10/2026;18:13:01
27316;CANAPI;0027;0008;;não;;
27316;CANAPI;0027;0009;;não;;
27316;CANAPI;0027;0010;;sim;04/10/2026;18:17:45
27316;CANAPI;0027;0011;;sim;04/10/2026;18:21:05
27316;CANAPI;0027;0012;;sim;04/10/2026;18:17:46
27316;CANAPI;0027;0013;;sim;04/10/2026;18:08:48
27316;CANAPI;0027;0014;;não;;
27316;CANAPI;0027;0015;;sim;04/10/2026;18:08:54
27316;CANAPI;0027;0016;;não;;
27316;CANAPI;0027;0017;;sim;04/10/2026;18:09:00
27316;CANAPI;0027;0018;;não;;
27316;CANAPI;0027;0020;;não;;
27316;CANAPI;0027;0021;;sim;04/10/2026;18:17:49
27316;CANAPI;0027;0022;;não;;
27316;CANAPI;0027;0023;;não;;
27316;CANAPI;0027;0024;;sim;04/10/2026;18:13:12
27316;CANAPI;0027;0025;;não;;
27316;CANAPI;0027;0026;;sim;04/10/2026;18:13:10
27316;CANAPI;0027;0027;;sim;04/10/2026;18:17:45
27316;CANAPI;0027;0028;;sim;04/10/2026;18:17:49
27316;CANAPI;0027;0029;;sim;04/10/2026;18:13:11
27316;CANAPI;0027;0030;;sim;04/10/2026;17:41:43
27316;CANAPI;0027;0107;;não;;
27316;CANAPI;0027;0108;;não;;
27316;CANAPI;0027;0109;;sim;04/10/2026;18:13:42
27316;CANAPI;0027;0110;;não;;
27316;CANAPI;0027;0111;;não;;
27316;CANAPI;0027;0112;;não;;
27316;CANAPI;0027;0113;;não;;
27316;CANAPI;0027;0121;;não;;
27316;CANAPI;0027;0122;;não;;
27316;CANAPI;0027;0123;;sim;04/10/2026;18:17:49
27316;CANAPI;0027;0124;;não;;
27316;CANAPI;0027;0142;;sim;04/10/2026;17:52:50
27316;CANAPI;0027;0147;;não;;
27316;CANAPI;0027;0151;;sim;04/10/2026;17:48:49
27316;CANAPI;0027;0152;;sim;04/10/2026;17:48:53
27316;CANAPI;0027;0153;;sim;04/10/2026;18:13:09
27316;CANAPI;0027;0154;;sim;04/10/2026;17:48:56
27316;CANAPI;0027;0155;;sim;04/10/2026;18:13:12
27316;CANAPI;0027;0156;;sim;04/10/2026;18:17:55
27316;CANAPI;0027;0159;;sim;04/10/2026;18:13:10
27316;CANAPI;0027;0160;;sim;04/10/2026;18:24:54
27316;CANAPI;0027;0161;;não;;
27316;CANAPI;0027;0163;;sim;04/10/2026;18:13:40
27316;CANAPI;0027;0165;;não;;
27618;IGACI;0045;0001;;não;;
27618;IGACI;0045;0002;;não;;
27618;IGACI;0045;0003;;não;;
27618;IGACI;0045;0004;;não;;
27618;IGACI;0045;0005;;não;;
27618;IGACI;0045;0006;;não;;
27618;IGACI;0045;0007;;não;;
27618;IGACI;0045;0008;;não;;
27618;IGACI;0045;0009;;não;;
27618;IGACI;0045;0010;;não;;
27618;IGACI;0045;0011;;não;;
27618;IGACI;0045;0012;;não;;
27618;IGACI;0045;0013;;não;;
27618;IGACI;0045;0014;;não;;
27618;IGACI;0045;0015;;não;;
27618;IGACI;0045;0016;;não;;
27618;IGACI;0045;0017;;não;;
27618;IGACI;0045;0018;;não;;
27618;IGACI;0045;0019;;não;;
27618;IGACI;0045;0020;;não;;
27618;IGACI;0045;0021;;não;;
27618;IGACI;0045;0022;;não;;
27618;IGACI;0045;0023;;não;;
27618;IGACI;0045;0024;;não;;
27618;IGACI;0045;0025;;não;;
27618;IGACI;0045;0026;;não;;
27618;IGACI;0045;0027;;não;;
27618;IGACI;0045;0028;;não;;
27618;IGACI;0045;0029;;não;;
27618;IGACI;0045;0030;;não;;
27618;IGACI;0045;0031;;não;;
27618;IGACI;0045;0032;;não;;
27618;IGACI;0045;0033;;não;;
27618;IGACI;0045;0034;;não;;
27618;IGACI;0045;0037;;não;;
27618;IGACI;0045;0038;;não;;
27618;IGACI;0045;0039;;não;;
27618;IGACI;0045;0040;;não;;
27618;IGACI;0045;0041;;não;;
27618;IGACI;0045;0042;;não;;
27618;IGACI;0045;0043;;não;;
27618;IGACI;0045;0044;;não;;
27618;IGACI;0045;0045;;não;;
27618;IGACI;0045;0046;;não;;
27618;IGACI;0045;0047;;não;;
27618;IGACI;0045;0048;;não;;
27618;IGACI;0045;0049;;não;;
27618;IGACI;0045;0050;;não;;
27618;IGACI;0045;0051;;não;;
27618;IGACI;0045;0052;;não;;
27618;IGACI;0045;0053;;não;;
27618;IGACI;0045;0054;;não;;
27618;IGACI;0045;0055;;não;;
27618;IGACI;0045;0056;;não;;
27618;IGACI;0045;0057;;não;;
27618;IGACI;0045;0058;;não;;
27618;IGACI;0045;0059;;não;;
27618;IGACI;0045;0060;;não;;
27618;IGACI;0045;0061;;não;;
27618;IGACI;0045;0062;;não;;
27618;IGACI;0045;0063;;não;;
27618;IGACI;0045;0064;;não;;
27618;IGACI;0045;0065;;sim;04/10/2026;18:23:53
27618;IGACI;0045;0066;;sim;04/10/2026;18:23:49
27618;IGACI;0045;0067;;não;;
27618;IGACI;0045;0068;;não;;
27618;IGACI;0045;0069;;sim;04/10/2026;18:23:51
27618;IGACI;0045;0070;;não;;
27618;IGACI;0045;0071;;não;;
27618;IGACI;0045;0072;;não;;
27618;IGACI;0045;0073;;não;;
27618;IGACI;0045;0074;;não;;
27618;IGACI;0045;0075;;não;;
27618;IGACI;0045;0143;;sim;04/10/2026;18:23:51
27618;IGACI;0045;0145;;sim;04/10/2026;18:23:54
27618;IGACI;0045;0149;0147;sim;04/10/2026;18:23:56
27618;IGACI;0045;0154;;não;;
27618;IGACI;0045;0157;;não;;
27618;IGACI;0045;0160;;não;;
27618;IGACI;0045;0162;;não;;
27618;IGACI;0045;0163;;não;;
27618;IGACI;0045;0166;;não;;
27677;JACARÉ DOS HOMENS;0029;0029;;não;;
27677;JACARÉ DOS HOMENS;0029;0030;;não;;
27677;JACARÉ DOS HOMENS;0029;0031;;não;;
27677;JACARÉ DOS HOMENS;0029;0032;;não;;
27677;JACARÉ DOS HOMENS;0029;0033;;não;;
27677;JACARÉ DOS HOMENS;0029;0034;;não;;
27677;JACARÉ DOS HOMENS;0029;0035;;não;;
27677;JACARÉ DOS HOMENS;0029;0036;;não;;
27677;JACARÉ DOS HOMENS;0029;0048;;não;;
27677;JACARÉ DOS HOMENS;0029;0054;;não;;
27677;JACARÉ DOS HOMENS;0029;0055;;não;;
27677;JACARÉ DOS HOMENS;0029;0060;;não;;
27677;JACARÉ DOS HOMENS;0029;0066;;não;;
27677;JACARÉ DOS HOMENS;0029;0070;;não;;
27790;JUNQUEIRO;0034;0183;;não;;
27790;JUNQUEIRO;0034;0184;0186;não;;
27790;JUNQUEIRO;0034;0187;0189;não;;
27790;JUNQUEIRO;0034;0190;0191;não;;
27790;JUNQUEIRO;0034;0193;0194;não;;
27790;JUNQUEIRO;0034;0195;0197;não;;
27790;JUNQUEIRO;0034;0198;0200;não;;
27790;JUNQUEIRO;0034;0202;;não;;
27790;JUNQUEIRO;0034;0203;;não;;
27790;JUNQUEIRO;0034;0204;;não;;
27790;JUNQUEIRO;0034;0205;;não;;
27790;JUNQUEIRO;0034;0207;;não;;
27790;JUNQUEIRO;0034;0208;;não;;
27790;JUNQUEIRO;0034;0209;;não;;
27790;JUNQUEIRO;0034;0210;;não;;
27790;JUNQUEIRO;0034;0211;;não;;
27790;JUNQUEIRO;0034;0212;;não;;
27790;JUNQUEIRO;0034;0213;;não;;
27790;JUNQUEIRO;0034;0214;;não;;
27790;JUNQUEIRO;0034;0215;;não;;
27790;JUNQUEIRO;0034;0216;;não;;
27790;JUNQUEIRO;0034;0217;;não;;
27790;JUNQUEIRO;0034;0218;;não;;
27790;JUNQUEIRO;0034;0219;;não;;
27790;JUNQUEIRO;0034;0220;;não;;
27790;JUNQUEIRO;0034;0221;;não;;
27790;JUNQUEIRO;0034;0222;;não;;
27790;JUNQUEIRO;0034;0223;0225;não;;
27790;JUNQUEIRO;0034;0226;0229;não;;
27790;JUNQUEIRO;0034;0230;0231;não;;
27790;JUNQUEIRO;0034;0232;;não;;
27790;JUNQUEIRO;0034;0233;;não;;
27790;JUNQUEIRO;0034;0234;;não;;
27790;JUNQUEIRO;0034;0235;;não;;
27790;JUNQUEIRO;0034;0236;;não;;
27790;JUNQUEIRO;0034;0237;;não;;
27790;JUNQUEIRO;0034;0238;;não;;
27790;JUNQUEIRO;0034;0239;;não;;
27790;JUNQUEIRO;0034;0240;;não;;
27790;JUNQUEIRO;0034;0241;;não;;
27790;JUNQUEIRO;0034;0242;0243, 0244;não;;
27790;JUNQUEIRO;0034;0245;0246;não;;
27790;JUNQUEIRO;0034;0247;0248;não;;
27790;JUNQUEIRO;0034;0249;;não;;
27790;JUNQUEIRO;0034;0250;;não;;
27790;JUNQUEIRO;0034;0251;;não;;
27790;JUNQUEIRO;0034;0252;;não;;
27790;JUNQUEIRO;0034;0253;;não;;
27790;JUNQUEIRO;0034;0254;;não;;
27790;JUNQUEIRO;0034;0255;;não;;
27790;JUNQUEIRO;0034;0256;;sim;04/10/2026;18:27:06
27790;JUNQUEIRO;0034;0257;;sim;04/10/2026;18:26:43
27790;JUNQUEIRO;0034;0258;;sim;04/10/2026;18:26:47
27790;JUNQUEIRO;0034;0259;;não;;
27790;JUNQUEIRO;0034;0260;;não;;
27790;JUNQUEIRO;0034;0261;;não;;
27790;JUNQUEIRO;0034;0262;;não;;
27790;JUNQUEIRO;0034;0263;;sim;04/10/2026;17:57:53
27790;JUNQUEIRO;0034;0264;;não;;
27790;JUNQUEIRO;0034;0265;;não;;
27790;JUNQUEIRO;0034;0266;;não;;
27790;JUNQUEIRO;0034;0268;;não;;
27790;JUNQUEIRO;0034;0277;;não;;
27855;MACEIÓ;0001;0001;;sim;04/10/2026;18:25:48
27855;MACEIÓ;0001;0003;;sim;04/10/2026;18:28:47
27855;MACEIÓ;0001;0005;;sim;04/10/2026;18:28:47
27855;MACEIÓ;0001;0007;;sim;04/10/2026;18:29:42
27855;MACEIÓ;0001;0009;;sim;04/10/2026;18:25:48
27855;MACEIÓ;0001;0011;0012;não;;
27855;MACEIÓ;0001;0013;0014;não;;
27855;MACEIÓ;0001;0015;0133;não;;
27855;MACEIÓ;0001;0016;;não;;
27855;MACEIÓ;0001;0017;;não;;
27855;MACEIÓ;0001;0018;;não;;
27855;MACEIÓ;0001;0019;;não;;
27855;MACEIÓ;0001;0020;;não;;
27855;MACEIÓ;0001;0021;;não;;
27855;MACEIÓ;0001;0022;;não;;
27855;MACEIÓ;0001;0023;;sim;04/10/2026;18:25:48
27855;MACEIÓ;0001;0025;;sim;04/10/2026;18:29:40
27855;MACEIÓ;0001;0027;;sim;04/10/2026;18:25:51
27855;MACEIÓ;0001;0029;;sim;04/10/2026;18:25:49
27855;MACEIÓ;0001;0031;;sim;04/10/2026;18:25:09
27855;MACEIÓ;0001;0033;;sim;04/10/2026;18:25:13
27855;MACEIÓ;0001;0035;;sim;04/10/2026;18:25:52
27855;MACEIÓ;0001;0039;;não;;
27855;MACEIÓ;0001;0044;;não;;
27855;MACEIÓ;0001;0045;;não;;
27855;MACEIÓ;0001;0046;;não;;
27855;MACEIÓ;0001;0047;;não;;
27855;MACEIÓ;0001;0048;;não;;
27855;MACEIÓ;0001;0049;;não;;
27855;MACEIÓ;0001;0050;;não;;
27855;MACEIÓ;0001;0051;0121, 0182;não;;
27855;MACEIÓ;0001;0053;;não;;
27855;MACEIÓ;0001;0062;;não;;
27855;MACEIÓ;0001;0063;;não;;
27855;MACEIÓ;0001;0064;;não;;
27855;MACEIÓ;0001;0065;;não;;
27855;MACEIÓ;0001;0066;;não;;
27855;MACEIÓ;0001;0067;;não;;
27855;MACEIÓ;0001;0068;;não;;
27855;MACEIÓ;0001;0069;;não;;
27855;MACEIÓ;0001;0070;;não;;
27855;MACEIÓ;0001;0071;;não;;
27855;MACEIÓ;0001;0072;;sim;04/10/2026;18:09:00
27855;MACEIÓ;0001;0086;;não;;
27855;MACEIÓ;0001;0087;;não;;
27855;MACEIÓ;0001;0088;;não;;
27855;MACEIÓ;0001;0089;;não;;
27855;MACEIÓ;0001;0090;;não;;
27855;MACEIÓ;0001;0091;;não;;
27855;MACEIÓ;0001;0092;;não;;
27855;MACEIÓ;0001;0093;;não;;
27855;MACEIÓ;0001;0094;;não;;
27855;MACEIÓ;0001;0095;;não;;
27855;MACEIÓ;0001;0096;;não;;
27855;MACEIÓ;0001;0097;;não;;
27855;MACEIÓ;0001;0098;;não;;
27855;MACEIÓ;0001;0112;;não;;
27855;MACEIÓ;0001;0113;;não;;
27855;MACEIÓ;0001;0114;;não;;
27855;MACEIÓ;0001;0115;0116;não;;
27855;MACEIÓ;0001;0117;0118;não;;
27855;MACEIÓ;0001;0119;0120;não;;
27855;MACEIÓ;0001;0134;0135;não;;
27855;MACEIÓ;0001;0136;;não;;
27855;MACEIÓ;0001;0137;0225;não;;
27855;MACEIÓ;0001;0138;;não;;
27855;MACEIÓ;0001;0139;;não;;
27855;MACEIÓ;0001;0140;;não;;
27855;MACEIÓ;0001;0141;;não;;
27855;MACEIÓ;0001;0142;;não;;
27855;MACEIÓ;0001;0143;;não;;
27855;MACEIÓ;0001;0144;;não;;
27855;MACEIÓ;0001;0145;;não;;
27855;MACEIÓ;0001;0146;;não;;
27855;MACEIÓ;0001;0167;;não;;
27855;MACEIÓ;0001;0168;;não;;
27855;MACEIÓ;0001;0169;;não;;
27855;MACEIÓ;0001;0170;;não;;
27855;MACEIÓ;0001;0171;;não;;
27855;MACEIÓ;0001;0172;;não;;
27855;MACEIÓ;0001;0175;;não;;
27855;MACEIÓ;0001;0176;0177;não;;
27855;MACEIÓ;0001;0178;;não;;
27855;MACEIÓ;0001;0179;;não;;
27855;MACEIÓ;0001;0180;;não;;
27855;MACEIÓ;0001;0183;0185, 0184;não;;
27855;MACEIÓ;0001;0186;0187, 0188;não;;
27855;MACEIÓ;0001;0189;0195, 0196;não;;
27855;MACEIÓ;0001;0190;0191;não;;
27855;MACEIÓ;0001;0192;0193;não;;
27855;MACEIÓ;0001;0194;;não;;
27855;MACEIÓ;0001;0197;0198;não;;
27855;MACEIÓ;0001;0200;;não;;
27855;MACEIÓ;0001;0204;;não;;
27855;MACEIÓ;0001;0206;;não;;
27855;MACEIÓ;0001;0210;;não;;
27855;MACEIÓ;0001;0212;;não;;
27855;MACEIÓ;0001;0213;;não;;
27855;MACEIÓ;0001;0215;;não;;
27855;MACEIÓ;0001;0216;;não;;
27855;MACEIÓ;0001;0219;;não;;
27855;MACEIÓ;0001;0220;;não;;
27855;MACEIÓ;0001;0223;;sim;04/10/2026;18:09:01
27855;MACEIÓ;0001;0227;;não;;
27855;MACEIÓ;0001;0235;0236;não;;
27855;MACEIÓ;0001;0237;0407;não;;
27855;MACEIÓ;0001;0240;;não;;
27855;MACEIÓ;0001;0242;;sim;04/10/2026;18:25:11
27855;MACEIÓ;0001;0243;;não;;
27855;MACEIÓ;0001;0245;;sim;04/10/2026;18:28:54
27855;MACEIÓ;0001;0246;;sim;04/10/2026;18:09:04
27855;MACEIÓ;0001;0248;;não;;
27855;MACEIÓ;0001;0252;;não;;
27855;MACEIÓ;0001;0253;;sim;04/10/2026;18:19:58
27855;MACEIÓ;0001;0260;;sim;04/10/2026;18:29:47
27855;MACEIÓ;0001;0261;;sim;04/10/2026;18:28:49
27855;MACEIÓ;0001;0262;;não;;
27855;MACEIÓ;0001;0266;;não;;
27855;MACEIÓ;0001;0267;;sim;04/10/2026;18:09:18
27855;MACEIÓ;0001;0272;;não;;
27855;MACEIÓ;0001;0273;;não;;
27855;MACEIÓ;0001;0276;;não;;
27855;MACEIÓ;0001;0286;;não;;
27855;MACEIÓ;0001;0291;;não;;
27855;MACEIÓ;0001;0292;;não;;
27855;MACEIÓ;0001;0297;;não;;
27855;MACEIÓ;0001;0301;;não;;
27855;MACEIÓ;0001;0303;;não;;
27855;MACEIÓ;0001;0308;;não;;
27855;MACEIÓ;0001;0311;;não;;
27855;MACEIÓ;0001;0325;0373;não;;
27855;MACEIÓ;0001;0327;;não;;
27855;MACEIÓ;0001;0338;;não;;
27855;MACEIÓ;0001;0342;;sim;04/10/2026;18:25:54
27855;MACEIÓ;0001;0344;;sim;04/10/2026;18:29:50
27855;MACEIÓ;0001;0350;;sim;04/10/2026;18:19:44
27855;MACEIÓ;0001;0355;;não;;
27855;MACEIÓ;0001;0360;;não;;
27855;MACEIÓ;0001;0362;0376;não;;
27855;MACEIÓ;0001;0368;;não;;
27855;MACEIÓ;0001;0374;;não;;
27855;MACEIÓ;0001;0375;;não;;
27855;MACEIÓ;0001;0377;;não;;
27855;MACEIÓ;0001;0378;;não;;
27855;MACEIÓ;0001;0379;;não;;
27855;MACEIÓ;0001;0380;;não;;
27855;MACEIÓ;0001;0381;;não;;
27855;MACEIÓ;0001;0382;;não;;
27855;MACEIÓ;0001;0383;;sim;04/10/2026;18:09:05
27855;MACEIÓ;0001;0384;;não;;
27855;MACEIÓ;0001;0385;;não;;
27855;MACEIÓ;0001;0386;;sim;04/10/2026;18:25:13
27855;MACEIÓ;0001;0387;;não;;
27855;MACEIÓ;0001;0388;;sim;04/10/2026;18:09:24
27855;MACEIÓ;0001;0389;;não;;
27855;MACEIÓ;0001;0390;;não;;
27855;MACEIÓ;0001;0391;;sim;04/10/2026;18:25:14
27855;MACEIÓ;0001;0392;;não;;
27855;MACEIÓ;0001;0393;;não;;
27855;MACEIÓ;0001;0394;;não;;
27855;MACEIÓ;0001;0395;;não;;
27855;MACEIÓ;0001;0396;;não;;
27855;MACEIÓ;0001;0397;;sim;04/10/2026;18:09:19
27855;MACEIÓ;0001;0398;;não;;
27855;MACEIÓ;0001;0399;;não;;
27855;MACEIÓ;0001;0400;;não;;
27855;MACEIÓ;0001;0401;;não;;
27855;MACEIÓ;0001;0402;;não;;
27855;MACEIÓ;0001;0403;;não;;
27855;MACEIÓ;0001;0404;0414;não;;
27855;MACEIÓ;0001;0405;;não;;
27855;MACEIÓ;0001;0406;;não;;
27855;MACEIÓ;0001;0408;;não;;
27855;MACEIÓ;0001;0409;;não;;
27855;MACEIÓ;0001;0410;;não;;
27855;MACEIÓ;0001;0412;;não;;
27855;MACEIÓ;0001;0413;;não;;
27855;MACEIÓ;0001;0415;;não;;
27855;MACEIÓ;0001;0416;;não;;
27855;MACEIÓ;0001;0417;;não;;
27855;MACEIÓ;0001;0418;;não;;
27855;MACEIÓ;0001;0419;;não;;
27855;MACEIÓ;0001;0420;;não;;
27855;MACEIÓ;0001;0421;;não;;
27855;MACEIÓ;0001;0422;;não;;
27855;MACEIÓ;0001;0423;0435;não;;
27855;MACEIÓ;0001;0424;;não;;
27855;MACEIÓ;0001;0425;;não;;
27855;MACEIÓ;0001;0426;;não;;
27855;MACEIÓ;0001;0427;;não;;
27855;MACEIÓ;0001;0428;;não;;
27855;MACEIÓ;0001;0429;;não;;
27855;MACEIÓ;0001;0430;;não;;
27855;MACEIÓ;0001;0431;;não;;
27855;MACEIÓ;0001;0432;;não;;
27855;MACEIÓ;0001;0433;;não;;
27855;MACEIÓ;0001;0434;;não;;
27855;MACEIÓ;0001;0436;;não;;
27855;MACEIÓ;0001;0437;;não;;
27855;MACEIÓ;0001;0438;;não;;
27855;MACEIÓ;0001;0439;;não;;
27855;MACEIÓ;0001;0440;;não;;
27855;MACEIÓ;0001;0441;;não;;
27855;MACEIÓ;0001;0442;;não;;
27855;MACEIÓ;0001;0443;;não;;
27855;MACEIÓ;0001;0444;;não;;
27855;MACEIÓ;0001;0445;;não;;
27855;MACEIÓ;0001;0446;;não;;
27855;MACEIÓ;0001;0447;;não;;
27855;MACEIÓ;0001;0448;;não;;
27855;MACEIÓ;0001;0449;;não;;
27855;MACEIÓ;0001;0450;;não;;
27855;MACEIÓ;0001;0451;;sim;04/10/2026;18:09:21
27855;MACEIÓ;0001;0452;;não;;
27855;MACEIÓ;0001;0453;;não;;
27855;MACEIÓ;0001;0454;0463;não;;
27855;MACEIÓ;0001;0455;;não;;
27855;MACEIÓ;0001;0456;;não;;
27855;MACEIÓ;0001;0457;;não;;
27855;MACEIÓ;0001;0458;;não;;
27855;MACEIÓ;0001;0459;;não;;
27855;MACEIÓ;0001;0460;;não;;
27855;MACEIÓ;0001;0461;;não;;
27855;MACEIÓ;0001;0462;;não;;
27855;MACEIÓ;0001;0464;;não;;
27855;MACEIÓ;0001;0468;;não;;
27855;MACEIÓ;0001;0469;;não;;
27855;MACEIÓ;0001;0470;;não;;
27855;MACEIÓ;0001;0471;;não;;
27855;MACEIÓ;0001;0472;0528;não;;
27855;MACEIÓ;0001;0473;;não;;
27855;MACEIÓ;0001;0474;0523, 0543, 0524;não;;
27855;MACEIÓ;0001;0475;;não;;
27855;MACEIÓ;0001;0476;;não;;
27855;MACEIÓ;0001;0477;;não;;
27855;MACEIÓ;0001;0478;;não;;
27855;MACEIÓ;0001;0479;;não;;
27855;MACEIÓ;0001;0480;;não;;
27855;MACEIÓ;0001;0481;;sim;04/10/2026;18:09:37
27855;MACEIÓ;0001;0482;;não;;
27855;MACEIÓ;0001;0483;;não;;
27855;MACEIÓ;0001;0484;;não;;
27855;MACEIÓ;0001;0485;;não;;
27855;MACEIÓ;0001;0486;;não;;
27855;MACEIÓ;0001;0487;;não;;
27855;MACEIÓ;0001;0488;;não;;
27855;MACEIÓ;0001;0489;;não;;
27855;MACEIÓ;0001;0490;;não;;
27855;MACEIÓ;0001;0491;;não;;
27855;MACEIÓ;0001;0492;;não;;
27855;MACEIÓ;0001;0493;;não;;
27855;MACEIÓ;0001;0494;;não;;
27855;MACEIÓ;0001;0495;;não;;
27855;MACEIÓ;0001;0496;;não;;
27855;MACEIÓ;0001;0497;;não;;
27855;MACEIÓ;0001;0498;;sim;04/10/2026;18:19:55
27855;MACEIÓ;0001;0499;;não;;
27855;MACEIÓ;0001;0500;;não;;
27855;MACEIÓ;0001;0501;;não;;
27855;MACEIÓ;0001;0502;;não;;
27855;MACEIÓ;0001;0503;;não;;
27855;MACEIÓ;0001;0504;;sim;04/10/2026;18:19:47
27855;MACEIÓ;0001;0505;;não;;
27855;MACEIÓ;0001;0506;;não;;
27855;MACEIÓ;0001;0507;;sim;04/10/2026;18:10:16
27855;MACEIÓ;0001;0508;;não;;
27855;MACEIÓ;0001;0509;;não;;
27855;MACEIÓ;0001;0510;;não;;
27855;MACEIÓ;0001;0511;;não;;
27855;MACEIÓ;0001;0512;;não;;
27855;MACEIÓ;0001;0513;;não;;
27855;MACEIÓ;0001;0514;;não;;
27855;MACEIÓ;0001;0515;;não;;
27855;MACEIÓ;0001;0516;;não;;
27855;MACEIÓ;0001;0517;;não;;
27855;MACEIÓ;0001;0518;;não;;
27855;MACEIÓ;0001;0519;;não;;
27855;MACEIÓ;0001;0521;;não;;
27855;MACEIÓ;0001;0522;;não;;
27855;MACEIÓ;0001;0525;;não;;
27855;MACEIÓ;0001;0526;;não;;
27855;MACEIÓ;0001;0527;;não;;
27855;MACEIÓ;0001;0529;;não;;
27855;MACEIÓ;0001;0530;;não;;
27855;MACEIÓ;0001;0531;;não;;
27855;MACEIÓ;0001;0532;;não;;
27855;MACEIÓ;0001;0533;0542;sim;04/10/2026;18:28:50
27855;MACEIÓ;0001;0534;;não;;
27855;MACEIÓ;0001;0535;;não;;
27855;MACEIÓ;0001;0536;;não;;
27855;MACEIÓ;0001;0537;;não;;
27855;MACEIÓ;0001;0538;;não;;
27855;MACEIÓ;0001;0539;;não;;
27855;MACEIÓ;0001;0540;;não;;
27855;MACEIÓ;0001;0541;;não;;
27855;MACEIÓ;0001;0544;;não;;
27855;MACEIÓ;0001;0545;;não;;
27855;MACEIÓ;0001;0546;;não;;
27855;MACEIÓ;0001;0547;;não;;
27855;MACEIÓ;0001;0548;;não;;
27855;MACEIÓ;0001;0549;;não;;
27855;MACEIÓ;0001;0552;;não;;
27855;MACEIÓ;0001;0553;;não;;
27855;MACEIÓ;0002;0001;;não;;
27855;MACEIÓ;0002;0002;;sim;04/10/2026;18:26:42
27855;MACEIÓ;0002;0003;;sim;04/10/2026;18:27:10
27855;MACEIÓ;0002;0004;;sim;04/10/2026;17:45:34
27855;MACEIÓ;0002;0005;;sim;04/10/2026;17:44:52
27855;MACEIÓ;0002;0006;;não;;
27855;MACEIÓ;0002;0007;;não;;
27855;MACEIÓ;0002;0008;;não;;
27855;MACEIÓ;0002;0009;;não;;
27855;MACEIÓ;0002;0010;;não;;
27855;MACEIÓ;0002;0011;;não;;
27855;MACEIÓ;0002;0012;;não;;
27855;MACEIÓ;0002;0013;;não;;
27855;MACEIÓ;0002;0014;;não;;
27855;MACEIÓ;0002;0015;;não;;
27855;MACEIÓ;0002;0016;;não;;
27855;MACEIÓ;0002;0017;;não;;
27855;MACEIÓ;0002;0018;;não;;
27855;MACEIÓ;0002;0019;;não;;
27855;MACEIÓ;0002;0020;;não;;
27855;MACEIÓ;0002;0021;;não;;
27855;MACEIÓ;0002;0022;;não;;
27855;MACEIÓ;0002;0023;;não;;
27855;MACEIÓ;0002;0024;;não;;
27855;MACEIÓ;0002;0025;;não;;
27855;MACEIÓ;0002;0026;;não;;
27855;MACEIÓ;0002;0027;;não;;
27855;MACEIÓ;0002;0028;;não;;
27855;MACEIÓ;0002;0029;;não;;
27855;MACEIÓ;0002;0030;;não;;
27855;MACEIÓ;0002;0031;;não;;
27855;MACEIÓ;0002;0032;;não;;
27855;MACEIÓ;0002;0033;;não;;
27855;MACEIÓ;0002;0034;;não;;
27855;MACEIÓ;0002;0035;;não;;
27855;MACEIÓ;0002;0036;;não;;
27855;MACEIÓ;0002;0037;;não;;
27855;MACEIÓ;0002;0038;;não;;
27855;MACEIÓ;0002;0039;;não;;
27855;MACEIÓ;0002;0040;;não;;
27855;MACEIÓ;0002;0041;;não;;
27855;MACEIÓ;0002;0042;;não;;
27855;MACEIÓ;0002;0043;;não;;
27855;MACEIÓ;0002;0044;;não;;
27855;MACEIÓ;0002;0045;;não;;
27855;MACEIÓ;0002;0046;;não;;
27855;MACEIÓ;0002;0047;;não;;
27855;MACEIÓ;0002;0048;;não;;
27855;MACEIÓ;0002;0049;;não;;
27855;MACEIÓ;0002;0050;;não;;
27855;MACEIÓ;0002;0051;;não;;
27855;MACEIÓ;0002;0052;;não;;
27855;MACEIÓ;0002;0053;;não;;
27855;MACEIÓ;0002;0054;;não;;
27855;MACEIÓ;0002;0055;;não;;
27855;MACEIÓ;0002;0056;;não;;
27855;MACEIÓ;0002;0057;;não;;
27855;MACEIÓ;0002;0058;;não;;
27855;MACEIÓ;0002;0059;;não;;
27855;MACEIÓ;0002;0060;;não;;
27855;MACEIÓ;0002;0061;;não;;
27855;MACEIÓ;0002;0062;;não;;
27855;MACEIÓ;0002;0063;;não;;
27855;MACEIÓ;0002;0064;;não;;
27855;MACEIÓ;0002;0065;;não;;
27855;MACEIÓ;0002;0066;;não;;
27855;MACEIÓ;0002;0067;;não;;
27855;MACEIÓ;0002;0068;;não;;
27855;MACEIÓ;0002;0069;;sim;04/10/2026;17:45:35
27855;MACEIÓ;0002;0070;;sim;04/10/2026;17:45:37
27855;MACEIÓ;0002;0071;;sim;04/10/2026;17:45:43
27855;MACEIÓ;0002;0072;;não;;
27855;MACEIÓ;0002;0073;;não;;
27855;MACEIÓ;0002;0074;;não;;
27855;MACEIÓ;0002;0075;;não;;
27855;MACEIÓ;0002;0076;;não;;
27855;MACEIÓ;0002;0077;;não;;
27855;MACEIÓ;0002;0078;;não;;
27855;MACEIÓ;0002;0079;;não;;
27855;MACEIÓ;0002;0081;;não;;
27855;MACEIÓ;0002;0083;;não;;
27855;MACEIÓ;0002;0085;;não;;
27855;MACEIÓ;0002;0086;;não;;
27855;MACEIÓ;0002;0087;;não;;
27855;MACEIÓ;0002;0088;;não;;
27855;MACEIÓ;0002;0089;;não;;
27855;MACEIÓ;0002;0090;;não;;
27855;MACEIÓ;0002;0091;;não;;
27855;MACEIÓ;0002;0092;;não;;
27855;MACEIÓ;0002;0093;;não;;
27855;MACEIÓ;0002;0094;;não;;
27855;MACEIÓ;0002;0095;;não;;
27855;MACEIÓ;0002;0096;;não;;
27855;MACEIÓ;0002;0097;;não;;
27855;MACEIÓ;0002;0098;;não;;
27855;MACEIÓ;0002;0099;;não;;
27855;MACEIÓ;0002;0100;;não;;
27855;MACEIÓ;0002;0101;;não;;
27855;MACEIÓ;0002;0102;;não;;
27855;MACEIÓ;0002;0103;;não;;
27855;MACEIÓ;0002;0104;;não;;
27855;MACEIÓ;0002;0105;;não;;
27855;MACEIÓ;0002;0106;;não;;
27855;MACEIÓ;0002;0107;;não;;
27855;MACEIÓ;0002;0108;;não;;
27855;MACEIÓ;0002;0109;;não;;
27855;MACEIÓ;0002;0110;;não;;
27855;MACEIÓ;0002;0111;;não;;
27855;MACEIÓ;0002;0112;;não;;
27855;MACEIÓ;0002;0113;;não;;
27855;MACEIÓ;0002;0114;;não;;
27855;MACEIÓ;0002;0115;;não;;
27855;MACEIÓ;0002;0116;;não;;
27855;MACEIÓ;0002;0117;;não;;
27855;MACEIÓ;0002;0118;;não;;
27855;MACEIÓ;0002;0119;;não;;
27855;MACEIÓ;0002;0120;;não;;
27855;MACEIÓ;0002;0121;;não;;
27855;MACEIÓ;0002;0122;;não;;
27855;MACEIÓ;0002;0123;;não;;
27855;MACEIÓ;0002;0124;;não;;
27855;MACEIÓ;0002;0125;;não;;
27855;MACEIÓ;0002;0126;;não;;
27855;MACEIÓ;0002;0127;;não;;
27855;MACEIÓ;0002;0128;;não;;
27855;MACEIÓ;0002;0129;;não;;
27855;MACEIÓ;0002;0130;;não;;
27855;MACEIÓ;0002;0131;;não;;
27855;MACEIÓ;0002;0132;;não;;
27855;MACEIÓ;0002;0133;;não;;
27855;MACEIÓ;0002;0134;;não;;
27855;MACEIÓ;0002;0135;;sim;04/10/2026;18:26:51
27855;MACEIÓ;0002;0136;;sim;04/10/2026;18:09:52
27855;MACEIÓ;0002;0137;;sim;04/10/2026;18:09:44
27855;MACEIÓ;0002;0138;;sim;04/10/2026;17:56:48
27855;MACEIÓ;0002;0139;;sim;04/10/2026;17:56:50
27855;MACEIÓ;0002;0140;;sim;04/10/2026;18:26:52
27855;MACEIÓ;0002;0141;;sim;04/10/2026;17:56:52
27855;MACEIÓ;0002;0142;;sim;04/10/2026;18:09:52
27855;MACEIÓ;0002;0143;;não;;
27855;MACEIÓ;0002;0144;;não;;
27855;MACEIÓ;0002;0145;;não;;
27855;MACEIÓ;0002;0146;;não;;
27855;MACEIÓ;0002;0147;;não;;
27855;MACEIÓ;0002;0148;;não;;
27855;MACEIÓ;0002;0149;0166;não;;
27855;MACEIÓ;0002;0150;0165, 0164;não;;
27855;MACEIÓ;0002;0151;;não;;
27855;MACEIÓ;0002;0152;;não;;
27855;MACEIÓ;0002;0153;;não;;
27855;MACEIÓ;0002;0154;;não;;
27855;MACEIÓ;0002;0155;;não;;
27855;MACEIÓ;0002;0156;;não;;
27855;MACEIÓ;0002;0157;;não;;
27855;MACEIÓ;0002;0158;;não;;
27855;MACEIÓ;0002;0159;;não;;
27855;MACEIÓ;0002;0160;;não;;
27855;MACEIÓ;0002;0161;;não;;
27855;MACEIÓ;0002;0162;;não;;
27855;MACEIÓ;0002;0163;;não;;
27855;MACEIÓ;0002;0167;;não;;
27855;MACEIÓ;0002;0168;;não;;
27855;MACEIÓ;0002;0169;;não;;
27855;MACEIÓ;0002;0170;;não;;
27855;MACEIÓ;0002;0171;;não;;
27855;MACEIÓ;0002;0172;;não;;
27855;MACEIÓ;0002;0173;;não;;
27855;MACEIÓ;0002;0174;;não;;
27855;MACEIÓ;0002;0175;;não;;
27855;MACEIÓ;0002;0176;;não;;
27855;MACEIÓ;0002;0177;;não;;
27855;MACEIÓ;0002;0178;;não;;
27855;MACEIÓ;0002;0179;;não;;
27855;MACEIÓ;0002;0180;;não;;
27855;MACEIÓ;0002;0181;;não;;
27855;MACEIÓ;0002;0182;;não;;
27855;MACEIÓ;0002;0183;;não;;
27855;MACEIÓ;0002;0184;;não;;
27855;MACEIÓ;0002;0185;;não;;
27855;MACEIÓ;0002;0186;;não;;
27855;MACEIÓ;0002;0187;;não;;
27855;MACEIÓ;0002;0188;;não;;
27855;MACEIÓ;0002;0189;;não;;
27855;MACEIÓ;0002;0190;;não;;
27855;MACEIÓ;0002;0191;;não;;
27855;MACEIÓ;0002;0192;;não;;
27855;MACEIÓ;0002;0193;;não;;
27855;MACEIÓ;0002;0194;;não;;
27855;MACEIÓ;0002;0195;;não;;
27855;MACEIÓ;0002;0196;;não;;
27855;MACEIÓ;0002;0197;;não;;
27855;MACEIÓ;0002;0198;;não;;
27855;MACEIÓ;0002;0199;;não;;
27855;MACEIÓ;0002;0200;;não;;
27855;MACEIÓ;0002;0201;;não;;
27855;MACEIÓ;0002;0202;;não;;
27855;MACEIÓ;0002;0203;;não;;
27855;MACEIÓ;0002;0204;;não;;
27855;MACEIÓ;0002;0205;;não;;
27855;MACEIÓ;0002;0206;;não;;
27855;MACEIÓ;0002;0207;;não;;
27855;MACEIÓ;0002;0209;;não;;
27855;MACEIÓ;0002;0211;;não;;
27855;MACEIÓ;0002;0212;;não;;
27855;MACEIÓ;0002;0213;;não;;
27855;MACEIÓ;0002;0214;;não;;
27855;MACEIÓ;0002;0215;;não;;
27855;MACEIÓ;0002;0216;;não;;
27855;MACEIÓ;0002;0217;;não;;
27855;MACEIÓ;0002;0218;;não;;
27855;MACEIÓ;0002;0219;;não;;
27855;MACEIÓ;0002;0220;;não;;
27855;MACEIÓ;0002;0221;;não;;
27855;MACEIÓ;0002;0222;;não;;
27855;MACEIÓ;0002;0223;;não;;
27855;MACEIÓ;0002;0224;;não;;
27855;MACEIÓ;0002;0225;;não;;
27855;MACEIÓ;0002;0227;;não;;
27855;MACEIÓ;0002;0228;;não;;
27855;MACEIÓ;0002;0229;;não;;
27855;MACEIÓ;0002;0230;;não;;
27855;MACEIÓ;0002;0231;;não;;
27855;MACEIÓ;0002;0232;;não;;
27855;MACEIÓ;0002;0234;;sim;04/10/2026;17:45:40
27855;MACEIÓ;0002;0235;;não;;
27855;MACEIÓ;0002;0236;;não;;
27855;MACEIÓ;0002;0237;;não;;
27855;MACEIÓ;0002;0239;;não;;
27855;MACEIÓ;0002;0241;;não;;
27855;MACEIÓ;0002;0243;;não;;
27855;MACEIÓ;0002;0244;;não;;
27855;MACEIÓ;0002;0245;;não;;
27855;MACEIÓ;0002;0246;;não;;
27855;MACEIÓ;0002;0247;;não;;
27855;MACEIÓ;0002;0248;;não;;
27855;MACEIÓ;0002;0249;;não;;
27855;MACEIÓ;0002;0250;;não;;
27855;MACEIÓ;0002;0251;;não;;
27855;MACEIÓ;0002;0252;;não;;
27855;MACEIÓ;0002;0253;;não;;
27855;MACEIÓ;0002;0254;;não;;
27855;MACEIÓ;0002;0255;;não;;
27855;MACEIÓ;0002;0256;;não;;
27855;MACEIÓ;0002;0257;;não;;
27855;MACEIÓ;0002;0258;;não;;
27855;MACEIÓ;0002;0261;;sim;04/10/2026;17:45:42
27855;MACEIÓ;0002;0262;;não;;
27855;MACEIÓ;0002;0263;;não;;
27855;MACEIÓ;0002;0264;;não;;
27855;MACEIÓ;0002;0266;;não;;
27855;MACEIÓ;0002;0267;;não;;
27855;MACEIÓ;0002;0268;;não;;
27855;MACEIÓ;0002;0270;;não;;
27855;MACEIÓ;0002;0271;;não;;
27855;MACEIÓ;0002;0272;;não;;
27855;MACEIÓ;0002;0273;;não;;
27855;MACEIÓ;0002;0274;;não;;
27855;MACEIÓ;0002;0275;;não;;
27855;MACEIÓ;0002;0276;;não;;
27855;MACEIÓ;0002;0277;;sim;04/10/2026;18:31:15
27855;MACEIÓ;0002;0278;;não;;
27855;MACEIÓ;0002;0279;;não;;
27855;MACEIÓ;0002;0280;;não;;
27855;MACEIÓ;0002;0281;;não;;
27855;MACEIÓ;0002;0282;;não;;
27855;MACEIÓ;0002;0283;;não;;
27855;MACEIÓ;0002;0284;;não;;
27855;MACEIÓ;0002;0285;;não;;
27855;MACEIÓ;0002;0286;;não;;
27855;MACEIÓ;0002;0287;;não;;
27855;MACEIÓ;0002;0288;;não;;
27855;MACEIÓ;0002;0289;;não;;
27855;MACEIÓ;0002;0290;;não;;
27855;MACEIÓ;0002;0291;;não;;
27855;MACEIÓ;0002;0292;;não;;
27855;MACEIÓ;0002;0293;;não;;
27855;MACEIÓ;0002;0294;;não;;
27855;MACEIÓ;0002;0295;;não;;
27855;MACEIÓ;0002;0296;;não;;
27855;MACEIÓ;0002;0297;;não;;
27855;MACEIÓ;0002;0298;;não;;
27855;MACEIÓ;0002;0299;;sim;04/10/2026;18:28:40
27855;MACEIÓ;0002;0300;;não;;
27855;MACEIÓ;0002;0301;;não;;
27855;MACEIÓ;0002;0302;;não;;
27855;MACEIÓ;0002;0303;;não;;
27855;MACEIÓ;0002;0304;;não;;
27855;MACEIÓ;0002;0305;;não;;
27855;MACEIÓ;0002;0306;;sim;04/10/2026;18:26:54
27855;MACEIÓ;0002;0307;;não;;
27855;MACEIÓ;0002;0308;;não;;
27855;MACEIÓ;0002;0309;;não;;
27855;MACEIÓ;0002;0310;;não;;
27855;MACEIÓ;0002;0311;;não;;
27855;MACEIÓ;0002;0312;;não;;
27855;MACEIÓ;0002;0313;;não;;
27855;MACEIÓ;0002;0314;;não;;
27855;MACEIÓ;0002;0315;;não;;
27855;MACEIÓ;0002;0316;;não;;
27855;MACEIÓ;0002;0317;;não;;
27855;MACEIÓ;0002;0318;;não;;
27855;MACEIÓ;0002;0319;;não;;
27855;MACEIÓ;0002;0320;;não;;
27855;MACEIÓ;0002;0321;;não;;
27855;MACEIÓ;0002;0322;;não;;
27855;MACEIÓ;0002;0323;;não;;
27855;MACEIÓ;0002;0324;;não;;
27855;MACEIÓ;0002;0325;;não;;
27855;MACEIÓ;0002;0326;;sim;04/10/2026;17:51:37
27855;MACEIÓ;0002;0327;;não;;
27855;MACEIÓ;0002;0328;;não;;
27855;MACEIÓ;0002;0329;;não;;
27855;MACEIÓ;0002;0330;;não;;
27855;MACEIÓ;0002;0331;;não;;
27855;MACEIÓ;0002;0332;;não;;
27855;MACEIÓ;0002;0333;;sim;04/10/2026;17:51:39
27855;MACEIÓ;0002;0334;;não;;
27855;MACEIÓ;0002;0335;;não;;
27855;MACEIÓ;0002;0336;;não;;
27855;MACEIÓ;0002;0337;;não;;
27855;MACEIÓ;0002;0339;;não;;
27855;MACEIÓ;0002;0340;;não;;
27855;MACEIÓ;0002;0341;;não;;
27855;MACEIÓ;0002;0342;;sim;04/10/2026;18:00:36
27855;MACEIÓ;0002;0343;;sim;04/10/2026;17:26:32
27855;MACEIÓ;0002;0344;;não;;
27855;MACEIÓ;0002;0345;;sim;04/10/2026;17:25:35
27855;MACEIÓ;0002;0346;;não;;
27855;MACEIÓ;0002;0347;;sim;04/10/2026;18:26:48
27855;MACEIÓ;0002;0348;;não;;
27855;MACEIÓ;0002;0349;;não;;
27855;MACEIÓ;0002;0350;;não;;
27855;MACEIÓ;0002;0352;;não;;
27855;MACEIÓ;0002;0354;;sim;04/10/2026;17:45:42
27855;MACEIÓ;0002;0355;;não;;
27855;MACEIÓ;0002;0356;;não;;
27855;MACEIÓ;0002;0358;;não;;
27855;MACEIÓ;0002;0359;;sim;04/10/2026;17:35:38
27855;MACEIÓ;0002;0360;;sim;04/10/2026;17:51:42
27855;MACEIÓ;0002;0361;;sim;04/10/2026;17:52:02
27855;MACEIÓ;0002;0362;;sim;04/10/2026;17:51:51
27855;MACEIÓ;0002;0363;;sim;04/10/2026;18:00:40
27855;MACEIÓ;0002;0364;;sim;04/10/2026;18:28:43
27855;MACEIÓ;0002;0365;;sim;04/10/2026;17:54:44
27855;MACEIÓ;0002;0366;;sim;04/10/2026;17:35:38
27855;MACEIÓ;0002;0367;;não;;
27855;MACEIÓ;0002;0368;;sim;04/10/2026;17:35:39
27855;MACEIÓ;0002;0369;;não;;
27855;MACEIÓ;0002;0370;;não;;
27855;MACEIÓ;0002;0371;;sim;04/10/2026;18:10:02
27855;MACEIÓ;0002;0372;;sim;04/10/2026;17:35:45
27855;MACEIÓ;0002;0373;;sim;04/10/2026;17:54:44
27855;MACEIÓ;0002;0374;;não;;
27855;MACEIÓ;0002;0375;;não;;
27855;MACEIÓ;0002;0376;;sim;04/10/2026;18:09:56
27855;MACEIÓ;0002;0377;;não;;
27855;MACEIÓ;0002;0379;;sim;04/10/2026;17:35:46
27855;MACEIÓ;0002;0380;;não;;
27855;MACEIÓ;0002;0381;;não;;
27855;MACEIÓ;0002;0382;;sim;04/10/2026;18:10:00
27855;MACEIÓ;0002;0383;;não;;
27855;MACEIÓ;0002;0384;;não;;
27855;MACEIÓ;0002;0385;;não;;
27855;MACEIÓ;0002;0386;;não;;
27855;MACEIÓ;0002;0387;;não;;
27855;MACEIÓ;0002;0388;;não;;
27855;MACEIÓ;0002;0389;;sim;04/10/2026;17:56:52
27855;MACEIÓ;0002;0390;;não;;
27855;MACEIÓ;0002;0391;;não;;
27855;MACEIÓ;0002;0392;;não;;
27855;MACEIÓ;0002;0393;;não;;
27855;MACEIÓ;0002;0394;;não;;
27855;MACEIÓ;0002;0395;;não;;
27855;MACEIÓ;0002;0396;;não;;
27855;MACEIÓ;0002;0397;;não;;
27855;MACEIÓ;0002;0398;;não;;
27855;MACEIÓ;0002;0399;;não;;
27855;MACEIÓ;0002;0400;;sim;04/10/2026;18:09:57
27855;MACEIÓ;0002;0401;;não;;
27855;MACEIÓ;0002;0402;;não;;
27855;MACEIÓ;0002;0403;;não;;
27855;MACEIÓ;0002;0404;;não;;
27855;MACEIÓ;0002;0405;;sim;04/10/2026;18:10:00
27855;MACEIÓ;0002;0406;;não;;
27855;MACEIÓ;0002;0407;;sim;04/10/2026;17:57:40
27855;MACEIÓ;0002;0408;;sim;04/10/2026;17:57:36
27855;MACEIÓ;0002;0409;;sim;04/10/2026;18:10:00
27855;MACEIÓ;0002;0411;;sim;04/10/2026;17:57:38
27855;MACEIÓ;0002;0412;;sim;04/10/2026;18:27:22
27855;MACEIÓ;0002;0413;0420;não;;
27855;MACEIÓ;0002;0414;0419;não;;
27855;MACEIÓ;0002;0415;;não;;
27855;MACEIÓ;0002;0416;;não;;
27855;MACEIÓ;0002;0417;;não;;
27855;MACEIÓ;0002;0418;;não;;
27855;MACEIÓ;0002;0421;;não;;
27855;MACEIÓ;0002;0422;;não;;
27855;MACEIÓ;0002;0424;;não;;
27855;MACEIÓ;0002;0425;;não;;
27855;MACEIÓ;0002;0427;;não;;
27855;MACEIÓ;0002;0429;;não;;
27855;MACEIÓ;0002;0430;;não;;
27855;MACEIÓ;0002;0431;;não;;
27855;MACEIÓ;0002;0432;;não;;
27855;MACEIÓ;0002;0433;;não;;
27855;MACEIÓ;0002;0434;;não;;
27855;MACEIÓ;0002;0437;;não;;
27855;MACEIÓ;0002;0438;;não;;
27855;MACEIÓ;0002;0439;;não;;
27855;MACEIÓ;0002;0440;;sim;04/10/2026;17:57:39
27855;MACEIÓ;0002;0441;;não;;
27855;MACEIÓ;0002;0442;;sim;04/10/2026;18:12:57
27855;MACEIÓ;0002;0443;;não;;
27855;MACEIÓ;0002;0444;;não;;
27855;MACEIÓ;0002;0445;;sim;04/10/2026;17:57:43
27855;MACEIÓ;0003;0001;;não;;
27855;MACEIÓ;0003;0005;;não;;
27855;MACEIÓ;0003;0007;;não;;
27855;MACEIÓ;0003;0010;;não;;
27855;MACEIÓ;0003;0011;;não;;
27855;MACEIÓ;0003;0016;;não;;
27855;MACEIÓ;0003;0019;;não;;
27855;MACEIÓ;0003;0020;;não;;
27855;MACEIÓ;0003;0022;;não;;
27855;MACEIÓ;0003;0023;;não;;
27855;MACEIÓ;0003;0025;;não;;
27855;MACEIÓ;0003;0027;;não;;
27855;MACEIÓ;0003;0029;;não;;
27855;MACEIÓ;0003;0030;;não;;
27855;MACEIÓ;0003;0031;;não;;
27855;MACEIÓ;0003;0032;;não;;
27855;MACEIÓ;0003;0033;;não;;
27855;MACEIÓ;0003;0034;;não;;
27855;MACEIÓ;0003;0035;;não;;
27855;MACEIÓ;0003;0036;;não;;
27855;MACEIÓ;0003;0037;;não;;
27855;MACEIÓ;0003;0038;;não;;
27855;MACEIÓ;0003;0039;;não;;
27855;MACEIÓ;0003;0040;;não;;
27855;MACEIÓ;0003;0041;;não;;
27855;MACEIÓ;0003;0042;;não;;
27855;MACEIÓ;0003;0043;;não;;
27855;MACEIÓ;0003;0044;;não;;
27855;MACEIÓ;0003;0045;;não;;
27855;MACEIÓ;0003;0046;;não;;
27855;MACEIÓ;0003;0047;;não;;
27855;MACEIÓ;0003;0048;;não;;
27855;MACEIÓ;0003;0049;;não;;
27855;MACEIÓ;0003;0050;;não;;
27855;MACEIÓ;0003;0051;;sim;04/10/2026;18:12:06
27855;MACEIÓ;0003;0052;;sim;04/10/2026;18:12:43
27855;MACEIÓ;0003;0053;;sim;04/10/2026;18:12:46
27855;MACEIÓ;0003;0054;;sim;04/10/2026;18:12:43
27855;MACEIÓ;0003;0055;;sim;04/10/2026;18:13:01
27855;MACEIÓ;0003;0056;;sim;04/10/2026;18:12:56
27855;MACEIÓ;0003;0057;;não;;
27855;MACEIÓ;0003;0058;;não;;
27855;MACEIÓ;0003;0059;;sim;04/10/2026;18:13:02
27855;MACEIÓ;0003;0060;;não;;
27855;MACEIÓ;0003;0061;;não;;
27855;MACEIÓ;0003;0062;;não;;
27855;MACEIÓ;0003;0064;;não;;
27855;MACEIÓ;0003;0066;;não;;
27855;MACEIÓ;0003;0068;;não;;
27855;MACEIÓ;0003;0070;;não;;
27855;MACEIÓ;0003;0071;;sim;04/10/2026;18:23:15
27855;MACEIÓ;0003;0072;;sim;04/10/2026;17:58:51
27855;MACEIÓ;0003;0073;;sim;04/10/2026;18:09:49
27855;MACEIÓ;0003;0074;;sim;04/10/2026;17:58:53
27855;MACEIÓ;0003;0075;;sim;04/10/2026;17:59:40
27855;MACEIÓ;0003;0076;;sim;04/10/2026;17:59:37
27855;MACEIÓ;0003;0077;;sim;04/10/2026;17:59:39
27855;MACEIÓ;0003;0078;;sim;04/10/2026;17:59:41
27855;MACEIÓ;0003;0079;;não;;
27855;MACEIÓ;0003;0080;;não;;
27855;MACEIÓ;0003;0081;;não;;
27855;MACEIÓ;0003;0082;;não;;
27855;MACEIÓ;0003;0083;;não;;
27855;MACEIÓ;0003;0084;;não;;
27855;MACEIÓ;0003;0085;;não;;
27855;MACEIÓ;0003;0086;;não;;
27855;MACEIÓ;0003;0087;;não;;
27855;MACEIÓ;0003;0088;;não;;
27855;MACEIÓ;0003;0089;;não;;
27855;MACEIÓ;0003;0091;;não;;
27855;MACEIÓ;0003;0092;;sim;04/10/2026;17:59:42
27855;MACEIÓ;0003;0093;;sim;04/10/2026;17:59:42
27855;MACEIÓ;0003;0094;;sim;04/10/2026;18:09:59
27855;MACEIÓ;0003;0095;;sim;04/10/2026;17:59:51
27855;MACEIÓ;0003;0097;;não;;
27855;MACEIÓ;0003;0098;;não;;
27855;MACEIÓ;0003;0099;;não;;
27855;MACEIÓ;0003;0100;;não;;
27855;MACEIÓ;0003;0101;;não;;
27855;MACEIÓ;0003;0102;;não;;
27855;MACEIÓ;0003;0103;;não;;
27855;MACEIÓ;0003;0104;;não;;
27855;MACEIÓ;0003;0105;;não;;
27855;MACEIÓ;0003;0106;;não;;
27855;MACEIÓ;0003;0107;;não;;
27855;MACEIÓ;0003;0108;;não;;
27855;MACEIÓ;0003;0109;;não;;
27855;MACEIÓ;0003;0110;;não;;
27855;MACEIÓ;0003;0111;;não;;
27855;MACEIÓ;0003;0112;;não;;
27855;MACEIÓ;0003;0113;;não;;
27855;MACEIÓ;0003;0114;;não;;
27855;MACEIÓ;0003;0115;;não;;
27855;MACEIÓ;0003;0117;;não;;
27855;MACEIÓ;0003;0121;;não;;
27855;MACEIÓ;0003;0122;;não;;
27855;MACEIÓ;0003;0123;;sim;04/10/2026;18:20:43
27855;MACEIÓ;0003;0124;;sim;04/10/2026;18:20:43
27855;MACEIÓ;0003;0125;;sim;04/10/2026;18:20:46
27855;MACEIÓ;0003;0126;;sim;04/10/2026;18:20:48
27855;MACEIÓ;0003;0127;;sim;04/10/2026;18:20:48
27855;MACEIÓ;0003;0128;;não;;
27855;MACEIÓ;0003;0129;;não;;
27855;MACEIÓ;0003;0130;;não;;
27855;MACEIÓ;0003;0131;;não;;
27855;MACEIÓ;0003;0132;;não;;
27855;MACEIÓ;0003;0133;;sim;04/10/2026;18:20:52
27855;MACEIÓ;0003;0134;;sim;04/10/2026;18:20:58
27855;MACEIÓ;0003;0135;;não;;
27855;MACEIÓ;0003;0136;;não;;
27855;MACEIÓ;0003;0137;;não;;
27855;MACEIÓ;0003;0138;;não;;
27855;MACEIÓ;0003;0139;;não;;
27855;MACEIÓ;0003;0140;;não;;
27855;MACEIÓ;0003;0141;;não;;
27855;MACEIÓ;0003;0142;;não;;
27855;MACEIÓ;0003;0144;;não;;
27855;MACEIÓ;0003;0145;;não;;
27855;MACEIÓ;0003;0146;;não;;
27855;MACEIÓ;0003;0147;;não;;
27855;MACEIÓ;0003;0148;;não;;
27855;MACEIÓ;0003;0149;;não;;
27855;MACEIÓ;0003;0150;;sim;04/10/2026;17:59:46
27855;MACEIÓ;0003;0151;;não;;
27855;MACEIÓ;0003;0152;;não;;
27855;MACEIÓ;0003;0153;;não;;
27855;MACEIÓ;0003;0154;;não;;
27855;MACEIÓ;0003;0155;;não;;
27855;MACEIÓ;0003;0157;;não;;
27855;MACEIÓ;0003;0160;;não;;
27855;MACEIÓ;0003;0162;;não;;
27855;MACEIÓ;0003;0164;;não;;
27855;MACEIÓ;0003;0165;;não;;
27855;MACEIÓ;0003;0166;;não;;
27855;MACEIÓ;0003;0167;;não;;
27855;MACEIÓ;0003;0168;;não;;
27855;MACEIÓ;0003;0169;;não;;
27855;MACEIÓ;0003;0171;;não;;
27855;MACEIÓ;0003;0172;;não;;
27855;MACEIÓ;0003;0173;;não;;
27855;MACEIÓ;0003;0174;;não;;
27855;MACEIÓ;0003;0175;;não;;
27855;MACEIÓ;0003;0176;;não;;
27855;MACEIÓ;0003;0177;;não;;
27855;MACEIÓ;0003;0178;;não;;
27855;MACEIÓ;0003;0179;;não;;
27855;MACEIÓ;0003;0180;;não;;
27855;MACEIÓ;0003;0181;;não;;
27855;MACEIÓ;0003;0182;;não;;
27855;MACEIÓ;0003;0187;;não;;
27855;MACEIÓ;0003;0188;;não;;
27855;MACEIÓ;0003;0189;;não;;
27855;MACEIÓ;0003;0191;;não;;
27855;MACEIÓ;0003;0192;;não;;
27855;MACEIÓ;0003;0193;;não;;
27855;MACEIÓ;0003;0194;;não;;
27855;MACEIÓ;0003;0195;;não;;
27855;MACEIÓ;0003;0198;;não;;
27855;MACEIÓ;0003;0199;;não;;
27855;MACEIÓ;0003;0200;;não;;
27855;MACEIÓ;0003;0201;;não;;
27855;MACEIÓ;0003;0202;;não;;
27855;MACEIÓ;0003;0204;;não;;
27855;MACEIÓ;0003;0205;;não;;
27855;MACEIÓ;0003;0206;;não;;
27855;MACEIÓ;0003;0207;;não;;
27855;MACEIÓ;0003;0208;;não;;
27855;MACEIÓ;0003;0210;;não;;
27855;MACEIÓ;0003;0211;;não;;
27855;MACEIÓ;0003;0213;;não;;
27855;MACEIÓ;0003;0214;;não;;
27855;MACEIÓ;0003;0215;;não;;
27855;MACEIÓ;0003;0216;;não;;
27855;MACEIÓ;0003;0217;;não;;
27855;MACEIÓ;0003;0218;;não;;
27855;MACEIÓ;0003;0219;;não;;
27855;MACEIÓ;0003;0220;;não;;
27855;MACEIÓ;0003;0222;;não;;
27855;MACEIÓ;0003;0223;;não;;
27855;MACEIÓ;0003;0224;;não;;
27855;MACEIÓ;0003;0225;;não;;
27855;MACEIÓ;0003;0226;;não;;
27855;MACEIÓ;0003;0228;;não;;
27855;MACEIÓ;0003;0229;;não;;
27855;MACEIÓ;0003;0230;;não;;
27855;MACEIÓ;0003;0231;;não;;
27855;MACEIÓ;0003;0232;;não;;
27855;MACEIÓ;0003;0234;;não;;
27855;MACEIÓ;0003;0235;;não;;
27855;MACEIÓ;0003;0237;;não;;
27855;MACEIÓ;0003;0239;;não;;
27855;MACEIÓ;0003;0240;;não;;
27855;MACEIÓ;0003;0241;;não;;
27855;MACEIÓ;0003;0242;;não;;
27855;MACEIÓ;0003;0243;;não;;
27855;MACEIÓ;0003;0244;;não;;
27855;MACEIÓ;0003;0245;;não;;
27855;MACEIÓ;0003;0246;;não;;
27855;MACEIÓ;0003;0248;;não;;
27855;MACEIÓ;0003;0249;;não;;
27855;MACEIÓ;0003;0250;;não;;
27855;MACEIÓ;0003;0251;;não;;
27855;MACEIÓ;0003;0256;;não;;
27855;MACEIÓ;0003;0257;;não;;
27855;MACEIÓ;0003;0258;;não;;
27855;MACEIÓ;0003;0259;;não;;
27855;MACEIÓ;0003;0260;;não;;
27855;MACEIÓ;0003;0261;;não;;
27855;MACEIÓ;0003;0262;;não;;
27855;MACEIÓ;0003;0263;;não;;
27855;MACEIÓ;0003;0264;;não;;
27855;MACEIÓ;0003;0265;;não;;
27855;MACEIÓ;0003;0266;;não;;
27855;MACEIÓ;0003;0267;;não;;
27855;MACEIÓ;0003;0268;;não;;
27855;MACEIÓ;0003;0269;;não;;
27855;MACEIÓ;0003;0270;;não;;
27855;MACEIÓ;0003;0271;;não;;
27855;MACEIÓ;0003;0272;;não;;
27855;MACEIÓ;0003;0273;;não;;
27855;MACEIÓ;0003;0274;;não;;
27855;MACEIÓ;0003;0275;;não;;
27855;MACEIÓ;0003;0276;;não;;
27855;MACEIÓ;0003;0277;;não;;
27855;MACEIÓ;0003;0278;;não;;
27855;MACEIÓ;0003;0279;;não;;
27855;MACEIÓ;0003;0280;;não;;
27855;MACEIÓ;0003;0281;;não;;
27855;MACEIÓ;0003;0282;;sim;04/10/2026;18:20:56
27855;MACEIÓ;0003;0283;;não;;
27855;MACEIÓ;0003;0284;;não;;
27855;MACEIÓ;0003;0287;;não;;
27855;MACEIÓ;0003;0288;;não;;
27855;MACEIÓ;0003;0292;;não;;
27855;MACEIÓ;0003;0293;;não;;
27855;MACEIÓ;0003;0294;;não;;
27855;MACEIÓ;0003;0295;;não;;
27855;MACEIÓ;0003;0297;;não;;
27855;MACEIÓ;0003;0298;;não;;
27855;MACEIÓ;0003;0299;;não;;
27855;MACEIÓ;0003;0301;;não;;
27855;MACEIÓ;0003;0302;;não;;
27855;MACEIÓ;0003;0303;;não;;
27855;MACEIÓ;0003;0304;;não;;
27855;MACEIÓ;0003;0306;;não;;
27855;MACEIÓ;0003;0307;;não;;
27855;MACEIÓ;0003;0308;;não;;
27855;MACEIÓ;0003;0309;;não;;
27855;MACEIÓ;0003;0310;;não;;
27855;MACEIÓ;0003;0313;;sim;04/10/2026;17:59:47
27855;MACEIÓ;0003;0314;;não;;
27855;MACEIÓ;0003;0315;;sim;04/10/2026;18:13:04
27855;MACEIÓ;0003;0316;;não;;
27855;MACEIÓ;0003;0317;;não;;
27855;MACEIÓ;0003;0318;;não;;
27855;MACEIÓ;0003;0320;;não;;
27855;MACEIÓ;0003;0321;;não;;
27855;MACEIÓ;0003;0323;;não;;
27855;MACEIÓ;0003;0324;;não;;
27855;MACEIÓ;0003;0325;;não;;
27855;MACEIÓ;0003;0327;;não;;
27855;MACEIÓ;0003;0328;;não;;
27855;MACEIÓ;0003;0329;;sim;04/10/2026;18:20:56
27855;MACEIÓ;0003;0330;;não;;
27855;MACEIÓ;0003;0331;;não;;
27855;MACEIÓ;0003;0332;;não;;
27855;MACEIÓ;0003;0333;;não;;
27855;MACEIÓ;0003;0334;;não;;
27855;MACEIÓ;0003;0336;;não;;
27855;MACEIÓ;0003;0337;;não;;
27855;MACEIÓ;0003;0338;;não;;
27855;MACEIÓ;0003;0340;;não;;
27855;MACEIÓ;0003;0341;;não;;
27855;MACEIÓ;0003;0342;;não;;
27855;MACEIÓ;0003;0343;;não;;
27855;MACEIÓ;0003;0344;;não;;
27855;MACEIÓ;0003;0345;;sim;04/10/2026;18:20:53
27855;MACEIÓ;0003;0347;;não;;
27855;MACEIÓ;0003;0348;;não;;
27855;MACEIÓ;0003;0349;;não;;
27855;MACEIÓ;0003;0350;;não;;
27855;MACEIÓ;0003;0351;;não;;
27855;MACEIÓ;0003;0352;;não;;
27855;MACEIÓ;0003;0353;;não;;
27855;MACEIÓ;0003;0355;;não;;
27855;MACEIÓ;0003;0356;;não;;
27855;MACEIÓ;0003;0357;;não;;
27855;MACEIÓ;0003;0358;;não;;
27855;MACEIÓ;0003;0359;;não;;
27855;MACEIÓ;0003;0360;;não;;
27855;MACEIÓ;0003;0361;;sim;04/10/2026;18:21:02
27855;MACEIÓ;0003;0363;;não;;
27855;MACEIÓ;0003;0364;;não;;
27855;MACEIÓ;0003;0365;;não;;
27855;MACEIÓ;0003;0366;;não;;
27855;MACEIÓ;0003;0367;;não;;
27855;MACEIÓ;0003;0368;;não;;
27855;MACEIÓ;0003;0370;;sim;04/10/2026;18:20:54
27855;MACEIÓ;0003;0371;;não;;
27855;MACEIÓ;0003;0373;;não;;
27855;MACEIÓ;0003;0374;;sim;04/10/2026;18:20:59
27855;MACEIÓ;0003;0375;;não;;
27855;MACEIÓ;0003;0376;;não;;
27855;MACEIÓ;0003;0377;;não;;
27855;MACEIÓ;0003;0378;;não;;
27855;MACEIÓ;0003;0380;;não;;
27855;MACEIÓ;0003;0381;;não;;
27855;MACEIÓ;0003;0385;;não;;
27855;MACEIÓ;0003;0386;;não;;
27855;MACEIÓ;0003;0388;;não;;
27855;MACEIÓ;0003;0391;;não;;
27855;MACEIÓ;0003;0393;;não;;
27855;MACEIÓ;0003;0394;;não;;
27855;MACEIÓ;0003;0395;;não;;
27855;MACEIÓ;0003;0396;;não;;
27855;MACEIÓ;0003;0398;;não;;
27855;MACEIÓ;0003;0399;;não;;
27855;MACEIÓ;0003;0401;;não;;
27855;MACEIÓ;0003;0402;;não;;
27855;MACEIÓ;0003;0404;;sim;04/10/2026;17:59:47
27855;MACEIÓ;0003;0405;;não;;
27855;MACEIÓ;0003;0406;;sim;04/10/2026;18:13:56
27855;MACEIÓ;0003;0407;;não;;
27855;MACEIÓ;0003;0409;;não;;
27855;MACEIÓ;0003;0410;;não;;
27855;MACEIÓ;0003;0411;;não;;
27855;MACEIÓ;0003;0412;;sim;04/10/2026;18:13:58
27855;MACEIÓ;0003;0413;;sim;04/10/2026;18:00:36
27855;MACEIÓ;0003;0414;;não;;
27855;MACEIÓ;0003;0415;;não;;
27855;MACEIÓ;0003;0416;;sim;04/10/2026;18:14:01
27855;MACEIÓ;0003;0417;;não;;
27855;MACEIÓ;0003;0418;;não;;
27855;MACEIÓ;0003;0420;;sim;04/10/2026;18:14:39
27855;MACEIÓ;0003;0422;;não;;
27855;MACEIÓ;0003;0424;;não;;
27855;MACEIÓ;0003;0427;;não;;
27855;MACEIÓ;0003;0428;;não;;
27855;MACEIÓ;0003;0429;;não;;
27855;MACEIÓ;0003;0431;;não;;
27855;MACEIÓ;0003;0432;;sim;04/10/2026;18:14:00
27855;MACEIÓ;0003;0433;;não;;
27855;MACEIÓ;0003;0434;;não;;
27855;MACEIÓ;0003;0435;;não;;
27855;MACEIÓ;0003;0436;;sim;04/10/2026;18:14:39
27855;MACEIÓ;0003;0437;;não;;
27855;MACEIÓ;0003;0438;;não;;
27855;MACEIÓ;0003;0439;;não;;
27855;MACEIÓ;0003;0441;;não;;
27855;MACEIÓ;0003;0442;;não;;
27855;MACEIÓ;0033;0046;;não;;
27855;MACEIÓ;0033;0047;;não;;
27855;MACEIÓ;0033;0048;;não;;
27855;MACEIÓ;0033;0049;;não;;
27855;MACEIÓ;0033;0050;;não;;
27855;MACEIÓ;0033;0052;;não;;
27855;MACEIÓ;0033;0053;;não;;
27855;MACEIÓ;0033;0062;;não;;
27855;MACEIÓ;0033;0063;;não;;
27855;MACEIÓ;0033;0064;;não;;
27855;MACEIÓ;0033;0065;;não;;
27855;MACEIÓ;0033;0066;;não;;
27855;MACEIÓ;0033;0067;;não;;
27855;MACEIÓ;0033;0068;;não;;
27855;MACEIÓ;0033;0069;;não;;
27855;MACEIÓ;0033;0070;;não;;
27855;MACEIÓ;0033;0071;;não;;
27855;MACEIÓ;0033;0072;;não;;
27855;MACEIÓ;0033;0073;;não;;
27855;MACEIÓ;0033;0074;;não;;
27855;MACEIÓ;0033;0075;;não;;
27855;MACEIÓ;0033;0076;;não;;
27855;MACEIÓ;0033;0077;;não;;
27855;MACEIÓ;0033;0078;;não;;
27855;MACEIÓ;0033;0079;;não;;
27855;MACEIÓ;0033;0080;;não;;
27855;MACEIÓ;0033;0081;;não;;
27855;MACEIÓ;0033;0082;;não;;
27855;MACEIÓ;0033;0083;;não;;
27855;MACEIÓ;0033;0084;;não;;
27855;MACEIÓ;0033;0085;;não;;
27855;MACEIÓ;0033;0086;;não;;
27855;MACEIÓ;0033;0087;;não;;
27855;MACEIÓ;0033;0088;;não;;
27855;MACEIÓ;0033;0089;;não;;
27855;MACEIÓ;0033;0090;;não;;
27855;MACEIÓ;0033;0091;;não;;
27855;MACEIÓ;0033;0092;;não;;
27855;MACEIÓ;0033;0093;;não;;
27855;MACEIÓ;0033;0094;;não;;
27855;MACEIÓ;0033;0095;;não;;
27855;MACEIÓ;0033;0096;;não;;
27855;MACEIÓ;0033;0097;;não;;
27855;MACEIÓ;0033;0098;;não;;
27855;MACEIÓ;0033;0099;;não;;
27855;MACEIÓ;0033;0100;;não;;
27855;MACEIÓ;0033;0101;;não;;
27855;MACEIÓ;0033;0102;;não;;
27855;MACEIÓ;0033;0103;;não;;
27855;MACEIÓ;0033;0104;;não;;
27855;MACEIÓ;0033;0105;;não;;
27855;MACEIÓ;0033;0106;;não;;
27855;MACEIÓ;0033;0107;;não;;
27855;MACEIÓ;0033;0108;;não;;
27855;MACEIÓ;0033;0109;;não;;
27855;MACEIÓ;0033;0110;;não;;
27855;MACEIÓ;0033;0111;;não;;
27855;MACEIÓ;0033;0112;;não;;
27855;MACEIÓ;0033;0113;;não;;
27855;MACEIÓ;0033;0114;;não;;
27855;MACEIÓ;0033;0115;;não;;
27855;MACEIÓ;0033;0116;;não;;
27855;MACEIÓ;0033;0117;;não;;
27855;MACEIÓ;0033;0118;;não;;
27855;MACEIÓ;0033;0119;;não;;
27855;MACEIÓ;0033;0120;;não;;
27855;MACEIÓ;0033;0121;;não;;
27855;MACEIÓ;0033;0122;;não;;
27855;MACEIÓ;0033;0123;;não;;
27855;MACEIÓ;0033;0124;;não;;
27855;MACEIÓ;0033;0125;;não;;
27855;MACEIÓ;0033;0126;;não;;
27855;MACEIÓ;0033;0127;;não;;
27855;MACEIÓ;0033;0128;;não;;
27855;MACEIÓ;0033;0129;;não;;
27855;MACEIÓ;0033;0130;;não;;
27855;MACEIÓ;0033;0131;;não;;
27855;MACEIÓ;0033;0132;;não;;
27855;MACEIÓ;0033;0133;;não;;
27855;MACEIÓ;0033;0134;;não;;
27855;MACEIÓ;0033;0135;;não;;
27855;MACEIÓ;0033;0136;;não;;
27855;MACEIÓ;0033;0137;;não;;
27855;MACEIÓ;0033;0138;;não;;
27855;MACEIÓ;0033;0139;;não;;
27855;MACEIÓ;0033;0140;;não;;
27855;MACEIÓ;0033;0141;;não;;
27855;MACEIÓ;0033;0142;;não;;
27855;MACEIÓ;0033;0143;;não;;
27855;MACEIÓ;0033;0144;;não;;
27855;MACEIÓ;0033;0155;;não;;
27855;MACEIÓ;0033;0156;;não;;
27855;MACEIÓ;0033;0157;;não;;
27855;MACEIÓ;0033;0158;;não;;
27855;MACEIÓ;0033;0159;;não;;
27855;MACEIÓ;0033;0160;;não;;
27855;MACEIÓ;0033;0161;;não;;
27855;MACEIÓ;0033;0162;;não;;
27855;MACEIÓ;0033;0163;;não;;
27855;MACEIÓ;0033;0164;;não;;
27855;MACEIÓ;0033;0165;;não;;
27855;MACEIÓ;0033;0166;;não;;
27855;MACEIÓ;0033;0167;;não;;
27855;MACEIÓ;0033;0168;;não;;
27855;MACEIÓ;0033;0169;;não;;
27855;MACEIÓ;0033;0170;;não;;
27855;MACEIÓ;0033;0171;;não;;
27855;MACEIÓ;0033;0172;;não;;
27855;MACEIÓ;0033;0173;;não;;
27855;MACEIÓ;0033;0174;;sim;04/10/2026;17:49:47
27855;MACEIÓ;0033;0175;;sim;04/10/2026;17:49:48
27855;MACEIÓ;0033;0176;;sim;04/10/2026;17:49:52
27855;MACEIÓ;0033;0177;;sim;04/10/2026;17:49:48
27855;MACEIÓ;0033;0178;;sim;04/10/2026;17:49:49
27855;MACEIÓ;0033;0179;;sim;04/10/2026;17:49:49
27855;MACEIÓ;0033;0185;;sim;04/10/2026;18:31:45
27855;MACEIÓ;0033;0186;;não;;
27855;MACEIÓ;0033;0187;;não;;
27855;MACEIÓ;0033;0188;;sim;04/10/2026;17:57:47
27855;MACEIÓ;0033;0189;;não;;
27855;MACEIÓ;0033;0190;;não;;
27855;MACEIÓ;0033;0191;;não;;
27855;MACEIÓ;0033;0192;;não;;
27855;MACEIÓ;0033;0193;;não;;
27855;MACEIÓ;0033;0194;;sim;04/10/2026;18:31:41
27855;MACEIÓ;0033;0195;;sim;04/10/2026;18:31:43
27855;MACEIÓ;0033;0196;;sim;04/10/2026;17:57:48
27855;MACEIÓ;0033;0197;;não;;
27855;MACEIÓ;0033;0198;;sim;04/10/2026;18:32:08
27855;MACEIÓ;0033;0199;;não;;
27855;MACEIÓ;0033;0200;;não;;
27855;MACEIÓ;0033;0201;;não;;
27855;MACEIÓ;0033;0202;;sim;04/10/2026;18:31:51
27855;MACEIÓ;0033;0203;;não;;
27855;MACEIÓ;0033;0204;;não;;
27855;MACEIÓ;0033;0205;;não;;
27855;MACEIÓ;0033;0206;;não;;
27855;MACEIÓ;0033;0207;;não;;
27855;MACEIÓ;0033;0208;;não;;
27855;MACEIÓ;0033;0209;;não;;
27855;MACEIÓ;0033;0210;;não;;
27855;MACEIÓ;0033;0211;;não;;
27855;MACEIÓ;0033;0212;;não;;
27855;MACEIÓ;0033;0213;;não;;
27855;MACEIÓ;0033;0214;;não;;
27855;MACEIÓ;0033;0215;;não;;
27855;MACEIÓ;0033;0216;;não;;
27855;MACEIÓ;0033;0217;;não;;
27855;MACEIÓ;0033;0218;;não;;
27855;MACEIÓ;0033;0219;;não;;
27855;MACEIÓ;0033;0220;;não;;
27855;MACEIÓ;0033;0221;;não;;
27855;MACEIÓ;0033;0222;;não;;
27855;MACEIÓ;0033;0223;;não;;
27855;MACEIÓ;0033;0224;;não;;
27855;MACEIÓ;0033;0225;;não;;
27855;MACEIÓ;0033;0226;;não;;
27855;MACEIÓ;0033;0227;;não;;
27855;MACEIÓ;0033;0228;;não;;
27855;MACEIÓ;0033;0229;;não;;
27855;MACEIÓ;0033;0230;;não;;
27855;MACEIÓ;0033;0231;;não;;
27855;MACEIÓ;0033;0232;;não;;
27855;MACEIÓ;0033;0233;;não;;
27855;MACEIÓ;0033;0234;;não;;
27855;MACEIÓ;0033;0235;;não;;
27855;MACEIÓ;0033;0236;;não;;
27855;MACEIÓ;0033;0237;;não;;
27855;MACEIÓ;0033;0238;;não;;
27855;MACEIÓ;0033;0239;;não;;
27855;MACEIÓ;0033;0240;;não;;
27855;MACEIÓ;0033;0241;;não;;
27855;MACEIÓ;0033;0242;;não;;
27855;MACEIÓ;0033;0243;;não;;
27855;MACEIÓ;0033;0244;;não;;
27855;MACEIÓ;0033;0245;;não;;
27855;MACEIÓ;0033;0246;;não;;
27855;MACEIÓ;0033;0247;;não;;
27855;MACEIÓ;0033;0248;;não;;
27855;MACEIÓ;0033;0249;;não;;
27855;MACEIÓ;0033;0250;;não;;
27855;MACEIÓ;0033;0251;;não;;
27855;MACEIÓ;0033;0252;;não;;
27855;MACEIÓ;0033;0253;;não;;
27855;MACEIÓ;0033;0254;;não;;
27855;MACEIÓ;0033;0255;;não;;
27855;MACEIÓ;0033;0256;;não;;
27855;MACEIÓ;0033;0257;;não;;
27855;MACEIÓ;0033;0258;;não;;
27855;MACEIÓ;0033;0259;;não;;
27855;MACEIÓ;0033;0260;;não;;
27855;MACEIÓ;0033;0261;;não;;
27855;MACEIÓ;0033;0262;;não;;
27855;MACEIÓ;0033;0263;;não;;
27855;MACEIÓ;0033;0264;;não;;
27855;MACEIÓ;0033;0265;;não;;
27855;MACEIÓ;0033;0266;;não;;
27855;MACEIÓ;0033;0267;;não;;
27855;MACEIÓ;0033;0268;;não;;
27855;MACEIÓ;0033;0269;;não;;
27855;MACEIÓ;0033;0270;;não;;
27855;MACEIÓ;0033;0271;;não;;
27855;MACEIÓ;0033;0272;;não;;
27855;MACEIÓ;0033;0273;;não;;
27855;MACEIÓ;0033;0274;;não;;
27855;MACEIÓ;0033;0275;;não;;
27855;MACEIÓ;0033;0276;;não;;
27855;MACEIÓ;0033;0277;;não;;
27855;MACEIÓ;0033;0278;;não;;
27855;MACEIÓ;0033;0279;;não;;
27855;MACEIÓ;0033;0280;;não;;
27855;MACEIÓ;0033;0281;;não;;
27855;MACEIÓ;0033;0282;;não;;
27855;MACEIÓ;0033;0283;;não;;
27855;MACEIÓ;0033;0284;;não;;
27855;MACEIÓ;0033;0285;;não;;
27855;MACEIÓ;0033;0286;;não;;
27855;MACEIÓ;0033;0287;;não;;
27855;MACEIÓ;0033;0288;;não;;
27855;MACEIÓ;0033;0289;;não;;
27855;MACEIÓ;0033;0290;;não;;
27855;MACEIÓ;0033;0291;;não;;
27855;MACEIÓ;0033;0292;;não;;
27855;MACEIÓ;0033;0293;;não;;
27855;MACEIÓ;0033;0294;;não;;
27855;MACEIÓ;0033;0295;;não;;
27855;MACEIÓ;0033;0296;;não;;
27855;MACEIÓ;0033;0297;;não;;
27855;MACEIÓ;0033;0298;;não;;
27855;MACEIÓ;0033;0299;;não;;
27855;MACEIÓ;0033;0300;;não;;
27855;MACEIÓ;0033;0301;;não;;
27855;MACEIÓ;0033;0302;;não;;
27855;MACEIÓ;0033;0303;;não;;
27855;MACEIÓ;0033;0304;;não;;
27855;MACEIÓ;0033;0305;;não;;
27855;MACEIÓ;0033;0306;;não;;
27855;MACEIÓ;0033;0307;;não;;
27855;MACEIÓ;0033;0308;;não;;
27855;MACEIÓ;0033;0309;;não;;
27855;MACEIÓ;0033;0310;;não;;
27855;MACEIÓ;0033;0311;;não;;
27855;MACEIÓ;0033;0312;;não;;
27855;MACEIÓ;0033;0313;;não;;
27855;MACEIÓ;0033;0314;;não;;
27855;MACEIÓ;0033;0315;;não;;
27855;MACEIÓ;0033;0316;;não;;
27855;MACEIÓ;0033;0317;;não;;
27855;MACEIÓ;0033;0318;;não;;
27855;MACEIÓ;0033;0319;;não;;
27855;MACEIÓ;0033;0320;;não;;
27855;MACEIÓ;0033;0321;;não;;
27855;MACEIÓ;0033;0322;;sim;04/10/2026;17:52:51
27855;MACEIÓ;0033;0323;;não;;
27855;MACEIÓ;0033;0324;;não;;
27855;MACEIÓ;0054;0001;;não;;
27855;MACEIÓ;0054;0002;;não;;
27855;MACEIÓ;0054;0003;;não;;
27855;MACEIÓ;0054;0004;;não;;
27855;MACEIÓ;0054;0005;;não;;
27855;MACEIÓ;0054;0006;;não;;
27855;MACEIÓ;0054;0007;;não;;
27855;MACEIÓ;0054;0008;;não;;
27855;MACEIÓ;0054;0009;;não;;
27855;MACEIÓ;0054;0010;;não;;
27855;MACEIÓ;0054;0011;;não;;
27855;MACEIÓ;0054;0012;;não;;
27855;MACEIÓ;0054;0038;;não;;
27855;MACEIÓ;0054;0039;;não;;
27855;MACEIÓ;0054;0040;;não;;
27855;MACEIÓ;0054;0041;;não;;
27855;MACEIÓ;0054;0042;;não;;
27855;MACEIÓ;0054;0043;;não;;
27855;MACEIÓ;0054;0044;;não;;
27855;MACEIÓ;0054;0046;;não;;
27855;MACEIÓ;0054;0119;;não;;
27855;MACEIÓ;0054;0120;;não;;
27855;MACEIÓ;0054;0121;;não;;
27855;MACEIÓ;0054;0122;;não;;
27855;MACEIÓ;0054;0123;;não;;
27855;MACEIÓ;0054;0124;;não;;
27855;MACEIÓ;0054;0125;;não;;
27855;MACEIÓ;0054;0126;;não;;
27855;MACEIÓ;0054;0127;;não;;
27855;MACEIÓ;0054;0128;;não;;
27855;MACEIÓ;0054;0129;;não;;
27855;MACEIÓ;0054;0130;;não;;
27855;MACEIÓ;0054;0131;;não;;
27855;MACEIÓ;0054;0132;;não;;
27855;MACEIÓ;0054;0133;;não;;
27855;MACEIÓ;0054;0134;;não;;
27855;MACEIÓ;0054;0135;;não;;
27855;MACEIÓ;0054;0136;;não;;
27855;MACEIÓ;0054;0137;;não;;
27855;MACEIÓ;0054;0138;;não;;
27855;MACEIÓ;0054;0139;;não;;
27855;MACEIÓ;0054;0140;;não;;
27855;MACEIÓ;0054;0141;;não;;
27855;MACEIÓ;0054;0142;;não;;
27855;MACEIÓ;0054;0143;;não;;
27855;MACEIÓ;0054;0144;;não;;
27855;MACEIÓ;0054;0145;;não;;
27855;MACEIÓ;0054;0146;;não;;
27855;MACEIÓ;0054;0147;;não;;
27855;MACEIÓ;0054;0148;;não;;
27855;MACEIÓ;0054;0149;;não;;
27855;MACEIÓ;0054;0150;;não;;
27855;MACEIÓ;0054;0151;;não;;
27855;MACEIÓ;0054;0152;;não;;
27855;MACEIÓ;0054;0153;;não;;
27855;MACEIÓ;0054;0154;;não;;
27855;MACEIÓ;0054;0155;;não;;
27855;MACEIÓ;0054;0156;;não;;
27855;MACEIÓ;0054;0157;;não;;
27855;MACEIÓ;0054;0158;;não;;
27855;MACEIÓ;0054;0159;;não;;
27855;MACEIÓ;0054;0160;;não;;
27855;MACEIÓ;0054;0161;;não;;
27855;MACEIÓ;0054;0192;;não;;
27855;MACEIÓ;0054;0193;;não;;
27855;MACEIÓ;0054;0196;;não;;
27855;MACEIÓ;0054;0199;;não;;
27855;MACEIÓ;0054;0200;;não;;
27855;MACEIÓ;0054;0202;;não;;
27855;MACEIÓ;0054;0203;;não;;
27855;MACEIÓ;0054;0206;;não;;
27855;MACEIÓ;0054;0207;;não;;
27855;MACEIÓ;0054;0211;;não;;
27855;MACEIÓ;0054;0218;;não;;
27855;MACEIÓ;0054;0219;;não;;
27855;MACEIÓ;0054;0220;;não;;
27855;MACEIÓ;0054;0222;;não;;
27855;MACEIÓ;0054;0223;;não;;
27855;MACEIÓ;0054;0227;;não;;
27855;MACEIÓ;0054;0229;;não;;
27855;MACEIÓ;0054;0233;;não;;
27855;MACEIÓ;0054;0235;;não;;
27855;MACEIÓ;0054;0236;;não;;
27855;MACEIÓ;0054;0239;;não;;
27855;MACEIÓ;0054;0240;;não;;
27855;MACEIÓ;0054;0242;;não;;
27855;MACEIÓ;0054;0243;;não;;
27855;MACEIÓ;0054;0246;;não;;
27855;MACEIÓ;0054;0249;;não;;
27855;MACEIÓ;0054;0250;;não;;
27855;MACEIÓ;0054;0252;;não;;
27855;MACEIÓ;0054;0253;;não;;
27855;MACEIÓ;0054;0254;;não;;
27855;MACEIÓ;0054;0255;;não;;
27855;MACEIÓ;0054;0256;;não;;
27855;MACEIÓ;0054;0258;;não;;
27855;MACEIÓ;0054;0259;;não;;
27855;MACEIÓ;0054;0261;;não;;
27855;MACEIÓ;0054;0262;;não;;
27855;MACEIÓ;0054;0263;;não;;
27855;MACEIÓ;0054;0264;;não;;
27855;MACEIÓ;0054;0267;;não;;
27855;MACEIÓ;0054;0268;;não;;
27855;MACEIÓ;0054;0269;;não;;
27855;MACEIÓ;0054;0272;;não;;
27855;MACEIÓ;0054;0273;;não;;
27855;MACEIÓ;0054;0276;;não;;
27855;MACEIÓ;0054;0277;;não;;
27855;MACEIÓ;0054;0278;;não;;
27855;MACEIÓ;0054;0279;;não;;
27855;MACEIÓ;0054;0286;;não;;
27855;MACEIÓ;0054;0287;;não;;
27855;MACEIÓ;0054;0289;;não;;
27855;MACEIÓ;0054;0293;;não;;
27855;MACEIÓ;0054;0295;;não;;
27855;MACEIÓ;0054;0296;;não;;
27855;MACEIÓ;0054;0297;;não;;
27855;MACEIÓ;0054;0298;;não;;
27855;MACEIÓ;0054;0299;;não;;
27855;MACEIÓ;0054;0301;;sim;04/10/2026;17:36:36
27855;MACEIÓ;0054;0304;;não;;
27855;MACEIÓ;0054;0305;;não;;
27855;MACEIÓ;0054;0307;;não;;
27855;MACEIÓ;0054;0309;;não;;
27855;MACEIÓ;0054;0311;;não;;
27855;MACEIÓ;0054;0313;;não;;
27855;MACEIÓ;0054;0314;;não;;
27855;MACEIÓ;0054;0315;;não;;
27855;MACEIÓ;0054;0316;;não;;
27855;MACEIÓ;0054;0317;;não;;
27855;MACEIÓ;0054;0318;;não;;
27855;MACEIÓ;0054;0320;;não;;
27855;MACEIÓ;0054;0321;;não;;
27855;MACEIÓ;0054;0322;;não;;
27855;MACEIÓ;0054;0324;;não;;
27855;MACEIÓ;0054;0327;;não;;
27855;MACEIÓ;0054;0328;;não;;
27855;MACEIÓ;0054;0330;;não;;
27855;MACEIÓ;0054;0331;;não;;
27855;MACEIÓ;0054;0332;;não;;
27855;MACEIÓ;0054;0333;;não;;
27855;MACEIÓ;0054;0334;;não;;
27855;MACEIÓ;0054;0336;;não;;
27855;MACEIÓ;0054;0337;;não;;
27855;MACEIÓ;0054;0338;;não;;
27855;MACEIÓ;0054;0339;;não;;
27855;MACEIÓ;0054;0342;;não;;
27855;MACEIÓ;0054;0343;;não;;
27855;MACEIÓ;0054;0344;;não;;
27855;MACEIÓ;0054;0345;;não;;
27855;MACEIÓ;0054;0346;;não;;
27855;MACEIÓ;0054;0348;;não;;
27855;MACEIÓ;0054;0349;;não;;
27855;MACEIÓ;0054;0351;;não;;
27855;MACEIÓ;0054;0353;;não;;
27855;MACEIÓ;0054;0355;;não;;
27855;MACEIÓ;0054;0357;;não;;
27855;MACEIÓ;0054;0358;;não;;
27855;MACEIÓ;0054;0359;;não;;
27855;MACEIÓ;0054;0360;;não;;
27855;MACEIÓ;0054;0361;;não;;
27855;MACEIÓ;0054;0362;;não;;
27855;MACEIÓ;0054;0364;;não;;
27855;MACEIÓ;0054;0365;;não;;
27855;MACEIÓ;0054;0370;;não;;
27855;MACEIÓ;0054;0373;;não;;
27855;MACEIÓ;0054;0374;;não;;
27855;MACEIÓ;0054;0376;;não;;
27855;MACEIÓ;0054;0377;;não;;
27855;MACEIÓ;0054;0378;;não;;
27855;MACEIÓ;0054;0379;;não;;
27855;MACEIÓ;0054;0380;;não;;
27855;MACEIÓ;0054;0384;;não;;
27855;MACEIÓ;0054;0386;;não;;
27855;MACEIÓ;0054;0387;;não;;
27855;MACEIÓ;0054;0388;;não;;
27855;MACEIÓ;0054;0390;;não;;
27855;MACEIÓ;0054;0391;;não;;
27855;MACEIÓ;0054;0393;;não;;
27855;MACEIÓ;0054;0394;;não;;
27855;MACEIÓ;0054;0395;;não;;
27855;MACEIÓ;0054;0397;;não;;
27855;MACEIÓ;0054;0398;;não;;
27855;MACEIÓ;0054;0400;;não;;
27855;MACEIÓ;0054;0401;;não;;
27855;MACEIÓ;0054;0403;;não;;
27855;MACEIÓ;0054;0405;;não;;
27855;MACEIÓ;0054;0406;;não;;
27855;MACEIÓ;0054;0407;;não;;
27855;MACEIÓ;0054;0408;;não;;
27855;MACEIÓ;0054;0409;;não;;
27855;MACEIÓ;0054;0413;;não;;
27855;MACEIÓ;0054;0414;;não;;
27855;MACEIÓ;0054;0416;;não;;
27855;MACEIÓ;0054;0417;;não;;
27855;MACEIÓ;0054;0418;;não;;
27855;MACEIÓ;0054;0420;0577;não;;
27855;MACEIÓ;0054;0421;;não;;
27855;MACEIÓ;0054;0422;;não;;
27855;MACEIÓ;0054;0423;;não;;
27855;MACEIÓ;0054;0426;;não;;
27855;MACEIÓ;0054;0428;;não;;
27855;MACEIÓ;0054;0430;;não;;
27855;MACEIÓ;0054;0431;;não;;
27855;MACEIÓ;0054;0433;;não;;
27855;MACEIÓ;0054;0435;;não;;
27855;MACEIÓ;0054;0436;;não;;
27855;MACEIÓ;0054;0439;;não;;
27855;MACEIÓ;0054;0444;;não;;
27855;MACEIÓ;0054;0445;;não;;
27855;MACEIÓ;0054;0446;;não;;
27855;MACEIÓ;0054;0448;;não;;
27855;MACEIÓ;0054;0449;;não;;
27855;MACEIÓ;0054;0450;;não;;
27855;MACEIÓ;0054;0451;;não;;
27855;MACEIÓ;0054;0452;;não;;
27855;MACEIÓ;0054;0453;;não;;
27855;MACEIÓ;0054;0454;;não;;
27855;MACEIÓ;0054;0455;;não;;
27855;MACEIÓ;0054;0456;;não;;
27855;MACEIÓ;0054;0457;;não;;
27855;MACEIÓ;0054;0458;;não;;
27855;MACEIÓ;0054;0459;;não;;
27855;MACEIÓ;0054;0460;;não;;
27855;MACEIÓ;0054;0461;;não;;
27855;MACEIÓ;0054;0462;;não;;
27855;MACEIÓ;0054;0463;;não;;
27855;MACEIÓ;0054;0464;;não;;
27855;MACEIÓ;0054;0465;;não;;
27855;MACEIÓ;0054;0466;;não;;
27855;MACEIÓ;0054;0467;;não;;
27855;MACEIÓ;0054;0468;;não;;
27855;MACEIÓ;0054;0469;;não;;
27855;MACEIÓ;0054;0470;;não;;
27855;MACEIÓ;0054;0471;;não;;
27855;MACEIÓ;0054;0472;;não;;
27855;MACEIÓ;0054;0473;;não;;
27855;MACEIÓ;0054;0474;;não;;
27855;MACEIÓ;0054;0475;;não;;
27855;MACEIÓ;0054;0476;;não;;
27855;MACEIÓ;0054;0477;;não;;
27855;MACEIÓ;0054;0478;;não;;
27855;MACEIÓ;0054;0479;;não;;
27855;MACEIÓ;0054;0480;;não;;
27855;MACEIÓ;0054;0481;;não;;
27855;MACEIÓ;0054;0482;;não;;
27855;MACEIÓ;0054;0483;;não;;
27855;MACEIÓ;0054;0484;;não;;
27855;MACEIÓ;0054;0485;;não;;
27855;MACEIÓ;0054;0486;;não;;
27855;MACEIÓ;0054;0487;0574;não;;
27855;MACEIÓ;0054;0488;;não;;
27855;MACEIÓ;0054;0489;;não;;
27855;MACEIÓ;0054;0490;;não;;
27855;MACEIÓ;0054;0491;;não;;
27855;MACEIÓ;0054;0492;;não;;
27855;MACEIÓ;0054;0493;;não;;
27855;MACEIÓ;0054;0494;;não;;
27855;MACEIÓ;0054;0495;;não;;
27855;MACEIÓ;0054;0496;;não;;
27855;MACEIÓ;0054;0497;;não;;
27855;MACEIÓ;0054;0498;;não;;
27855;MACEIÓ;0054;0499;;não;;
27855;MACEIÓ;0054;0500;;não;;
27855;MACEIÓ;0054;0501;;não;;
27855;MACEIÓ;0054;0502;;não;;
27855;MACEIÓ;0054;0503;;não;;
27855;MACEIÓ;0054;0504;;não;;
27855;MACEIÓ;0054;0505;;não;;
27855;MACEIÓ;0054;0506;;não;;
27855;MACEIÓ;0054;0507;;não;;
27855;MACEIÓ;0054;0508;;não;;
27855;MACEIÓ;0054;0509;;não;;
27855;MACEIÓ;0054;0510;;não;;
27855;MACEIÓ;0054;0511;;não;;
27855;MACEIÓ;0054;0512;;não;;
27855;MACEIÓ;0054;0513;;não;;
27855;MACEIÓ;0054;0514;;sim;04/10/2026;18:00:53
27855;MACEIÓ;0054;0515;;não;;
27855;MACEIÓ;0054;0516;;não;;
27855;MACEIÓ;0054;0517;;não;;
27855;MACEIÓ;0054;0518;;não;;
27855;MACEIÓ;0054;0519;;não;;
27855;MACEIÓ;0054;0520;;não;;
27855;MACEIÓ;0054;0521;;não;;
27855;MACEIÓ;0054;0522;;não;;
27855;MACEIÓ;0054;0523;;não;;
27855;MACEIÓ;0054;0524;;não;;
27855;MACEIÓ;0054;0525;;não;;
27855;MACEIÓ;0054;0526;;não;;
27855;MACEIÓ;0054;0527;;não;;
27855;MACEIÓ;0054;0528;0572;não;;
27855;MACEIÓ;0054;0529;;não;;
27855;MACEIÓ;0054;0530;;não;;
27855;MACEIÓ;0054;0531;;não;;
27855;MACEIÓ;0054;0532;;não;;
27855;MACEIÓ;0054;0533;;não;;
27855;MACEIÓ;0054;0534;;não;;
27855;MACEIÓ;0054;0535;;não;;
27855;MACEIÓ;0054;0536;;não;;
27855;MACEIÓ;0054;0537;;não;;
27855;MACEIÓ;0054;0538;;não;;
27855;MACEIÓ;0054;0539;;não;;
27855;MACEIÓ;0054;0540;;não;;
27855;MACEIÓ;0054;0541;;não;;
27855;MACEIÓ;0054;0542;;não;;
27855;MACEIÓ;0054;0543;;não;;
27855;MACEIÓ;0054;0544;;não;;
27855;MACEIÓ;0054;0545;;não;;
27855;MACEIÓ;0054;0546;;sim;04/10/2026;18:23:08
27855;MACEIÓ;0054;0547;;sim;04/10/2026;18:31:03
27855;MACEIÓ;0054;0548;;não;;
27855;MACEIÓ;0054;0549;;não;;
27855;MACEIÓ;0054;0550;;não;;
27855;MACEIÓ;0054;0551;;não;;
27855;MACEIÓ;0054;0552;;não;;
27855;MACEIÓ;0054;0553;;sim;04/10/2026;18:14:52
27855;MACEIÓ;0054;0554;;não;;
27855;MACEIÓ;0054;0555;;não;;
27855;MACEIÓ;0054;0556;;não;;
27855;MACEIÓ;0054;0557;;não;;
27855;MACEIÓ;0054;0558;;não;;
27855;MACEIÓ;0054;0559;;não;;
27855;MACEIÓ;0054;0560;;sim;04/10/2026;18:11:51
27855;MACEIÓ;0054;0561;;não;;
27855;MACEIÓ;0054;0562;;não;;
27855;MACEIÓ;0054;0563;;sim;04/10/2026;17:36:41
27855;MACEIÓ;0054;0564;;não;;
27855;MACEIÓ;0054;0565;;não;;
27855;MACEIÓ;0054;0566;;não;;
27855;MACEIÓ;0054;0567;;não;;
27855;MACEIÓ;0054;0568;;não;;
27855;MACEIÓ;0054;0569;;não;;
27855;MACEIÓ;0054;0570;;não;;
27855;MACEIÓ;0054;0571;;não;;
27855;MACEIÓ;0054;0573;;não;;
27855;MACEIÓ;0054;0575;;não;;
27855;MACEIÓ;0054;0576;;não;;
27871;MAJOR ISIDORO;0031;0037;;não;;
27871;MAJOR ISIDORO;0031;0038;;não;;
27871;MAJOR ISIDORO;0031;0039;;não;;
27871;MAJOR ISIDORO;0031;0040;;não;;
27871;MAJOR ISIDORO;0031;0041;;não;;
27871;MAJOR ISIDORO;0031;0042;;não;;
27871;MAJOR ISIDORO;0031;0043;;não;;
27871;MAJOR ISIDORO;0031;0044;;não;;
27871;MAJOR ISIDORO;0031;0045;;não;;
27871;MAJOR ISIDORO;0031;0046;;não;;
27871;MAJOR ISIDORO;0031;0047;;não;;
27871;MAJOR ISIDORO;0031;0048;;não;;
27871;MAJOR ISIDORO;0031;0049;;não;;
27871;MAJOR ISIDORO;0031;0050;;não;;
27871;MAJOR ISIDORO;0031;0051;;não;;
27871;MAJOR ISIDORO;0031;0052;;sim;04/10/2026;18:29:48
27871;MAJOR ISIDORO;0031;0053;;não;;
27871;MAJOR ISIDORO;0031;0054;;sim;04/10/2026;17:59:46
27871;MAJOR ISIDORO;0031;0055;;sim;04/10/2026;17:59:45
27871;MAJOR ISIDORO;0031;0056;;não;;
27871;MAJOR ISIDORO;0031;0057;;não;;
27871;MAJOR ISIDORO;0031;0058;;não;;
27871;MAJOR ISIDORO;0031;0059;;sim;04/10/2026;18:12:49
27871;MAJOR ISIDORO;0031;0060;;não;;
27871;MAJOR ISIDORO;0031;0061;;não;;
27871;MAJOR ISIDORO;0031;0062;;não;;
27871;MAJOR ISIDORO;0031;0063;;não;;
27871;MAJOR ISIDORO;0031;0076;;não;;
27871;MAJOR ISIDORO;0031;0079;;não;;
27871;MAJOR ISIDORO;0031;0082;;não;;
27871;MAJOR ISIDORO;0031;0083;;não;;
27871;MAJOR ISIDORO;0031;0084;;não;;
27871;MAJOR ISIDORO;0031;0085;;não;;
27871;MAJOR ISIDORO;0031;0087;;não;;
27871;MAJOR ISIDORO;0031;0088;;não;;
27871;MAJOR ISIDORO;0031;0091;;sim;04/10/2026;17:44:49
27871;MAJOR ISIDORO;0031;0092;;não;;
27871;MAJOR ISIDORO;0031;0093;;sim;04/10/2026;18:15:40
27871;MAJOR ISIDORO;0031;0094;;sim;04/10/2026;18:15:43
27871;MAJOR ISIDORO;0031;0095;;não;;
27871;MAJOR ISIDORO;0031;0096;;não;;
27871;MAJOR ISIDORO;0031;0097;;sim;04/10/2026;18:15:52
27871;MAJOR ISIDORO;0031;0098;;sim;04/10/2026;17:44:49
27871;MAJOR ISIDORO;0031;0160;;sim;04/10/2026;18:15:44
27871;MAJOR ISIDORO;0031;0162;;não;;
27871;MAJOR ISIDORO;0031;0163;;sim;04/10/2026;17:45:35
28037;MESSIAS;0009;0021;;não;;
28037;MESSIAS;0009;0022;;não;;
28037;MESSIAS;0009;0023;;não;;
28037;MESSIAS;0009;0024;;não;;
28037;MESSIAS;0009;0025;;não;;
28037;MESSIAS;0009;0026;;não;;
28037;MESSIAS;0009;0027;;não;;
28037;MESSIAS;0009;0028;;não;;
28037;MESSIAS;0009;0029;;não;;
28037;MESSIAS;0009;0030;;não;;
28037;MESSIAS;0009;0031;;não;;
28037;MESSIAS;0009;0032;;não;;
28037;MESSIAS;0009;0033;;não;;
28037;MESSIAS;0009;0034;;não;;
28037;MESSIAS;0009;0035;;não;;
28037;MESSIAS;0009;0036;;não;;
28037;MESSIAS;0009;0037;;não;;
28037;MESSIAS;0009;0038;;não;;
28037;MESSIAS;0009;0075;;não;;
28037;MESSIAS;0009;0076;;não;;
28037;MESSIAS;0009;0084;;não;;
28037;MESSIAS;0009;0099;;não;;
28037;MESSIAS;0009;0100;;não;;
28037;MESSIAS;0009;0101;;não;;
28037;MESSIAS;0009;0111;;não;;
28037;MESSIAS;0009;0117;;não;;
28037;MESSIAS;0009;0119;;não;;
28037;MESSIAS;0009;0120;;não;;
28037;MESSIAS;0009;0133;;não;;
28037;MESSIAS;0009;0161;;não;;
28037;MESSIAS;0009;0174;;não;;
28037;MESSIAS;0009;0179;;não;;
28037;MESSIAS;0009;0180;;não;;
28037;MESSIAS;0009;0181;;não;;
28037;MESSIAS;0009;0187;;não;;
28037;MESSIAS;0009;0194;;não;;
28037;MESSIAS;0009;0196;;não;;
28037;MESSIAS;0009;0197;;não;;
28037;MESSIAS;0009;0198;0199;não;;
28053;MINADOR DO NEGRÃO;0046;0018;;não;;
28053;MINADOR DO NEGRÃO;0046;0019;;não;;
28053;MINADOR DO NEGRÃO;0046;0020;;não;;
28053;MINADOR DO NEGRÃO;0046;0021;;não;;
28053;MINADOR DO NEGRÃO;0046;0022;;não;;
28053;MINADOR DO NEGRÃO;0046;0023;;não;;
28053;MINADOR DO NEGRÃO;0046;0024;;não;;
28053;MINADOR DO NEGRÃO;0046;0025;;não;;
28053;MINADOR DO NEGRÃO;0046;0026;;não;;
28053;MINADOR DO NEGRÃO;0046;0027;;não;;
28053;MINADOR DO NEGRÃO;0046;0028;;não;;
28053;MINADOR DO NEGRÃO;0046;0029;;não;;
28053;MINADOR DO NEGRÃO;0046;0031;;não;;
28053;MINADOR DO NEGRÃO;0046;0032;;não;;
28053;MINADOR DO NEGRÃO;0046;0035;;não;;
28053;MINADOR DO NEGRÃO;0046;0060;;não;;
28053;MINADOR DO NEGRÃO;0046;0061;;não;;
28053;MINADOR DO NEGRÃO;0046;0144;;não;;
28096;MURICI;0009;0039;;sim;04/10/2026;18:12:53
28096;MURICI;0009;0040;;sim;04/10/2026;18:12:53
28096;MURICI;0009;0041;;sim;04/10/2026;18:12:54
28096;MURICI;0009;0042;;sim;04/10/2026;18:12:54
28096;MURICI;0009;0043;;sim;04/10/2026;18:12:55
28096;MURICI;0009;0044;;não;;
28096;MURICI;0009;0045;;não;;
28096;MURICI;0009;0046;;não;;
28096;MURICI;0009;0047;;não;;
28096;MURICI;0009;0049;;não;;
28096;MURICI;0009;0050;;não;;
28096;MURICI;0009;0051;;não;;
28096;MURICI;0009;0052;;não;;
28096;MURICI;0009;0053;;não;;
28096;MURICI;0009;0054;;não;;
28096;MURICI;0009;0056;;não;;
28096;MURICI;0009;0058;;não;;
28096;MURICI;0009;0060;;não;;
28096;MURICI;0009;0061;;não;;
28096;MURICI;0009;0062;;não;;
28096;MURICI;0009;0063;;não;;
28096;MURICI;0009;0064;;não;;
28096;MURICI;0009;0065;;não;;
28096;MURICI;0009;0066;;não;;
28096;MURICI;0009;0068;;não;;
28096;MURICI;0009;0069;;não;;
28096;MURICI;0009;0070;;não;;
28096;MURICI;0009;0077;;não;;
28096;MURICI;0009;0078;;não;;
28096;MURICI;0009;0079;;não;;
28096;MURICI;0009;0080;;não;;
28096;MURICI;0009;0103;;não;;
28096;MURICI;0009;0105;;não;;
28096;MURICI;0009;0106;;não;;
28096;MURICI;0009;0107;;não;;
28096;MURICI;0009;0108;;não;;
28096;MURICI;0009;0109;;não;;
28096;MURICI;0009;0110;;sim;04/10/2026;18:13:05
28096;MURICI;0009;0113;;não;;
28096;MURICI;0009;0114;;não;;
28096;MURICI;0009;0116;;não;;
28096;MURICI;0009;0130;;não;;
28096;MURICI;0009;0131;;não;;
28096;MURICI;0009;0132;;não;;
28096;MURICI;0009;0158;;não;;
28096;MURICI;0009;0159;;não;;
28096;MURICI;0009;0162;;não;;
28096;MURICI;0009;0165;;não;;
28096;MURICI;0009;0166;;não;;
28096;MURICI;0009;0168;;não;;
28096;MURICI;0009;0169;;não;;
28096;MURICI;0009;0170;;não;;
28096;MURICI;0009;0171;;sim;04/10/2026;18:13:05
28096;MURICI;0009;0172;;não;;
28096;MURICI;0009;0178;;sim;04/10/2026;18:12:56
28096;MURICI;0009;0182;;não;;
28096;MURICI;0009;0183;;não;;
28096;MURICI;0009;0184;;não;;
28096;MURICI;0009;0185;;não;;
28096;MURICI;0009;0186;;não;;
28096;MURICI;0009;0192;;não;;
28096;MURICI;0009;0193;;não;;
28096;MURICI;0009;0195;;não;;
28835;TRAIPU;0020;0041;;sim;04/10/2026;17:46:43
28835;TRAIPU;0020;0042;;sim;04/10/2026;17:46:46
28835;TRAIPU;0020;0043;;sim;04/10/2026;17:46:47
28835;TRAIPU;0020;0044;;sim;04/10/2026;17:46:45
28835;TRAIPU;0020;0045;;sim;04/10/2026;18:14:59
28835;TRAIPU;0020;0046;0047;sim;04/10/2026;17:55:45
28835;TRAIPU;0020;0048;;sim;04/10/2026;17:49:50
28835;TRAIPU;0020;0049;;sim;04/10/2026;17:49:49
28835;TRAIPU;0020;0050;;sim;04/10/2026;17:49:49
28835;TRAIPU;0020;0051;0052;sim;04/10/2026;17:55:36
28835;TRAIPU;0020;0053;;sim;04/10/2026;17:50:34
28835;TRAIPU;0020;0054;;sim;04/10/2026;17:49:50
28835;TRAIPU;0020;0055;;sim;04/10/2026;18:10:10
28835;TRAIPU;0020;0056;;sim;04/10/2026;18:28:45
28835;TRAIPU;0020;0057;;sim;04/10/2026;18:10:04
28835;TRAIPU;0020;0058;;sim;04/10/2026;18:10:05
28835;TRAIPU;0020;0059;;sim;04/10/2026;18:10:04
28835;TRAIPU;0020;0060;;sim;04/10/2026;18:10:12
28835;TRAIPU;0020;0061;;sim;04/10/2026;17:49:52
28835;TRAIPU;0020;0062;;sim;04/10/2026;18:10:07
28835;TRAIPU;0020;0063;;sim;04/10/2026;18:10:12
28835;TRAIPU;0020;0064;;sim;04/10/2026;17:57:56
28835;TRAIPU;0020;0065;;não;;
28835;TRAIPU;0020;0066;;sim;04/10/2026;17:46:45
28835;TRAIPU;0020;0067;;sim;04/10/2026;17:46:48
28835;TRAIPU;0020;0068;;sim;04/10/2026;17:58:42
28835;TRAIPU;0020;0069;;não;;
28835;TRAIPU;0020;0071;;sim;04/10/2026;17:49:51
28835;TRAIPU;0020;0072;;sim;04/10/2026;18:14:55
28835;TRAIPU;0020;0073;;sim;04/10/2026;18:15:02
28835;TRAIPU;0020;0074;;sim;04/10/2026;18:15:02
28835;TRAIPU;0020;0075;;sim;04/10/2026;18:15:38
28835;TRAIPU;0020;0076;;sim;04/10/2026;17:55:36
28835;TRAIPU;0020;0077;;sim;04/10/2026;18:14:58
28835;TRAIPU;0020;0079;;sim;04/10/2026;18:10:10
28835;TRAIPU;0020;0080;;sim;04/10/2026;17:46:46
28835;TRAIPU;0020;0081;;sim;04/10/2026;17:49:52
28835;TRAIPU;0020;0082;;sim;04/10/2026;18:15:40
28835;TRAIPU;0020;0083;;sim;04/10/2026;17:46:46
28835;TRAIPU;0020;0084;;sim;04/10/2026;17:46:46
28835;TRAIPU;0020;0086;;sim;04/10/2026;17:52:46
28835;TRAIPU;0020;0087;;sim;04/10/2026;18:10:06
28835;TRAIPU;0020;0088;;sim;04/10/2026;18:14:57
28835;TRAIPU;0020;0089;;sim;04/10/2026;17:46:48
28835;TRAIPU;0020;0090;;sim;04/10/2026;17:46:48
28835;TRAIPU;0020;0091;;sim;04/10/2026;18:10:09
28835;TRAIPU;0020;0092;;sim;04/10/2026;17:47:39
28835;TRAIPU;0020;0093;;sim;04/10/2026;18:14:59
28835;TRAIPU;0020;0094;;sim;04/10/2026;17:47:35
28835;TRAIPU;0020;0095;;sim;04/10/2026;17:55:37
28835;TRAIPU;0020;0096;;sim;04/10/2026;18:14:59
28835;TRAIPU;0020;0097;0172;sim;04/10/2026;17:47:35
28835;TRAIPU;0020;0098;;sim;04/10/2026;17:52:54
28835;TRAIPU;0020;0099;;sim;04/10/2026;18:10:09
28835;TRAIPU;0020;0100;;sim;04/10/2026;17:52:55
28835;TRAIPU;0020;0101;;sim;04/10/2026;17:55:37
28835;TRAIPU;0020;0102;;sim;04/10/2026;17:52:57
28835;TRAIPU;0020;0103;;sim;04/10/2026;18:10:10
28835;TRAIPU;0020;0104;;sim;04/10/2026;17:53:35
28835;TRAIPU;0020;0105;;sim;04/10/2026;17:49:53
28835;TRAIPU;0020;0106;;sim;04/10/2026;17:52:49
28835;TRAIPU;0020;0108;;sim;04/10/2026;17:47:36
28835;TRAIPU;0020;0153;;sim;04/10/2026;17:52:50
28835;TRAIPU;0020;0161;;sim;04/10/2026;18:10:10
28835;TRAIPU;0020;0162;;sim;04/10/2026;17:52:49
28835;TRAIPU;0020;0163;;não;;
28835;TRAIPU;0020;0164;;não;;
28835;TRAIPU;0020;0166;;sim;04/10/2026;17:52:49
28835;TRAIPU;0020;0167;;sim;04/10/2026;18:32:08
28835;TRAIPU;0020;0169;;sim;04/10/2026;17:52:50
28835;TRAIPU;0020;0173;;não;;
28835;TRAIPU;0020;0175;0170, 0171;sim;04/10/2026;18:10:18
28878;VIÇOSA;0005;0026;;não;;
28878;VIÇOSA;0005;0027;;não;;
28878;VIÇOSA;0005;0028;;não;;
28878;VIÇOSA;0005;0029;;não;;
28878;VIÇOSA;0005;0030;;sim;04/10/2026;17:56:38
28878;VIÇOSA;0005;0031;;não;;
28878;VIÇOSA;0005;0032;;não;;
28878;VIÇOSA;0005;0033;;não;;
28878;VIÇOSA;0005;0034;;não;;
28878;VIÇOSA;0005;0035;;não;;
28878;VIÇOSA;0005;0036;;não;;
28878;VIÇOSA;0005;0037;;não;;
28878;VIÇOSA;0005;0038;;não;;
28878;VIÇOSA;0005;0039;;não;;
28878;VIÇOSA;0005;0040;;não;;
28878;VIÇOSA;0005;0041;;não;;
28878;VIÇOSA;0005;0042;;não;;
28878;VIÇOSA;0005;0043;;não;;
28878;VIÇOSA;0005;0044;;não;;
28878;VIÇOSA;0005;0045;;não;;
28878;VIÇOSA;0005;0046;;sim;04/10/2026;17:57:41
28878;VIÇOSA;0005;0047;;sim;04/10/2026;17:55:40
28878;VIÇOSA;0005;0048;;não;;
28878;VIÇOSA;0005;0049;;não;;
28878;VIÇOSA;0005;0050;;não;;
28878;VIÇOSA;0005;0051;;não;;
28878;VIÇOSA;0005;0052;;não;;
28878;VIÇOSA;0005;0053;;não;;
28878;VIÇOSA;0005;0054;;não;;
28878;VIÇOSA;0005;0055;;não;;
28878;VIÇOSA;0005;0056;;não;;
28878;VIÇOSA;0005;0057;;não;;
28878;VIÇOSA;0005;0063;;não;;
28878;VIÇOSA;0005;0064;;não;;
28878;VIÇOSA;0005;0067;;não;;
28878;VIÇOSA;0005;0068;;não;;
28878;VIÇOSA;0005;0069;;não;;
28878;VIÇOSA;0005;0072;;não;;
28878;VIÇOSA;0005;0073;;não;;
28878;VIÇOSA;0005;0074;;sim;04/10/2026;17:58:37
28878;VIÇOSA;0005;0075;;não;;
28878;VIÇOSA;0005;0076;;não;;
28878;VIÇOSA;0005;0077;;não;;
28878;VIÇOSA;0005;0078;;não;;
28878;VIÇOSA;0005;0079;;não;;
28878;VIÇOSA;0005;0080;;não;;
28878;VIÇOSA;0005;0082;;não;;
28878;VIÇOSA;0005;0083;;não;;
28878;VIÇOSA;0005;0084;;não;;
28878;VIÇOSA;0005;0085;;não;;
28878;VIÇOSA;0005;0086;;não;;
28878;VIÇOSA;0005;0087;;não;;
28878;VIÇOSA;0005;0088;;não;;
28878;VIÇOSA;0005;0089;;não;;
28878;VIÇOSA;0005;0090;;não;;
28878;VIÇOSA;0005;0091;;não;;
28878;VIÇOSA;0005;0092;;não;;
28878;VIÇOSA;0005;0152;;não;;
28878;VIÇOSA;0005;0153;;não;;
28878;VIÇOSA;0005;0154;;sim;04/10/2026;17:13:52
28916;SENADOR RUI PALMEIRA;0051;0062;;não;;
28916;SENADOR RUI PALMEIRA;0051;0063;;não;;
28916;SENADOR RUI PALMEIRA;0051;0064;;não;;
28916;SENADOR RUI PALMEIRA;0051;0065;;sim;04/10/2026;18:29:49
28916;SENADOR RUI PALMEIRA;0051;0068;;sim;04/10/2026;18:29:56
28916;SENADOR RUI PALMEIRA;0051;0069;;não;;
28916;SENADOR RUI PALMEIRA;0051;0070;;não;;
28916;SENADOR RUI PALMEIRA;0051;0072;;não;;
28916;SENADOR RUI PALMEIRA;0051;0073;;não;;
28916;SENADOR RUI PALMEIRA;0051;0074;;não;;
28916;SENADOR RUI PALMEIRA;0051;0075;;não;;
28916;SENADOR RUI PALMEIRA;0051;0076;;não;;
28916;SENADOR RUI PALMEIRA;0051;0077;;não;;
28916;SENADOR RUI PALMEIRA;0051;0078;;não;;
28916;SENADOR RUI PALMEIRA;0051;0079;;não;;
28916;SENADOR RUI PALMEIRA;0051;0080;;não;;
28916;SENADOR RUI PALMEIRA;0051;0081;;não;;
28916;SENADOR RUI PALMEIRA;0051;0082;;não;;
28916;SENADOR RUI PALMEIRA;0051;0083;;não;;
28916;SENADOR RUI PALMEIRA;0051;0092;;sim;04/10/2026;18:30:47
28916;SENADOR RUI PALMEIRA;0051;0093;;não;;
28916;SENADOR RUI PALMEIRA;0051;0095;;não;;
28916;SENADOR RUI PALMEIRA;0051;0096;;sim;04/10/2026;18:30:48
28916;SENADOR RUI PALMEIRA;0051;0099;;não;;
28916;SENADOR RUI PALMEIRA;0051;0100;;sim;04/10/2026;18:29:53
28916;SENADOR RUI PALMEIRA;0051;0107;;não;;
28916;SENADOR RUI PALMEIRA;0051;0113;;não;;
28916;SENADOR RUI PALMEIRA;0051;0114;;não;;
28916;SENADOR RUI PALMEIRA;0051;0116;;sim;04/10/2026;18:30:55
28916;SENADOR RUI PALMEIRA;0051;0124;;não;;
27014;ÁGUA BRANCA;0039;0001;;não;;
27014;ÁGUA BRANCA;0039;0002;;não;;
27014;ÁGUA BRANCA;0039;0003;;não;;
27014;ÁGUA BRANCA;0039;0004;;não;;
27014;ÁGUA BRANCA;0039;0005;;não;;
27014;ÁGUA BRANCA;0039;0006;;não;;
27014;ÁGUA BRANCA;0039;0007;;não;;
27014;ÁGUA BRANCA;0039;0008;;não;;
27014;ÁGUA BRANCA;0039;0009;;não;;
27014;ÁGUA BRANCA;0039;0010;;não;;
27014;ÁGUA BRANCA;0039;0011;;não;;
27014;ÁGUA BRANCA;0039;0012;;não;;
27014;ÁGUA BRANCA;0039;0014;;não;;
27014;ÁGUA BRANCA;0039;0015;;não;;
27014;ÁGUA BRANCA;0039;0016;;não;;
27014;ÁGUA BRANCA;0039;0017;;não;;
27014;ÁGUA BRANCA;0039;0027;;não;;
27014;ÁGUA BRANCA;0039;0028;;não;;
27014;ÁGUA BRANCA;0039;0030;;não;;
27014;ÁGUA BRANCA;0039;0031;;não;;
27014;ÁGUA BRANCA;0039;0032;;não;;
27014;ÁGUA BRANCA;0039;0035;;não;;
27014;ÁGUA BRANCA;0039;0036;;não;;
27014;ÁGUA BRANCA;0039;0037;;não;;
27014;ÁGUA BRANCA;0039;0038;;não;;
27014;ÁGUA BRANCA;0039;0039;;não;;
27014;ÁGUA BRANCA;0039;0040;;não;;
27014;ÁGUA BRANCA;0039;0041;;não;;
27014;ÁGUA BRANCA;0039;0043;;não;;
27014;ÁGUA BRANCA;0039;0046;;não;;
27014;ÁGUA BRANCA;0039;0047;;não;;
27014;ÁGUA BRANCA;0039;0048;;não;;
27014;ÁGUA BRANCA;0039;0049;;não;;
27014;ÁGUA BRANCA;0039;0051;;não;;
27014;ÁGUA BRANCA;0039;0058;;não;;
27014;ÁGUA BRANCA;0039;0061;;não;;
27014;ÁGUA BRANCA;0039;0063;;não;;
27014;ÁGUA BRANCA;0039;0064;;não;;
27014;ÁGUA BRANCA;0039;0073;;não;;
27014;ÁGUA BRANCA;0039;0119;;não;;
27014;ÁGUA BRANCA;0039;0120;;não;;
27014;ÁGUA BRANCA;0039;0122;;não;;
27014;ÁGUA BRANCA;0039;0123;;não;;
27014;ÁGUA BRANCA;0039;0126;;não;;
27014;ÁGUA BRANCA;0039;0127;;não;;
27014;ÁGUA BRANCA;0039;0131;;não;;
27049;ESTRELA DE ALAGOAS;0046;0075;;não;;
27049;ESTRELA DE ALAGOAS;0046;0076;;sim;04/10/2026;18:18:39
27049;ESTRELA DE ALAGOAS;0046;0077;;sim;04/10/2026;18:29:11
27049;ESTRELA DE ALAGOAS;0046;0078;;sim;04/10/2026;17:33:36
27049;ESTRELA DE ALAGOAS;0046;0079;;sim;04/10/2026;18:18:47
27049;ESTRELA DE ALAGOAS;0046;0080;;sim;04/10/2026;17:48:47
27049;ESTRELA DE ALAGOAS;0046;0081;;sim;04/10/2026;18:29:51
27049;ESTRELA DE ALAGOAS;0046;0082;;não;;
27049;ESTRELA DE ALAGOAS;0046;0083;;não;;
27049;ESTRELA DE ALAGOAS;0046;0084;;sim;04/10/2026;18:30:06
27049;ESTRELA DE ALAGOAS;0046;0085;;sim;04/10/2026;18:18:41
27049;ESTRELA DE ALAGOAS;0046;0086;;sim;04/10/2026;18:29:39
27049;ESTRELA DE ALAGOAS;0046;0087;;não;;
27049;ESTRELA DE ALAGOAS;0046;0088;;sim;04/10/2026;18:29:11
27049;ESTRELA DE ALAGOAS;0046;0090;;não;;
27049;ESTRELA DE ALAGOAS;0046;0091;;não;;
27049;ESTRELA DE ALAGOAS;0046;0092;;não;;
27049;ESTRELA DE ALAGOAS;0046;0096;;não;;
27049;ESTRELA DE ALAGOAS;0046;0097;;não;;
27049;ESTRELA DE ALAGOAS;0046;0101;;não;;
27049;ESTRELA DE ALAGOAS;0046;0107;;não;;
27049;ESTRELA DE ALAGOAS;0046;0108;;não;;
27049;ESTRELA DE ALAGOAS;0046;0111;;não;;
27049;ESTRELA DE ALAGOAS;0046;0116;;não;;
27049;ESTRELA DE ALAGOAS;0046;0117;;não;;
27049;ESTRELA DE ALAGOAS;0046;0119;;não;;
27049;ESTRELA DE ALAGOAS;0046;0120;;não;;
27049;ESTRELA DE ALAGOAS;0046;0121;;não;;
27049;ESTRELA DE ALAGOAS;0046;0125;;não;;
27049;ESTRELA DE ALAGOAS;0046;0130;;sim;04/10/2026;18:17:01
27049;ESTRELA DE ALAGOAS;0046;0131;;sim;04/10/2026;18:17:06
27049;ESTRELA DE ALAGOAS;0046;0132;;não;;
27049;ESTRELA DE ALAGOAS;0046;0133;;sim;04/10/2026;18:28:06
27049;ESTRELA DE ALAGOAS;0046;0134;;não;;
27049;ESTRELA DE ALAGOAS;0046;0135;;não;;
27049;ESTRELA DE ALAGOAS;0046;0136;;não;;
27049;ESTRELA DE ALAGOAS;0046;0137;;não;;
27049;ESTRELA DE ALAGOAS;0046;0138;;não;;
27049;ESTRELA DE ALAGOAS;0046;0139;;não;;
27049;ESTRELA DE ALAGOAS;0046;0140;;não;;
27049;ESTRELA DE ALAGOAS;0046;0141;;não;;
27170;BELO MONTE;0029;0020;;não;;
27170;BELO MONTE;0029;0021;;não;;
27170;BELO MONTE;0029;0022;;não;;
27170;BELO MONTE;0029;0023;;não;;
27170;BELO MONTE;0029;0024;;não;;
27170;BELO MONTE;0029;0025;;não;;
27170;BELO MONTE;0029;0026;;não;;
27170;BELO MONTE;0029;0027;;não;;
27170;BELO MONTE;0029;0028;;não;;
27170;BELO MONTE;0029;0047;;não;;
27170;BELO MONTE;0029;0053;;não;;
27170;BELO MONTE;0029;0056;;não;;
27170;BELO MONTE;0029;0064;;sim;04/10/2026;18:18:44
27170;BELO MONTE;0029;0065;;sim;04/10/2026;18:25:54
27170;BELO MONTE;0029;0093;;não;;
27170;BELO MONTE;0029;0094;;não;;
27472;DELMIRO GOUVEIA;0040;0001;;não;;
27472;DELMIRO GOUVEIA;0040;0002;;não;;
27472;DELMIRO GOUVEIA;0040;0003;;não;;
27472;DELMIRO GOUVEIA;0040;0004;;não;;
27472;DELMIRO GOUVEIA;0040;0005;;não;;
27472;DELMIRO GOUVEIA;0040;0006;;não;;
27472;DELMIRO GOUVEIA;0040;0007;;não;;
27472;DELMIRO GOUVEIA;0040;0008;;não;;
27472;DELMIRO GOUVEIA;0040;0009;;não;;
27472;DELMIRO GOUVEIA;0040;0010;;não;;
27472;DELMIRO GOUVEIA;0040;0011;;não;;
27472;DELMIRO GOUVEIA;0040;0012;;não;;
27472;DELMIRO GOUVEIA;0040;0013;;não;;
27472;DELMIRO GOUVEIA;0040;0014;;não;;
27472;DELMIRO GOUVEIA;0040;0015;;não;;
27472;DELMIRO GOUVEIA;0040;0016;;não;;
27472;DELMIRO GOUVEIA;0040;0017;;não;;
27472;DELMIRO GOUVEIA;0040;0018;;não;;
27472;DELMIRO GOUVEIA;0040;0019;;não;;
27472;DELMIRO GOUVEIA;0040;0020;;não;;
27472;DELMIRO GOUVEIA;0040;0021;;não;;
27472;DELMIRO GOUVEIA;0040;0022;;não;;
27472;DELMIRO GOUVEIA;0040;0023;;não;;
27472;DELMIRO GOUVEIA;0040;0024;;não;;
27472;DELMIRO GOUVEIA;0040;0025;;não;;
27472;DELMIRO GOUVEIA;0040;0026;;sim;04/10/2026;18:14:53
27472;DELMIRO GOUVEIA;0040;0027;;sim;04/10/2026;18:12:47
27472;DELMIRO GOUVEIA;0040;0028;;não;;
27472;DELMIRO GOUVEIA;0040;0029;;não;;
27472;DELMIRO GOUVEIA;0040;0030;;não;;
27472;DELMIRO GOUVEIA;0040;0031;;não;;
27472;DELMIRO GOUVEIA;0040;0032;;não;;
27472;DELMIRO GOUVEIA;0040;0033;;não;;
27472;DELMIRO GOUVEIA;0040;0034;;não;;
27472;DELMIRO GOUVEIA;0040;0035;;não;;
27472;DELMIRO GOUVEIA;0040;0036;;não;;
27472;DELMIRO GOUVEIA;0040;0037;;não;;
27472;DELMIRO GOUVEIA;0040;0038;;não;;
27472;DELMIRO GOUVEIA;0040;0039;;não;;
27472;DELMIRO GOUVEIA;0040;0040;;não;;
27472;DELMIRO GOUVEIA;0040;0041;;sim;04/10/2026;18:11:47
27472;DELMIRO GOUVEIA;0040;0042;;não;;
27472;DELMIRO GOUVEIA;0040;0043;;não;;
27472;DELMIRO GOUVEIA;0040;0044;;não;;
27472;DELMIRO GOUVEIA;0040;0045;;não;;
27472;DELMIRO GOUVEIA;0040;0046;;não;;
27472;DELMIRO GOUVEIA;0040;0047;;não;;
27472;DELMIRO GOUVEIA;0040;0048;;não;;
27472;DELMIRO GOUVEIA;0040;0049;;não;;
27472;DELMIRO GOUVEIA;0040;0050;0252;não;;
27472;DELMIRO GOUVEIA;0040;0051;;não;;
27472;DELMIRO GOUVEIA;0040;0052;;sim;04/10/2026;18:11:48
27472;DELMIRO GOUVEIA;0040;0053;;sim;04/10/2026;18:11:45
27472;DELMIRO GOUVEIA;0040;0054;;não;;
27472;DELMIRO GOUVEIA;0040;0055;;não;;
27472;DELMIRO GOUVEIA;0040;0056;;não;;
27472;DELMIRO GOUVEIA;0040;0057;;não;;
27472;DELMIRO GOUVEIA;0040;0058;;não;;
27472;DELMIRO GOUVEIA;0040;0059;;não;;
27472;DELMIRO GOUVEIA;0040;0060;;não;;
27472;DELMIRO GOUVEIA;0040;0061;;não;;
27472;DELMIRO GOUVEIA;0040;0062;;não;;
27472;DELMIRO GOUVEIA;0040;0063;;não;;
27472;DELMIRO GOUVEIA;0040;0064;;não;;
27472;DELMIRO GOUVEIA;0040;0065;;não;;
27472;DELMIRO GOUVEIA;0040;0066;;não;;
27472;DELMIRO GOUVEIA;0040;0067;;não;;
27472;DELMIRO GOUVEIA;0040;0068;;não;;
27472;DELMIRO GOUVEIA;0040;0069;;não;;
27472;DELMIRO GOUVEIA;0040;0070;;não;;
27472;DELMIRO GOUVEIA;0040;0071;;não;;
27472;DELMIRO GOUVEIA;0040;0072;;não;;
27472;DELMIRO GOUVEIA;0040;0073;;não;;
27472;DELMIRO GOUVEIA;0040;0074;;não;;
27472;DELMIRO GOUVEIA;0040;0075;;não;;
27472;DELMIRO GOUVEIA;0040;0077;;não;;
27472;DELMIRO GOUVEIA;0040;0078;;não;;
27472;DELMIRO GOUVEIA;0040;0080;;não;;
27472;DELMIRO GOUVEIA;0040;0081;;não;;
27472;DELMIRO GOUVEIA;0040;0084;;não;;
27472;DELMIRO GOUVEIA;0040;0086;;não;;
27472;DELMIRO GOUVEIA;0040;0088;;não;;
27472;DELMIRO GOUVEIA;0040;0089;;não;;
27472;DELMIRO GOUVEIA;0040;0090;;não;;
27472;DELMIRO GOUVEIA;0040;0091;;não;;
27472;DELMIRO GOUVEIA;0040;0093;;não;;
27472;DELMIRO GOUVEIA;0040;0094;;não;;
27472;DELMIRO GOUVEIA;0040;0095;0256;não;;
27472;DELMIRO GOUVEIA;0040;0096;;não;;
27472;DELMIRO GOUVEIA;0040;0097;;sim;04/10/2026;18:11:50
27472;DELMIRO GOUVEIA;0040;0098;;não;;
27472;DELMIRO GOUVEIA;0040;0099;0255;não;;
27472;DELMIRO GOUVEIA;0040;0100;;não;;
27472;DELMIRO GOUVEIA;0040;0101;;não;;
27472;DELMIRO GOUVEIA;0040;0102;;não;;
27472;DELMIRO GOUVEIA;0040;0103;;não;;
27472;DELMIRO GOUVEIA;0040;0104;;não;;
27472;DELMIRO GOUVEIA;0040;0105;;não;;
27472;DELMIRO GOUVEIA;0040;0106;;não;;
27472;DELMIRO GOUVEIA;0040;0107;;não;;
27472;DELMIRO GOUVEIA;0040;0108;;não;;
27472;DELMIRO GOUVEIA;0040;0109;;não;;
27472;DELMIRO GOUVEIA;0040;0110;;não;;
27472;DELMIRO GOUVEIA;0040;0111;;não;;
27472;DELMIRO GOUVEIA;0040;0112;;não;;
27472;DELMIRO GOUVEIA;0040;0113;;não;;
27472;DELMIRO GOUVEIA;0040;0114;;não;;
27472;DELMIRO GOUVEIA;0040;0115;;não;;
27472;DELMIRO GOUVEIA;0040;0116;;não;;
27472;DELMIRO GOUVEIA;0040;0117;;não;;
27472;DELMIRO GOUVEIA;0040;0118;;sim;04/10/2026;18:11:49
27472;DELMIRO GOUVEIA;0040;0119;;não;;
27472;DELMIRO GOUVEIA;0040;0120;;não;;
27472;DELMIRO GOUVEIA;0040;0121;;não;;
27472;DELMIRO GOUVEIA;0040;0122;;não;;
27472;DELMIRO GOUVEIA;0040;0123;;não;;
27472;DELMIRO GOUVEIA;0040;0124;;não;;
27472;DELMIRO GOUVEIA;0040;0125;;não;;
27472;DELMIRO GOUVEIA;0040;0126;;não;;
27472;DELMIRO GOUVEIA;0040;0127;;não;;
27472;DELMIRO GOUVEIA;0040;0128;;não;;
27472;DELMIRO GOUVEIA;0040;0129;;não;;
27472;DELMIRO GOUVEIA;0040;0130;;não;;
27472;DELMIRO GOUVEIA;0040;0131;;não;;
27472;DELMIRO GOUVEIA;0040;0132;;não;;
27472;DELMIRO GOUVEIA;0040;0133;;não;;
27472;DELMIRO GOUVEIA;0040;0134;;não;;
27472;DELMIRO GOUVEIA;0040;0135;;sim;04/10/2026;18:12:58
27472;DELMIRO GOUVEIA;0040;0136;;não;;
27472;DELMIRO GOUVEIA;0040;0137;;não;;
27472;DELMIRO GOUVEIA;0040;0138;;não;;
27472;DELMIRO GOUVEIA;0040;0139;;não;;
27472;DELMIRO GOUVEIA;0040;0140;;não;;
27472;DELMIRO GOUVEIA;0040;0141;;sim;04/10/2026;18:11:54
27472;DELMIRO GOUVEIA;0040;0142;;não;;
27472;DELMIRO GOUVEIA;0040;0143;;não;;
27472;DELMIRO GOUVEIA;0040;0144;;não;;
27472;DELMIRO GOUVEIA;0040;0145;;não;;
27472;DELMIRO GOUVEIA;0040;0146;;não;;
27472;DELMIRO GOUVEIA;0040;0147;;não;;
27472;DELMIRO GOUVEIA;0040;0148;;não;;
27472;DELMIRO GOUVEIA;0040;0235;;não;;
27472;DELMIRO GOUVEIA;0040;0239;;não;;
27472;DELMIRO GOUVEIA;0040;0240;;não;;
27472;DELMIRO GOUVEIA;0040;0241;;não;;
27472;DELMIRO GOUVEIA;0040;0242;;não;;
27472;DELMIRO GOUVEIA;0040;0244;;não;;
27472;DELMIRO GOUVEIA;0040;0247;;não;;
27472;DELMIRO GOUVEIA;0040;0248;;não;;
27472;DELMIRO GOUVEIA;0040;0249;;não;;
27472;DELMIRO GOUVEIA;0040;0250;;não;;
27499;DOIS RIACHOS;0046;0036;;não;;
27499;DOIS RIACHOS;0046;0037;;não;;
27499;DOIS RIACHOS;0046;0038;;não;;
27499;DOIS RIACHOS;0046;0039;;não;;
27499;DOIS RIACHOS;0046;0040;;não;;
27499;DOIS RIACHOS;0046;0041;;não;;
27499;DOIS RIACHOS;0046;0042;;não;;
27499;DOIS RIACHOS;0046;0043;;não;;
27499;DOIS RIACHOS;0046;0044;;não;;
27499;DOIS RIACHOS;0046;0045;;não;;
27499;DOIS RIACHOS;0046;0046;;não;;
27499;DOIS RIACHOS;0046;0047;;não;;
27499;DOIS RIACHOS;0046;0048;;não;;
27499;DOIS RIACHOS;0046;0049;;não;;
27499;DOIS RIACHOS;0046;0050;;não;;
27499;DOIS RIACHOS;0046;0051;;sim;04/10/2026;18:23:55
27499;DOIS RIACHOS;0046;0052;;não;;
27499;DOIS RIACHOS;0046;0053;;não;;
27499;DOIS RIACHOS;0046;0054;;não;;
27499;DOIS RIACHOS;0046;0058;;não;;
27499;DOIS RIACHOS;0046;0063;;não;;
27499;DOIS RIACHOS;0046;0064;;não;;
27499;DOIS RIACHOS;0046;0069;;não;;
27499;DOIS RIACHOS;0046;0072;;não;;
27499;DOIS RIACHOS;0046;0073;;não;;
27499;DOIS RIACHOS;0046;0074;;não;;
27499;DOIS RIACHOS;0046;0142;;não;;
27553;FLEXEIRAS;0053;0049;;não;;
27553;FLEXEIRAS;0053;0052;;não;;
27553;FLEXEIRAS;0053;0054;;não;;
27553;FLEXEIRAS;0053;0056;;não;;
27553;FLEXEIRAS;0053;0057;;não;;
27553;FLEXEIRAS;0053;0059;;não;;
27553;FLEXEIRAS;0053;0062;;não;;
27553;FLEXEIRAS;0053;0064;;não;;
27553;FLEXEIRAS;0053;0066;;não;;
27553;FLEXEIRAS;0053;0067;;não;;
27553;FLEXEIRAS;0053;0069;;não;;
27553;FLEXEIRAS;0053;0070;;não;;
27553;FLEXEIRAS;0053;0073;;não;;
27553;FLEXEIRAS;0053;0074;;não;;
27553;FLEXEIRAS;0053;0075;;não;;
27553;FLEXEIRAS;0053;0078;;não;;
27553;FLEXEIRAS;0053;0079;;não;;
27553;FLEXEIRAS;0053;0080;;não;;
27553;FLEXEIRAS;0053;0083;;não;;
27553;FLEXEIRAS;0053;0084;;não;;
27553;FLEXEIRAS;0053;0090;;não;;
27553;FLEXEIRAS;0053;0092;;não;;
27553;FLEXEIRAS;0053;0093;;não;;
27553;FLEXEIRAS;0053;0094;;não;;
27553;FLEXEIRAS;0053;0099;;não;;
27553;FLEXEIRAS;0053;0100;;não;;
27731;JARAMATAIA;0044;0111;;não;;
27731;JARAMATAIA;0044;0112;;não;;
27731;JARAMATAIA;0044;0113;;não;;
27731;JARAMATAIA;0044;0114;;não;;
27731;JARAMATAIA;0044;0115;;não;;
27731;JARAMATAIA;0044;0116;;não;;
27731;JARAMATAIA;0044;0117;;não;;
27731;JARAMATAIA;0044;0118;;não;;
27731;JARAMATAIA;0044;0119;;não;;
27731;JARAMATAIA;0044;0120;;não;;
27731;JARAMATAIA;0044;0121;;não;;
27731;JARAMATAIA;0044;0122;;não;;
27731;JARAMATAIA;0044;0124;;não;;
27731;JARAMATAIA;0044;0127;;não;;
27731;JARAMATAIA;0044;0128;;não;;
27731;JARAMATAIA;0044;0129;;não;;
27758;JOAQUIM GOMES;0053;0001;;não;;
27758;JOAQUIM GOMES;0053;0002;;não;;
27758;JOAQUIM GOMES;0053;0003;;não;;
27758;JOAQUIM GOMES;0053;0004;;não;;
27758;JOAQUIM GOMES;0053;0005;;não;;
27758;JOAQUIM GOMES;0053;0006;;não;;
27758;JOAQUIM GOMES;0053;0007;;não;;
27758;JOAQUIM GOMES;0053;0008;;não;;
27758;JOAQUIM GOMES;0053;0009;;não;;
27758;JOAQUIM GOMES;0053;0010;;não;;
27758;JOAQUIM GOMES;0053;0011;;não;;
27758;JOAQUIM GOMES;0053;0012;;não;;
27758;JOAQUIM GOMES;0053;0013;;não;;
27758;JOAQUIM GOMES;0053;0014;;não;;
27758;JOAQUIM GOMES;0053;0015;;não;;
27758;JOAQUIM GOMES;0053;0016;;não;;
27758;JOAQUIM GOMES;0053;0017;;não;;
27758;JOAQUIM GOMES;0053;0018;;não;;
27758;JOAQUIM GOMES;0053;0019;;não;;
27758;JOAQUIM GOMES;0053;0020;;não;;
27758;JOAQUIM GOMES;0053;0021;;não;;
27758;JOAQUIM GOMES;0053;0022;;não;;
27758;JOAQUIM GOMES;0053;0023;;não;;
27758;JOAQUIM GOMES;0053;0024;;não;;
27758;JOAQUIM GOMES;0053;0025;;não;;
27758;JOAQUIM GOMES;0053;0026;;não;;
27758;JOAQUIM GOMES;0053;0027;;não;;
27758;JOAQUIM GOMES;0053;0028;;não;;
27758;JOAQUIM GOMES;0053;0029;;não;;
27758;JOAQUIM GOMES;0053;0030;;não;;
27758;JOAQUIM GOMES;0053;0031;;não;;
27758;JOAQUIM GOMES;0053;0032;;não;;
27758;JOAQUIM GOMES;0053;0033;;não;;
27758;JOAQUIM GOMES;0053;0034;;não;;
27758;JOAQUIM GOMES;0053;0035;;não;;
27758;JOAQUIM GOMES;0053;0036;;não;;
27758;JOAQUIM GOMES;0053;0037;;não;;
27758;JOAQUIM GOMES;0053;0038;;não;;
27758;JOAQUIM GOMES;0053;0040;0042;não;;
27758;JOAQUIM GOMES;0053;0043;0085;não;;
27758;JOAQUIM GOMES;0053;0045;;não;;
27758;JOAQUIM GOMES;0053;0046;;não;;
27758;JOAQUIM GOMES;0053;0047;;não;;
27758;JOAQUIM GOMES;0053;0081;;não;;
27758;JOAQUIM GOMES;0053;0088;;não;;
27758;JOAQUIM GOMES;0053;0089;;não;;
27758;JOAQUIM GOMES;0053;0091;;não;;
27758;JOAQUIM GOMES;0053;0095;;não;;
27758;JOAQUIM GOMES;0053;0096;;não;;
27758;JOAQUIM GOMES;0053;0097;;não;;
27758;JOAQUIM GOMES;0053;0098;;não;;
27758;JOAQUIM GOMES;0053;0101;;não;;
27758;JOAQUIM GOMES;0053;0166;;não;;
27995;MATA GRANDE;0027;0060;;sim;04/10/2026;18:29:01
27995;MATA GRANDE;0027;0061;;não;;
27995;MATA GRANDE;0027;0062;;não;;
27995;MATA GRANDE;0027;0063;;sim;04/10/2026;18:24:57
27995;MATA GRANDE;0027;0064;;não;;
27995;MATA GRANDE;0027;0065;;sim;04/10/2026;18:18:52
27995;MATA GRANDE;0027;0066;;sim;04/10/2026;18:18:52
27995;MATA GRANDE;0027;0067;;sim;04/10/2026;18:18:52
27995;MATA GRANDE;0027;0068;;sim;04/10/2026;18:18:53
27995;MATA GRANDE;0027;0069;;sim;04/10/2026;18:18:49
27995;MATA GRANDE;0027;0070;;não;;
27995;MATA GRANDE;0027;0071;;sim;04/10/2026;18:18:51
27995;MATA GRANDE;0027;0073;;sim;04/10/2026;18:18:55
27995;MATA GRANDE;0027;0074;;sim;04/10/2026;18:24:47
27995;MATA GRANDE;0027;0075;;sim;04/10/2026;18:18:56
27995;MATA GRANDE;0027;0076;;sim;04/10/2026;18:18:50
27995;MATA GRANDE;0027;0077;;sim;04/10/2026;18:18:55
27995;MATA GRANDE;0027;0078;;não;;
27995;MATA GRANDE;0027;0079;;não;;
27995;MATA GRANDE;0027;0080;;não;;
27995;MATA GRANDE;0027;0081;;sim;04/10/2026;18:29:15
27995;MATA GRANDE;0027;0083;;sim;04/10/2026;18:18:56
27995;MATA GRANDE;0027;0084;;não;;
27995;MATA GRANDE;0027;0085;;sim;04/10/2026;18:29:52
27995;MATA GRANDE;0027;0086;;não;;
27995;MATA GRANDE;0027;0087;;não;;
27995;MATA GRANDE;0027;0088;;não;;
27995;MATA GRANDE;0027;0089;;não;;
27995;MATA GRANDE;0027;0090;;não;;
27995;MATA GRANDE;0027;0091;;não;;
27995;MATA GRANDE;0027;0092;;não;;
27995;MATA GRANDE;0027;0093;;sim;04/10/2026;18:24:56
27995;MATA GRANDE;0027;0094;;não;;
27995;MATA GRANDE;0027;0095;;não;;
27995;MATA GRANDE;0027;0096;;sim;04/10/2026;18:18:54
27995;MATA GRANDE;0027;0097;;não;;
27995;MATA GRANDE;0027;0098;;não;;
27995;MATA GRANDE;0027;0099;;sim;04/10/2026;18:25:02
27995;MATA GRANDE;0027;0100;;sim;04/10/2026;18:24:49
27995;MATA GRANDE;0027;0101;;sim;04/10/2026;18:24:48
27995;MATA GRANDE;0027;0102;;não;;
27995;MATA GRANDE;0027;0103;;sim;04/10/2026;18:24:50
27995;MATA GRANDE;0027;0119;;não;;
27995;MATA GRANDE;0027;0120;;não;;
27995;MATA GRANDE;0027;0129;;não;;
27995;MATA GRANDE;0027;0130;;sim;04/10/2026;18:18:53
27995;MATA GRANDE;0027;0132;;sim;04/10/2026;18:18:58
27995;MATA GRANDE;0027;0133;;sim;04/10/2026;18:18:54
27995;MATA GRANDE;0027;0134;;sim;04/10/2026;18:18:58
27995;MATA GRANDE;0027;0136;;sim;04/10/2026;18:18:57
27995;MATA GRANDE;0027;0137;;sim;04/10/2026;18:18:54
27995;MATA GRANDE;0027;0141;;sim;04/10/2026;18:18:56
27995;MATA GRANDE;0027;0143;;não;;
27995;MATA GRANDE;0027;0145;;sim;04/10/2026;18:18:56
27995;MATA GRANDE;0027;0146;;sim;04/10/2026;18:18:55
27995;MATA GRANDE;0027;0148;;não;;
27995;MATA GRANDE;0027;0149;;não;;
27995;MATA GRANDE;0027;0150;;não;;
27995;MATA GRANDE;0027;0157;;sim;04/10/2026;18:18:55
27995;MATA GRANDE;0027;0158;;sim;04/10/2026;18:18:57
27995;MATA GRANDE;0027;0162;;sim;04/10/2026;18:18:56
27995;MATA GRANDE;0027;0164;;não;;
27995;MATA GRANDE;0027;0166;;sim;04/10/2026;18:19:02
28134;OLHO D'ÁGUA DAS FLORES;0011;0087;;não;;
28134;OLHO D'ÁGUA DAS FLORES;0011;0088;;não;;
28134;OLHO D'ÁGUA DAS FLORES;0011;0089;;não;;
28134;OLHO D'ÁGUA DAS FLORES;0011;0090;;não;;
28134;OLHO D'ÁGUA DAS FLORES;0011;0091;;não;;
28134;OLHO D'ÁGUA DAS FLORES;0011;0094;;não;;
28134;OLHO D'ÁGUA DAS FLORES;0011;0095;;não;;
28134;OLHO D'ÁGUA DAS FLORES;0011;0096;;não;;
28134;OLHO D'ÁGUA DAS FLORES;0011;0097;;não;;
28134;OLHO D'ÁGUA DAS FLORES;0011;0098;;não;;
28134;OLHO D'ÁGUA DAS FLORES;0011;0099;;não;;
28134;OLHO D'ÁGUA DAS FLORES;0011;0100;;não;;
28134;OLHO D'ÁGUA DAS FLORES;0011;0101;;não;;
28134;OLHO D'ÁGUA DAS FLORES;0011;0102;;não;;
28134;OLHO D'ÁGUA DAS FLORES;0011;0103;;não;;
28134;OLHO D'ÁGUA DAS FLORES;0011;0104;;não;;
28134;OLHO D'ÁGUA DAS FLORES;0011;0105;;não;;
28134;OLHO D'ÁGUA DAS FLORES;0011;0106;;não;;
28134;OLHO D'ÁGUA DAS FLORES;0011;0107;;não;;
28134;OLHO D'ÁGUA DAS FLORES;0011;0108;;não;;
28134;OLHO D'ÁGUA DAS FLORES;0011;0109;;não;;
28134;OLHO D'ÁGUA DAS FLORES;0011;0110;;não;;
28134;OLHO D'ÁGUA DAS FLORES;0011;0111;;não;;
28134;OLHO D'ÁGUA DAS FLORES;0011;0113;;não;;
28134;OLHO D'ÁGUA DAS FLORES;0011;0114;;não;;
28134;OLHO D'ÁGUA DAS FLORES;0011;0115;;não;;
28134;OLHO D'ÁGUA DAS FLORES;0011;0116;;não;;
28134;OLHO D'ÁGUA DAS FLORES;0011;0117;;não;;
28134;OLHO D'ÁGUA DAS FLORES;0011;0118;;não;;
28134;OLHO D'ÁGUA DAS FLORES;0011;0119;;não;;
28134;OLHO D'ÁGUA DAS FLORES;0011;0120;;não;;
28134;OLHO D'ÁGUA DAS FLORES;0011;0121;;não;;
28134;OLHO D'ÁGUA DAS FLORES;0011;0122;;não;;
28134;OLHO D'ÁGUA DAS FLORES;0011;0123;;não;;
28134;OLHO D'ÁGUA DAS FLORES;0011;0124;;não;;
28134;OLHO D'ÁGUA DAS FLORES;0011;0125;;não;;
28134;OLHO D'ÁGUA DAS FLORES;0011;0126;;não;;
28134;OLHO D'ÁGUA DAS FLORES;0011;0127;;não;;
28134;OLHO D'ÁGUA DAS FLORES;0011;0128;;não;;
28134;OLHO D'ÁGUA DAS FLORES;0011;0129;;sim;04/10/2026;18:28:45
28134;OLHO D'ÁGUA DAS FLORES;0011;0130;;sim;04/10/2026;18:28:47
28134;OLHO D'ÁGUA DAS FLORES;0011;0131;;sim;04/10/2026;18:29:02
28134;OLHO D'ÁGUA DAS FLORES;0011;0132;;sim;04/10/2026;18:29:58
28134;OLHO D'ÁGUA DAS FLORES;0011;0133;;sim;04/10/2026;18:30:10
28134;OLHO D'ÁGUA DAS FLORES;0011;0134;;sim;04/10/2026;18:31:02
28134;OLHO D'ÁGUA DAS FLORES;0011;0136;;não;;
28134;OLHO D'ÁGUA DAS FLORES;0011;0143;;não;;
28312;PAULO JACINTO;0028;0031;;sim;04/10/2026;18:19:48
28312;PAULO JACINTO;0028;0032;;sim;04/10/2026;18:19:51
28312;PAULO JACINTO;0028;0033;;sim;04/10/2026;18:19:51
28312;PAULO JACINTO;0028;0034;;sim;04/10/2026;18:19:53
28312;PAULO JACINTO;0028;0035;;sim;04/10/2026;18:20:02
28312;PAULO JACINTO;0028;0037;;sim;04/10/2026;18:19:56
28312;PAULO JACINTO;0028;0038;;sim;04/10/2026;18:19:59
28312;PAULO JACINTO;0028;0039;;sim;04/10/2026;18:20:09
28312;PAULO JACINTO;0028;0041;;sim;04/10/2026;18:20:08
28312;PAULO JACINTO;0028;0042;;sim;04/10/2026;18:20:09
28312;PAULO JACINTO;0028;0043;;sim;04/10/2026;18:20:05
28312;PAULO JACINTO;0028;0044;;sim;04/10/2026;18:20:07
28312;PAULO JACINTO;0028;0045;;sim;04/10/2026;18:20:11
28312;PAULO JACINTO;0028;0046;;não;;
28312;PAULO JACINTO;0028;0047;;sim;04/10/2026;18:20:42
28312;PAULO JACINTO;0028;0048;;não;;
28312;PAULO JACINTO;0028;0049;;sim;04/10/2026;18:20:46
28312;PAULO JACINTO;0028;0050;;sim;04/10/2026;18:20:40
28312;PAULO JACINTO;0028;0052;;sim;04/10/2026;18:20:49
28312;PAULO JACINTO;0028;0053;;sim;04/10/2026;18:20:47
28312;PAULO JACINTO;0028;0054;;sim;04/10/2026;18:20:54
28312;PAULO JACINTO;0028;0114;;sim;04/10/2026;18:20:52
28312;PAULO JACINTO;0028;0115;;sim;04/10/2026;18:20:51
28312;PAULO JACINTO;0028;0116;;sim;04/10/2026;18:20:54
28312;PAULO JACINTO;0028;0122;;não;;
28312;PAULO JACINTO;0028;0127;;sim;04/10/2026;18:21:03
28436;POÇO DAS TRINCHEIRAS;0050;0015;;sim;04/10/2026;18:31:43
28436;POÇO DAS TRINCHEIRAS;0050;0016;;não;;
28436;POÇO DAS TRINCHEIRAS;0050;0017;;não;;
28436;POÇO DAS TRINCHEIRAS;0050;0018;;sim;04/10/2026;18:32:05
28436;POÇO DAS TRINCHEIRAS;0050;0019;;não;;
28436;POÇO DAS TRINCHEIRAS;0050;0020;;não;;
28436;POÇO DAS TRINCHEIRAS;0050;0021;;não;;
28436;POÇO DAS TRINCHEIRAS;0050;0022;;não;;
28436;POÇO DAS TRINCHEIRAS;0050;0023;;não;;
28436;POÇO DAS TRINCHEIRAS;0050;0024;;não;;
28436;POÇO DAS TRINCHEIRAS;0050;0025;;não;;
28436;POÇO DAS TRINCHEIRAS;0050;0026;;não;;
28436;POÇO DAS TRINCHEIRAS;0050;0027;;não;;
28436;POÇO DAS TRINCHEIRAS;0050;0028;;não;;
28436;POÇO DAS TRINCHEIRAS;0050;0029;;não;;
28436;POÇO DAS TRINCHEIRAS;0050;0030;;não;;
28436;POÇO DAS TRINCHEIRAS;0050;0031;;não;;
28436;POÇO DAS TRINCHEIRAS;0050;0032;;não;;
28436;POÇO DAS TRINCHEIRAS;0050;0033;;não;;
28436;POÇO DAS TRINCHEIRAS;0050;0034;;não;;
28436;POÇO DAS TRINCHEIRAS;0050;0035;;não;;
28436;POÇO DAS TRINCHEIRAS;0050;0036;;não;;
28436;POÇO DAS TRINCHEIRAS;0050;0037;;não;;
28436;POÇO DAS TRINCHEIRAS;0050;0038;;não;;
28436;POÇO DAS TRINCHEIRAS;0050;0040;;não;;
28436;POÇO DAS TRINCHEIRAS;0050;0041;;não;;
28436;POÇO DAS TRINCHEIRAS;0050;0042;;não;;
28436;POÇO DAS TRINCHEIRAS;0050;0074;;sim;04/10/2026;18:32:03
28436;POÇO DAS TRINCHEIRAS;0050;0078;;não;;
28436;POÇO DAS TRINCHEIRAS;0050;0084;;não;;
28436;POÇO DAS TRINCHEIRAS;0050;0098;;não;;
28436;POÇO DAS TRINCHEIRAS;0050;0104;;não;;
28436;POÇO DAS TRINCHEIRAS;0050;0107;;não;;
28436;POÇO DAS TRINCHEIRAS;0050;0109;0110;não;;
27219;BRANQUINHA;0009;0001;;não;;
27219;BRANQUINHA;0009;0002;;não;;
27219;BRANQUINHA;0009;0003;;não;;
27219;BRANQUINHA;0009;0005;;não;;
27219;BRANQUINHA;0009;0007;;não;;
27219;BRANQUINHA;0009;0008;;não;;
27219;BRANQUINHA;0009;0009;;não;;
27219;BRANQUINHA;0009;0010;;não;;
27219;BRANQUINHA;0009;0012;;não;;
27219;BRANQUINHA;0009;0014;;não;;
27219;BRANQUINHA;0009;0015;;não;;
27219;BRANQUINHA;0009;0017;;não;;
27219;BRANQUINHA;0009;0018;;não;;
27219;BRANQUINHA;0009;0019;;não;;
27219;BRANQUINHA;0009;0086;;não;;
27219;BRANQUINHA;0009;0093;;não;;
27219;BRANQUINHA;0009;0094;;não;;
27219;BRANQUINHA;0009;0095;;não;;
27219;BRANQUINHA;0009;0096;;não;;
27219;BRANQUINHA;0009;0115;;não;;
27219;BRANQUINHA;0009;0163;;não;;
27219;BRANQUINHA;0009;0173;;não;;
27219;BRANQUINHA;0009;0177;;não;;
27219;BRANQUINHA;0009;0188;;não;;
27219;BRANQUINHA;0009;0189;;não;;
27219;BRANQUINHA;0009;0190;;não;;
27251;CAJUEIRO;0005;0107;;não;;
27251;CAJUEIRO;0005;0108;;não;;
27251;CAJUEIRO;0005;0109;;não;;
27251;CAJUEIRO;0005;0110;;não;;
27251;CAJUEIRO;0005;0111;;não;;
27251;CAJUEIRO;0005;0112;;não;;
27251;CAJUEIRO;0005;0113;;não;;
27251;CAJUEIRO;0005;0114;;não;;
27251;CAJUEIRO;0005;0115;;não;;
27251;CAJUEIRO;0005;0116;;não;;
27251;CAJUEIRO;0005;0117;;não;;
27251;CAJUEIRO;0005;0118;;não;;
27251;CAJUEIRO;0005;0120;;não;;
27251;CAJUEIRO;0005;0121;;não;;
27251;CAJUEIRO;0005;0122;;não;;
27251;CAJUEIRO;0005;0123;;não;;
27251;CAJUEIRO;0005;0124;;não;;
27251;CAJUEIRO;0005;0125;;não;;
27251;CAJUEIRO;0005;0126;;não;;
27251;CAJUEIRO;0005;0127;;não;;
27251;CAJUEIRO;0005;0128;;sim;04/10/2026;18:20:04
27251;CAJUEIRO;0005;0129;;sim;04/10/2026;18:20:13
27251;CAJUEIRO;0005;0130;;sim;04/10/2026;18:20:14
27251;CAJUEIRO;0005;0131;;sim;04/10/2026;18:20:17
27251;CAJUEIRO;0005;0132;;não;;
27251;CAJUEIRO;0005;0133;;não;;
27251;CAJUEIRO;0005;0134;;sim;04/10/2026;18:20:13
27251;CAJUEIRO;0005;0135;;não;;
27251;CAJUEIRO;0005;0136;;não;;
27251;CAJUEIRO;0005;0137;;não;;
27251;CAJUEIRO;0005;0138;;sim;04/10/2026;18:20:47
27251;CAJUEIRO;0005;0139;;sim;04/10/2026;18:20:40
27251;CAJUEIRO;0005;0140;;não;;
27251;CAJUEIRO;0005;0141;;não;;
27251;CAJUEIRO;0005;0142;;não;;
27251;CAJUEIRO;0005;0143;;não;;
27251;CAJUEIRO;0005;0144;;não;;
27251;CAJUEIRO;0005;0145;;não;;
27251;CAJUEIRO;0005;0146;;não;;
27251;CAJUEIRO;0005;0147;;não;;
27251;CAJUEIRO;0005;0148;;não;;
27251;CAJUEIRO;0005;0150;;sim;04/10/2026;18:20:48
27359;CARNEIROS;0019;0245;;não;;
27359;CARNEIROS;0019;0246;;não;;
27359;CARNEIROS;0019;0249;;não;;
27359;CARNEIROS;0019;0250;;não;;
27359;CARNEIROS;0019;0251;;não;;
27359;CARNEIROS;0019;0254;;não;;
27359;CARNEIROS;0019;0255;;não;;
27359;CARNEIROS;0019;0256;;não;;
27359;CARNEIROS;0019;0257;;não;;
27359;CARNEIROS;0019;0258;;não;;
27359;CARNEIROS;0019;0259;;não;;
27359;CARNEIROS;0019;0260;;não;;
27359;CARNEIROS;0019;0261;;não;;
27359;CARNEIROS;0019;0262;;não;;
27359;CARNEIROS;0019;0263;;não;;
27359;CARNEIROS;0019;0264;;não;;
27359;CARNEIROS;0019;0265;;não;;
27359;CARNEIROS;0019;0266;;não;;
27359;CARNEIROS;0019;0267;;não;;
27359;CARNEIROS;0019;0268;;não;;
27359;CARNEIROS;0019;0275;;não;;
27359;CARNEIROS;0019;0279;;não;;
27359;CARNEIROS;0019;0300;0299;não;;
27979;MAR VERMELHO;0005;0011;;não;;
27979;MAR VERMELHO;0005;0013;;não;;
27979;MAR VERMELHO;0005;0015;;sim;04/10/2026;17:24:32
27979;MAR VERMELHO;0005;0016;;sim;04/10/2026;17:25:32
27979;MAR VERMELHO;0005;0017;;sim;04/10/2026;17:38:35
27979;MAR VERMELHO;0005;0018;;não;;
27979;MAR VERMELHO;0005;0058;;sim;04/10/2026;17:56:46
27979;MAR VERMELHO;0005;0071;;sim;04/10/2026;18:16:05
27979;MAR VERMELHO;0005;0081;;sim;04/10/2026;18:13:59
27979;MAR VERMELHO;0005;0149;;sim;04/10/2026;18:14:08
27979;MAR VERMELHO;0005;0151;;sim;04/10/2026;18:27:56
28070;MONTEIRÓPOLIS;0029;0074;;não;;
28070;MONTEIRÓPOLIS;0029;0075;;não;;
28070;MONTEIRÓPOLIS;0029;0076;;não;;
28070;MONTEIRÓPOLIS;0029;0077;;não;;
28070;MONTEIRÓPOLIS;0029;0078;;não;;
28070;MONTEIRÓPOLIS;0029;0079;;não;;
28070;MONTEIRÓPOLIS;0029;0080;;não;;
28070;MONTEIRÓPOLIS;0029;0081;;não;;
28070;MONTEIRÓPOLIS;0029;0082;;não;;
28070;MONTEIRÓPOLIS;0029;0083;;não;;
28070;MONTEIRÓPOLIS;0029;0084;;não;;
28070;MONTEIRÓPOLIS;0029;0085;;não;;
28070;MONTEIRÓPOLIS;0029;0086;;não;;
28070;MONTEIRÓPOLIS;0029;0087;;não;;
28070;MONTEIRÓPOLIS;0029;0088;;não;;
28070;MONTEIRÓPOLIS;0029;0089;;não;;
28070;MONTEIRÓPOLIS;0029;0090;;não;;
28070;MONTEIRÓPOLIS;0029;0091;;não;;
28070;MONTEIRÓPOLIS;0029;0092;;não;;
28231;PALESTINA;0011;0001;;não;;
28231;PALESTINA;0011;0002;;não;;
28231;PALESTINA;0011;0003;;não;;
28231;PALESTINA;0011;0006;;sim;04/10/2026;18:13:07
28231;PALESTINA;0011;0007;;não;;
28231;PALESTINA;0011;0033;;sim;04/10/2026;18:26:40
28231;PALESTINA;0011;0035;;sim;04/10/2026;18:13:00
28231;PALESTINA;0011;0036;;não;;
28231;PALESTINA;0011;0058;;não;;
28231;PALESTINA;0011;0066;;não;;
28231;PALESTINA;0011;0068;;não;;
28231;PALESTINA;0011;0086;;não;;
28231;PALESTINA;0011;0139;0148, 0147;não;;
28231;PALESTINA;0011;0145;;não;;
28339;PENEDO;0013;0001;;não;;
28339;PENEDO;0013;0002;;não;;
28339;PENEDO;0013;0003;;não;;
28339;PENEDO;0013;0004;;não;;
28339;PENEDO;0013;0005;;não;;
28339;PENEDO;0013;0006;;não;;
28339;PENEDO;0013;0007;;não;;
28339;PENEDO;0013;0008;;não;;
28339;PENEDO;0013;0009;;não;;
28339;PENEDO;0013;0010;;não;;
28339;PENEDO;0013;0011;;não;;
28339;PENEDO;0013;0012;;não;;
28339;PENEDO;0013;0013;;não;;
28339;PENEDO;0013;0014;;não;;
28339;PENEDO;0013;0015;;não;;
28339;PENEDO;0013;0016;;não;;
28339;PENEDO;0013;0017;;não;;
28339;PENEDO;0013;0018;;não;;
28339;PENEDO;0013;0019;;não;;
28339;PENEDO;0013;0020;;não;;
28339;PENEDO;0013;0021;;não;;
28339;PENEDO;0013;0022;;não;;
28339;PENEDO;0013;0023;;não;;
28339;PENEDO;0013;0024;;não;;
28339;PENEDO;0013;0025;;não;;
28339;PENEDO;0013;0026;;não;;
28339;PENEDO;0013;0027;;não;;
28339;PENEDO;0013;0028;;não;;
28339;PENEDO;0013;0029;;não;;
28339;PENEDO;0013;0030;0112;não;;
28339;PENEDO;0013;0031;;não;;
28339;PENEDO;0013;0032;;não;;
28339;PENEDO;0013;0033;;não;;
28339;PENEDO;0013;0034;;não;;
28339;PENEDO;0013;0035;;sim;04/10/2026;18:25:55
28339;PENEDO;0013;0036;;não;;
28339;PENEDO;0013;0037;;sim;04/10/2026;18:25:55
28339;PENEDO;0013;0038;;não;;
28339;PENEDO;0013;0039;;não;;
28339;PENEDO;0013;0040;;não;;
28339;PENEDO;0013;0041;;não;;
28339;PENEDO;0013;0042;;não;;
28339;PENEDO;0013;0043;;não;;
28339;PENEDO;0013;0044;;não;;
28339;PENEDO;0013;0045;;não;;
28339;PENEDO;0013;0046;;não;;
28339;PENEDO;0013;0047;;não;;
28339;PENEDO;0013;0048;;não;;
28339;PENEDO;0013;0049;;não;;
28339;PENEDO;0013;0050;;não;;
28339;PENEDO;0013;0051;;não;;
28339;PENEDO;0013;0052;;não;;
28339;PENEDO;0013;0053;;não;;
28339;PENEDO;0013;0054;;não;;
28339;PENEDO;0013;0056;;não;;
28339;PENEDO;0013;0057;;não;;
28339;PENEDO;0013;0058;;não;;
28339;PENEDO;0013;0059;;não;;
28339;PENEDO;0013;0060;;não;;
28339;PENEDO;0013;0061;;não;;
28339;PENEDO;0013;0062;;não;;
28339;PENEDO;0013;0063;;não;;
28339;PENEDO;0013;0064;;não;;
28339;PENEDO;0013;0065;;não;;
28339;PENEDO;0013;0066;;não;;
28339;PENEDO;0013;0067;;sim;04/10/2026;18:25:40
28339;PENEDO;0013;0068;;não;;
28339;PENEDO;0013;0069;;não;;
28339;PENEDO;0013;0070;;não;;
28339;PENEDO;0013;0071;;não;;
28339;PENEDO;0013;0072;;não;;
28339;PENEDO;0013;0073;;não;;
28339;PENEDO;0013;0074;;não;;
28339;PENEDO;0013;0075;;não;;
28339;PENEDO;0013;0076;;não;;
28339;PENEDO;0013;0077;;não;;
28339;PENEDO;0013;0079;;não;;
28339;PENEDO;0013;0080;;não;;
28339;PENEDO;0013;0081;;não;;
28339;PENEDO;0013;0082;;não;;
28339;PENEDO;0013;0083;;não;;
28339;PENEDO;0013;0084;;não;;
28339;PENEDO;0013;0085;;não;;
28339;PENEDO;0013;0086;;não;;
28339;PENEDO;0013;0087;;não;;
28339;PENEDO;0013;0088;;não;;
28339;PENEDO;0013;0089;;sim;04/10/2026;18:10:01
28339;PENEDO;0013;0091;;não;;
28339;PENEDO;0013;0092;;não;;
28339;PENEDO;0013;0093;;não;;
28339;PENEDO;0013;0094;;não;;
28339;PENEDO;0013;0095;;não;;
28339;PENEDO;0013;0096;;não;;
28339;PENEDO;0013;0097;;não;;
28339;PENEDO;0013;0098;;não;;
28339;PENEDO;0013;0099;;não;;
28339;PENEDO;0013;0100;;não;;
28339;PENEDO;0013;0101;;sim;04/10/2026;18:25:42
28339;PENEDO;0013;0102;;sim;04/10/2026;18:25:44
28339;PENEDO;0013;0103;;sim;04/10/2026;18:25:45
28339;PENEDO;0013;0104;;não;;
28339;PENEDO;0013;0105;;não;;
28339;PENEDO;0013;0106;;não;;
28339;PENEDO;0013;0107;;não;;
28339;PENEDO;0013;0108;;não;;
28339;PENEDO;0013;0109;;não;;
28339;PENEDO;0013;0110;;não;;
28339;PENEDO;0013;0111;;não;;
28339;PENEDO;0013;0113;;não;;
28339;PENEDO;0013;0114;;não;;
28339;PENEDO;0013;0115;;não;;
28339;PENEDO;0013;0116;;não;;
28339;PENEDO;0013;0117;;não;;
28339;PENEDO;0013;0118;;não;;
28339;PENEDO;0013;0119;;sim;04/10/2026;18:10:00
28339;PENEDO;0013;0120;;não;;
28339;PENEDO;0013;0121;;não;;
28339;PENEDO;0013;0122;;não;;
28339;PENEDO;0013;0123;;não;;
28339;PENEDO;0013;0124;;não;;
28339;PENEDO;0013;0125;;não;;
28339;PENEDO;0013;0126;;não;;
28339;PENEDO;0013;0127;;não;;
28339;PENEDO;0013;0172;;não;;
28339;PENEDO;0013;0173;;não;;
28339;PENEDO;0013;0174;;sim;04/10/2026;18:09:59
28339;PENEDO;0013;0175;;sim;04/10/2026;18:25:45
28339;PENEDO;0013;0176;;não;;
28339;PENEDO;0013;0177;;não;;
28339;PENEDO;0013;0178;;não;;
28339;PENEDO;0013;0179;;não;;
28339;PENEDO;0013;0180;;não;;
28339;PENEDO;0013;0181;;não;;
28339;PENEDO;0013;0182;;sim;04/10/2026;18:09:57
28339;PENEDO;0013;0183;;sim;04/10/2026;18:25:48
28339;PENEDO;0013;0184;;não;;
28339;PENEDO;0013;0185;;não;;
28339;PENEDO;0013;0186;;não;;
28495;PORTO REAL DO COLÉGIO;0037;0001;;não;;
28495;PORTO REAL DO COLÉGIO;0037;0002;;não;;
28495;PORTO REAL DO COLÉGIO;0037;0003;;não;;
28495;PORTO REAL DO COLÉGIO;0037;0004;;não;;
28495;PORTO REAL DO COLÉGIO;0037;0005;;não;;
28495;PORTO REAL DO COLÉGIO;0037;0006;;não;;
28495;PORTO REAL DO COLÉGIO;0037;0007;;não;;
28495;PORTO REAL DO COLÉGIO;0037;0008;;não;;
28495;PORTO REAL DO COLÉGIO;0037;0009;;não;;
28495;PORTO REAL DO COLÉGIO;0037;0010;;não;;
28495;PORTO REAL DO COLÉGIO;0037;0011;;não;;
28495;PORTO REAL DO COLÉGIO;0037;0012;;não;;
28495;PORTO REAL DO COLÉGIO;0037;0013;;não;;
28495;PORTO REAL DO COLÉGIO;0037;0014;;não;;
28495;PORTO REAL DO COLÉGIO;0037;0015;;não;;
28495;PORTO REAL DO COLÉGIO;0037;0016;;não;;
28495;PORTO REAL DO COLÉGIO;0037;0017;;não;;
28495;PORTO REAL DO COLÉGIO;0037;0018;;não;;
28495;PORTO REAL DO COLÉGIO;0037;0019;;não;;
28495;PORTO REAL DO COLÉGIO;0037;0020;;não;;
28495;PORTO REAL DO COLÉGIO;0037;0021;;não;;
28495;PORTO REAL DO COLÉGIO;0037;0022;;não;;
28495;PORTO REAL DO COLÉGIO;0037;0023;;não;;
28495;PORTO REAL DO COLÉGIO;0037;0024;;não;;
28495;PORTO REAL DO COLÉGIO;0037;0025;;não;;
28495;PORTO REAL DO COLÉGIO;0037;0026;;não;;
28495;PORTO REAL DO COLÉGIO;0037;0027;;não;;
28495;PORTO REAL DO COLÉGIO;0037;0028;;não;;
28495;PORTO REAL DO COLÉGIO;0037;0030;;não;;
28495;PORTO REAL DO COLÉGIO;0037;0031;;não;;
28495;PORTO REAL DO COLÉGIO;0037;0032;;não;;
28495;PORTO REAL DO COLÉGIO;0037;0033;0038;não;;
28495;PORTO REAL DO COLÉGIO;0037;0034;;não;;
28495;PORTO REAL DO COLÉGIO;0037;0035;;não;;
28495;PORTO REAL DO COLÉGIO;0037;0036;;não;;
28495;PORTO REAL DO COLÉGIO;0037;0037;;não;;
28495;PORTO REAL DO COLÉGIO;0037;0039;;não;;
28495;PORTO REAL DO COLÉGIO;0037;0040;;não;;
28495;PORTO REAL DO COLÉGIO;0037;0041;;não;;
28495;PORTO REAL DO COLÉGIO;0037;0042;;não;;
28495;PORTO REAL DO COLÉGIO;0037;0043;;não;;
28495;PORTO REAL DO COLÉGIO;0037;0044;;não;;
28495;PORTO REAL DO COLÉGIO;0037;0045;;não;;
28495;PORTO REAL DO COLÉGIO;0037;0107;;não;;
28495;PORTO REAL DO COLÉGIO;0037;0109;;não;;
28495;PORTO REAL DO COLÉGIO;0037;0168;;não;;
28495;PORTO REAL DO COLÉGIO;0037;0171;;não;;
28495;PORTO REAL DO COLÉGIO;0037;0174;;não;;
28495;PORTO REAL DO COLÉGIO;0037;0175;;não;;
28495;PORTO REAL DO COLÉGIO;0037;0176;;não;;
28495;PORTO REAL DO COLÉGIO;0037;0179;;não;;
28495;PORTO REAL DO COLÉGIO;0037;0183;;não;;
28495;PORTO REAL DO COLÉGIO;0037;0189;;não;;
28517;QUEBRANGULO;0028;0001;;sim;04/10/2026;18:10:13
28517;QUEBRANGULO;0028;0002;;sim;04/10/2026;18:10:38
28517;QUEBRANGULO;0028;0003;;sim;04/10/2026;18:10:13
28517;QUEBRANGULO;0028;0004;;sim;04/10/2026;18:10:39
28517;QUEBRANGULO;0028;0005;;sim;04/10/2026;18:20:45
28517;QUEBRANGULO;0028;0006;;sim;04/10/2026;18:20:47
28517;QUEBRANGULO;0028;0007;;sim;04/10/2026;18:20:48
28517;QUEBRANGULO;0028;0008;;sim;04/10/2026;18:20:45
28517;QUEBRANGULO;0028;0009;;sim;04/10/2026;18:20:46
28517;QUEBRANGULO;0028;0010;;sim;04/10/2026;18:16:48
28517;QUEBRANGULO;0028;0011;;sim;04/10/2026;18:16:52
28517;QUEBRANGULO;0028;0012;;sim;04/10/2026;18:16:52
28517;QUEBRANGULO;0028;0013;;sim;04/10/2026;18:16:53
28517;QUEBRANGULO;0028;0014;;sim;04/10/2026;18:16:49
28517;QUEBRANGULO;0028;0015;;sim;04/10/2026;18:16:51
28517;QUEBRANGULO;0028;0016;;sim;04/10/2026;18:16:53
28517;QUEBRANGULO;0028;0020;;não;;
28517;QUEBRANGULO;0028;0021;;não;;
28517;QUEBRANGULO;0028;0022;;sim;04/10/2026;17:47:43
28517;QUEBRANGULO;0028;0023;;sim;04/10/2026;17:47:43
28517;QUEBRANGULO;0028;0024;;sim;04/10/2026;17:47:43
28517;QUEBRANGULO;0028;0025;;não;;
28517;QUEBRANGULO;0028;0026;;não;;
28517;QUEBRANGULO;0028;0027;;não;;
28517;QUEBRANGULO;0028;0028;;não;;
28517;QUEBRANGULO;0028;0029;;não;;
28517;QUEBRANGULO;0028;0030;;não;;
28517;QUEBRANGULO;0028;0055;;sim;04/10/2026;18:20:46
28517;QUEBRANGULO;0028;0106;;sim;04/10/2026;18:10:40
28517;QUEBRANGULO;0028;0108;;não;;
28517;QUEBRANGULO;0028;0112;;sim;04/10/2026;18:20:46
28517;QUEBRANGULO;0028;0117;;não;;
28517;QUEBRANGULO;0028;0118;;não;;
28517;QUEBRANGULO;0028;0123;;não;;
28517;QUEBRANGULO;0028;0124;;não;;
28517;QUEBRANGULO;0028;0126;;não;;
28517;QUEBRANGULO;0028;0128;;sim;04/10/2026;18:10:40
28533;RIO LARGO;0015;0007;;não;;
28533;RIO LARGO;0015;0008;0245;não;;
28533;RIO LARGO;0015;0009;0232;não;;
28533;RIO LARGO;0015;0011;;não;;
28533;RIO LARGO;0015;0012;;não;;
28533;RIO LARGO;0015;0013;;não;;
28533;RIO LARGO;0015;0014;;não;;
28533;RIO LARGO;0015;0015;;não;;
28533;RIO LARGO;0015;0016;;não;;
28533;RIO LARGO;0015;0017;;não;;
28533;RIO LARGO;0015;0018;;não;;
28533;RIO LARGO;0015;0019;;não;;
28533;RIO LARGO;0015;0020;;não;;
28533;RIO LARGO;0015;0021;;não;;
28533;RIO LARGO;0015;0022;;não;;
28533;RIO LARGO;0015;0023;;não;;
28533;RIO LARGO;0015;0024;;não;;
28533;RIO LARGO;0015;0025;;não;;
28533;RIO LARGO;0015;0026;;não;;
28533;RIO LARGO;0015;0027;;não;;
28533;RIO LARGO;0015;0028;;não;;
28533;RIO LARGO;0015;0029;;não;;
28533;RIO LARGO;0015;0030;;não;;
28533;RIO LARGO;0015;0031;;não;;
28533;RIO LARGO;0015;0032;;não;;
28533;RIO LARGO;0015;0033;;não;;
28533;RIO LARGO;0015;0034;;não;;
28533;RIO LARGO;0015;0035;;não;;
28533;RIO LARGO;0015;0036;;não;;
28533;RIO LARGO;0015;0037;;não;;
28533;RIO LARGO;0015;0038;;não;;
28533;RIO LARGO;0015;0039;;não;;
28533;RIO LARGO;0015;0040;;não;;
28533;RIO LARGO;0015;0041;;não;;
28533;RIO LARGO;0015;0042;0223;não;;
28533;RIO LARGO;0015;0043;0262;não;;
28533;RIO LARGO;0015;0044;;não;;
28533;RIO LARGO;0015;0045;;não;;
28533;RIO LARGO;0015;0046;;não;;
28533;RIO LARGO;0015;0047;;não;;
28533;RIO LARGO;0015;0048;;não;;
28533;RIO LARGO;0015;0049;;não;;
28533;RIO LARGO;0015;0050;;não;;
28533;RIO LARGO;0015;0051;;não;;
28533;RIO LARGO;0015;0052;;não;;
28533;RIO LARGO;0015;0053;;não;;
28533;RIO LARGO;0015;0054;;não;;
28533;RIO LARGO;0015;0055;;não;;
28533;RIO LARGO;0015;0056;;não;;
28533;RIO LARGO;0015;0057;;não;;
28533;RIO LARGO;0015;0058;;não;;
28533;RIO LARGO;0015;0059;;não;;
28533;RIO LARGO;0015;0060;0061;não;;
28533;RIO LARGO;0015;0062;0063;não;;
28533;RIO LARGO;0015;0064;;não;;
28533;RIO LARGO;0015;0065;;não;;
28533;RIO LARGO;0015;0066;;não;;
28533;RIO LARGO;0015;0067;;sim;04/10/2026;17:52:38
28533;RIO LARGO;0015;0068;;sim;04/10/2026;17:56:49
28533;RIO LARGO;0015;0069;;sim;04/10/2026;18:08:58
28533;RIO LARGO;0015;0070;;sim;04/10/2026;17:59:48
28533;RIO LARGO;0015;0071;;não;;
28533;RIO LARGO;0015;0072;;sim;04/10/2026;18:17:05
28533;RIO LARGO;0015;0073;;sim;04/10/2026;18:17:11
28533;RIO LARGO;0015;0074;;sim;04/10/2026;18:17:42
28533;RIO LARGO;0015;0075;;sim;04/10/2026;18:17:47
28533;RIO LARGO;0015;0076;;sim;04/10/2026;18:17:39
28533;RIO LARGO;0015;0077;;sim;04/10/2026;18:17:39
28533;RIO LARGO;0015;0078;;sim;04/10/2026;18:17:48
28533;RIO LARGO;0015;0101;;não;;
28533;RIO LARGO;0015;0102;;sim;04/10/2026;18:17:41
28533;RIO LARGO;0015;0104;0122;não;;
28533;RIO LARGO;0015;0105;;sim;04/10/2026;18:19:07
28533;RIO LARGO;0015;0110;;não;;
28533;RIO LARGO;0015;0111;;não;;
28533;RIO LARGO;0015;0112;;não;;
28533;RIO LARGO;0015;0113;;sim;04/10/2026;18:24:48
28533;RIO LARGO;0015;0114;;sim;04/10/2026;18:17:48
28533;RIO LARGO;0015;0123;;não;;
28533;RIO LARGO;0015;0124;;não;;
28533;RIO LARGO;0015;0125;;não;;
28533;RIO LARGO;0015;0126;;não;;
28533;RIO LARGO;0015;0127;;não;;
28533;RIO LARGO;0015;0129;0010;não;;
28533;RIO LARGO;0015;0130;;sim;04/10/2026;17:59:51
28533;RIO LARGO;0015;0131;;sim;04/10/2026;18:17:44
28533;RIO LARGO;0015;0132;;não;;
28533;RIO LARGO;0015;0133;;não;;
28533;RIO LARGO;0015;0139;;não;;
28533;RIO LARGO;0015;0140;;sim;04/10/2026;17:56:49
28533;RIO LARGO;0015;0141;;não;;
28533;RIO LARGO;0015;0142;;não;;
28533;RIO LARGO;0015;0143;;não;;
28533;RIO LARGO;0015;0144;;sim;04/10/2026;18:25:10
28533;RIO LARGO;0015;0145;;não;;
28533;RIO LARGO;0015;0147;;não;;
28533;RIO LARGO;0015;0148;;não;;
28533;RIO LARGO;0015;0150;;sim;04/10/2026;18:24:58
28533;RIO LARGO;0015;0151;;sim;04/10/2026;17:59:51
28533;RIO LARGO;0015;0154;;não;;
28533;RIO LARGO;0015;0158;;sim;04/10/2026;18:25:09
28533;RIO LARGO;0015;0163;;não;;
28533;RIO LARGO;0015;0165;;não;;
28533;RIO LARGO;0015;0166;;não;;
28533;RIO LARGO;0015;0167;;sim;04/10/2026;17:52:38
28533;RIO LARGO;0015;0168;;não;;
28533;RIO LARGO;0015;0169;;sim;04/10/2026;17:52:44
28533;RIO LARGO;0015;0171;;não;;
28533;RIO LARGO;0015;0172;;sim;04/10/2026;17:59:50
28533;RIO LARGO;0015;0173;;não;;
28533;RIO LARGO;0015;0174;;não;;
28533;RIO LARGO;0015;0175;;não;;
28533;RIO LARGO;0015;0176;;não;;
28533;RIO LARGO;0015;0177;;sim;04/10/2026;17:56:49
28533;RIO LARGO;0015;0178;;não;;
28533;RIO LARGO;0015;0179;;não;;
28533;RIO LARGO;0015;0180;;não;;
28533;RIO LARGO;0015;0181;;sim;04/10/2026;18:09:17
28533;RIO LARGO;0015;0183;;não;;
28533;RIO LARGO;0015;0184;;não;;
28533;RIO LARGO;0015;0185;;não;;
28533;RIO LARGO;0015;0187;;não;;
28533;RIO LARGO;0015;0188;;não;;
28533;RIO LARGO;0015;0189;;não;;
28533;RIO LARGO;0015;0190;;não;;
28533;RIO LARGO;0015;0191;;não;;
28533;RIO LARGO;0015;0192;;não;;
28533;RIO LARGO;0015;0194;;não;;
28533;RIO LARGO;0015;0195;;não;;
28533;RIO LARGO;0015;0196;;não;;
28533;RIO LARGO;0015;0198;;não;;
28533;RIO LARGO;0015;0199;;não;;
28533;RIO LARGO;0015;0200;;não;;
28533;RIO LARGO;0015;0202;;não;;
28533;RIO LARGO;0015;0203;;não;;
28533;RIO LARGO;0015;0204;;não;;
28533;RIO LARGO;0015;0205;;não;;
28533;RIO LARGO;0015;0206;;não;;
28533;RIO LARGO;0015;0208;;não;;
28533;RIO LARGO;0015;0210;;não;;
28533;RIO LARGO;0015;0214;;não;;
28533;RIO LARGO;0015;0215;;sim;04/10/2026;18:25:08
28533;RIO LARGO;0015;0216;0268;não;;
28533;RIO LARGO;0015;0217;;não;;
28533;RIO LARGO;0015;0218;;não;;
28533;RIO LARGO;0015;0219;;não;;
28533;RIO LARGO;0015;0221;;sim;04/10/2026;18:19:01
28533;RIO LARGO;0015;0222;;não;;
28533;RIO LARGO;0015;0224;;não;;
28533;RIO LARGO;0015;0225;;não;;
28533;RIO LARGO;0015;0226;;não;;
28533;RIO LARGO;0015;0227;;não;;
28533;RIO LARGO;0015;0228;;não;;
28533;RIO LARGO;0015;0229;0267;não;;
28533;RIO LARGO;0015;0231;;sim;04/10/2026;18:19:03
28533;RIO LARGO;0015;0233;;não;;
28533;RIO LARGO;0015;0234;;não;;
28533;RIO LARGO;0015;0235;;sim;04/10/2026;18:09:06
28533;RIO LARGO;0015;0236;;não;;
28533;RIO LARGO;0015;0237;;não;;
28533;RIO LARGO;0015;0238;;não;;
28533;RIO LARGO;0015;0239;;sim;04/10/2026;18:19:04
28533;RIO LARGO;0015;0240;;não;;
28533;RIO LARGO;0015;0241;;não;;
28533;RIO LARGO;0015;0242;;não;;
28533;RIO LARGO;0015;0243;;não;;
28533;RIO LARGO;0015;0244;;não;;
28533;RIO LARGO;0015;0246;;não;;
28533;RIO LARGO;0015;0247;;não;;
28533;RIO LARGO;0015;0248;;não;;
28533;RIO LARGO;0015;0249;;não;;
28533;RIO LARGO;0015;0250;;não;;
28533;RIO LARGO;0015;0252;;não;;
28533;RIO LARGO;0015;0253;;não;;
28533;RIO LARGO;0015;0254;;sim;04/10/2026;18:19:07
28533;RIO LARGO;0015;0255;;sim;04/10/2026;18:25:09
28533;RIO LARGO;0015;0256;;não;;
28533;RIO LARGO;0015;0257;;não;;
28533;RIO LARGO;0015;0258;;sim;04/10/2026;18:24:55
28533;RIO LARGO;0015;0259;;não;;
28533;RIO LARGO;0015;0260;;não;;
28533;RIO LARGO;0015;0261;;não;;
28533;RIO LARGO;0015;0263;;não;;
28533;RIO LARGO;0015;0264;;não;;
28533;RIO LARGO;0015;0265;;não;;
28533;RIO LARGO;0015;0266;;sim;04/10/2026;18:09:03
28533;RIO LARGO;0015;0269;;não;;
28533;RIO LARGO;0015;0270;;não;;
28533;RIO LARGO;0015;0271;;não;;
28533;RIO LARGO;0015;0273;;não;;
28533;RIO LARGO;0015;0274;;não;;
28533;RIO LARGO;0015;0275;;não;;
28533;RIO LARGO;0015;0276;;não;;
28533;RIO LARGO;0015;0277;;não;;
28533;RIO LARGO;0015;0278;;não;;
28533;RIO LARGO;0015;0279;;não;;
28533;RIO LARGO;0015;0280;;não;;
28533;RIO LARGO;0015;0281;;sim;04/10/2026;18:19:04
28533;RIO LARGO;0015;0282;;não;;
28533;RIO LARGO;0015;0284;;não;;
28533;RIO LARGO;0015;0285;;não;;
28533;RIO LARGO;0015;0286;;não;;
28533;RIO LARGO;0015;0287;;não;;
28533;RIO LARGO;0015;0288;0283;não;;
28533;RIO LARGO;0015;0289;;não;;
28592;SANTANA DO IPANEMA;0019;0088;;não;;
28592;SANTANA DO IPANEMA;0019;0089;;não;;
28592;SANTANA DO IPANEMA;0019;0090;;não;;
28592;SANTANA DO IPANEMA;0019;0091;;não;;
28592;SANTANA DO IPANEMA;0019;0092;;não;;
28592;SANTANA DO IPANEMA;0019;0093;;não;;
28592;SANTANA DO IPANEMA;0019;0094;;não;;
28592;SANTANA DO IPANEMA;0019;0095;;sim;04/10/2026;18:27:48
28592;SANTANA DO IPANEMA;0019;0096;;sim;04/10/2026;18:26:07
28592;SANTANA DO IPANEMA;0019;0097;;não;;
28592;SANTANA DO IPANEMA;0019;0098;;não;;
28592;SANTANA DO IPANEMA;0019;0099;;não;;
28592;SANTANA DO IPANEMA;0019;0100;;não;;
28592;SANTANA DO IPANEMA;0019;0101;;não;;
28592;SANTANA DO IPANEMA;0019;0102;;não;;
28592;SANTANA DO IPANEMA;0019;0103;;não;;
28592;SANTANA DO IPANEMA;0019;0104;;não;;
28592;SANTANA DO IPANEMA;0019;0105;;não;;
28592;SANTANA DO IPANEMA;0019;0106;0304;não;;
28592;SANTANA DO IPANEMA;0019;0107;;não;;
28592;SANTANA DO IPANEMA;0019;0108;;não;;
28592;SANTANA DO IPANEMA;0019;0109;;não;;
28592;SANTANA DO IPANEMA;0019;0110;;sim;04/10/2026;18:28:52
28592;SANTANA DO IPANEMA;0019;0111;;não;;
28592;SANTANA DO IPANEMA;0019;0112;;não;;
28592;SANTANA DO IPANEMA;0019;0113;;não;;
28592;SANTANA DO IPANEMA;0019;0114;;sim;04/10/2026;18:27:58
28592;SANTANA DO IPANEMA;0019;0115;;não;;
28592;SANTANA DO IPANEMA;0019;0116;;não;;
28592;SANTANA DO IPANEMA;0019;0117;;não;;
28592;SANTANA DO IPANEMA;0019;0118;;não;;
28592;SANTANA DO IPANEMA;0019;0119;;sim;04/10/2026;18:28:48
28592;SANTANA DO IPANEMA;0019;0120;;sim;04/10/2026;18:26:01
28592;SANTANA DO IPANEMA;0019;0121;;sim;04/10/2026;18:28:50
28592;SANTANA DO IPANEMA;0019;0122;;sim;04/10/2026;18:27:58
28592;SANTANA DO IPANEMA;0019;0123;;não;;
28592;SANTANA DO IPANEMA;0019;0124;;não;;
28592;SANTANA DO IPANEMA;0019;0125;;não;;
28592;SANTANA DO IPANEMA;0019;0126;;não;;
28592;SANTANA DO IPANEMA;0019;0127;;sim;04/10/2026;18:27:56
28592;SANTANA DO IPANEMA;0019;0128;;sim;04/10/2026;18:25:52
28592;SANTANA DO IPANEMA;0019;0129;;não;;
28592;SANTANA DO IPANEMA;0019;0130;;não;;
28592;SANTANA DO IPANEMA;0019;0131;;não;;
28592;SANTANA DO IPANEMA;0019;0132;;não;;
28592;SANTANA DO IPANEMA;0019;0133;;não;;
28592;SANTANA DO IPANEMA;0019;0134;;não;;
28592;SANTANA DO IPANEMA;0019;0135;0305;não;;
28592;SANTANA DO IPANEMA;0019;0136;;não;;
28592;SANTANA DO IPANEMA;0019;0137;;não;;
28592;SANTANA DO IPANEMA;0019;0149;;não;;
28592;SANTANA DO IPANEMA;0019;0150;;não;;
28592;SANTANA DO IPANEMA;0019;0151;;não;;
28592;SANTANA DO IPANEMA;0019;0153;;não;;
28592;SANTANA DO IPANEMA;0019;0154;;não;;
28592;SANTANA DO IPANEMA;0019;0167;;não;;
28592;SANTANA DO IPANEMA;0019;0168;;não;;
28592;SANTANA DO IPANEMA;0019;0169;;não;;
28592;SANTANA DO IPANEMA;0019;0179;;não;;
28592;SANTANA DO IPANEMA;0019;0180;;não;;
28592;SANTANA DO IPANEMA;0019;0181;;não;;
28592;SANTANA DO IPANEMA;0019;0182;;não;;
28592;SANTANA DO IPANEMA;0019;0186;;não;;
28592;SANTANA DO IPANEMA;0019;0187;;não;;
28592;SANTANA DO IPANEMA;0019;0189;;não;;
28592;SANTANA DO IPANEMA;0019;0199;;não;;
28592;SANTANA DO IPANEMA;0019;0202;;não;;
28592;SANTANA DO IPANEMA;0019;0205;;não;;
28592;SANTANA DO IPANEMA;0019;0207;;não;;
28592;SANTANA DO IPANEMA;0019;0210;;não;;
28592;SANTANA DO IPANEMA;0019;0212;;sim;04/10/2026;18:27:10
28592;SANTANA DO IPANEMA;0019;0213;;sim;04/10/2026;18:26:06
28592;SANTANA DO IPANEMA;0019;0214;;não;;
28592;SANTANA DO IPANEMA;0019;0215;;não;;
28592;SANTANA DO IPANEMA;0019;0216;;não;;
28592;SANTANA DO IPANEMA;0019;0217;;não;;
28592;SANTANA DO IPANEMA;0019;0218;;não;;
28592;SANTANA DO IPANEMA;0019;0220;;não;;
28592;SANTANA DO IPANEMA;0019;0221;;não;;
28592;SANTANA DO IPANEMA;0019;0222;;não;;
28592;SANTANA DO IPANEMA;0019;0224;;não;;
28592;SANTANA DO IPANEMA;0019;0225;;sim;04/10/2026;18:27:49
28592;SANTANA DO IPANEMA;0019;0226;;sim;04/10/2026;18:25:55
28592;SANTANA DO IPANEMA;0019;0227;;não;;
28592;SANTANA DO IPANEMA;0019;0228;;não;;
28592;SANTANA DO IPANEMA;0019;0229;;não;;
28592;SANTANA DO IPANEMA;0019;0230;;não;;
28592;SANTANA DO IPANEMA;0019;0231;;não;;
28592;SANTANA DO IPANEMA;0019;0232;;não;;
28592;SANTANA DO IPANEMA;0019;0233;;não;;
28592;SANTANA DO IPANEMA;0019;0234;;não;;
28592;SANTANA DO IPANEMA;0019;0235;;não;;
28592;SANTANA DO IPANEMA;0019;0236;;não;;
28592;SANTANA DO IPANEMA;0019;0237;;não;;
28592;SANTANA DO IPANEMA;0019;0242;;sim;04/10/2026;18:26:07
28592;SANTANA DO IPANEMA;0019;0269;;não;;
28592;SANTANA DO IPANEMA;0019;0271;;não;;
28592;SANTANA DO IPANEMA;0019;0272;;não;;
28592;SANTANA DO IPANEMA;0019;0276;0301;não;;
28592;SANTANA DO IPANEMA;0019;0280;;não;;
28592;SANTANA DO IPANEMA;0019;0281;;não;;
28592;SANTANA DO IPANEMA;0019;0282;;não;;
28592;SANTANA DO IPANEMA;0019;0283;;não;;
28592;SANTANA DO IPANEMA;0019;0284;;não;;
28592;SANTANA DO IPANEMA;0019;0285;;não;;
28592;SANTANA DO IPANEMA;0019;0286;;não;;
28592;SANTANA DO IPANEMA;0019;0287;;sim;04/10/2026;18:11:06
28592;SANTANA DO IPANEMA;0019;0290;;não;;
28592;SANTANA DO IPANEMA;0019;0291;;não;;
28592;SANTANA DO IPANEMA;0019;0292;;não;;
28592;SANTANA DO IPANEMA;0019;0294;;não;;
28592;SANTANA DO IPANEMA;0019;0295;;não;;
28592;SANTANA DO IPANEMA;0019;0296;;não;;
28592;SANTANA DO IPANEMA;0019;0298;0306;não;;
28592;SANTANA DO IPANEMA;0019;0303;;não;;
27006;PARIPUEIRA;0017;0011;;não;;
27006;PARIPUEIRA;0017;0012;;não;;
27006;PARIPUEIRA;0017;0013;;não;;
27006;PARIPUEIRA;0017;0014;;não;;
27006;PARIPUEIRA;0017;0015;;não;;
27006;PARIPUEIRA;0017;0016;;não;;
27006;PARIPUEIRA;0017;0017;;não;;
27006;PARIPUEIRA;0017;0018;;não;;
27006;PARIPUEIRA;0017;0072;;não;;
27006;PARIPUEIRA;0017;0073;;não;;
27006;PARIPUEIRA;0017;0074;;não;;
27006;PARIPUEIRA;0017;0078;;não;;
27006;PARIPUEIRA;0017;0092;;não;;
27006;PARIPUEIRA;0017;0093;;não;;
27006;PARIPUEIRA;0017;0094;;não;;
27006;PARIPUEIRA;0017;0095;;não;;
27006;PARIPUEIRA;0017;0119;;não;;
27006;PARIPUEIRA;0017;0120;;não;;
27006;PARIPUEIRA;0017;0132;;não;;
27006;PARIPUEIRA;0017;0145;;não;;
27006;PARIPUEIRA;0017;0157;;não;;
27006;PARIPUEIRA;0017;0160;;não;;
27006;PARIPUEIRA;0017;0163;;não;;
27006;PARIPUEIRA;0017;0165;;não;;
27006;PARIPUEIRA;0017;0166;;não;;
27006;PARIPUEIRA;0017;0170;;não;;
27006;PARIPUEIRA;0017;0171;;não;;
27006;PARIPUEIRA;0017;0174;;não;;
27006;PARIPUEIRA;0017;0178;;não;;
27006;PARIPUEIRA;0017;0181;;não;;
27006;PARIPUEIRA;0017;0182;0191;não;;
27006;PARIPUEIRA;0017;0183;;não;;
27006;PARIPUEIRA;0017;0187;;não;;
27111;BARRA DE SÃO MIGUEL;0026;0100;;sim;04/10/2026;17:40:44
27111;BARRA DE SÃO MIGUEL;0026;0101;;sim;04/10/2026;17:40:45
27111;BARRA DE SÃO MIGUEL;0026;0102;;sim;04/10/2026;17:40:46
27111;BARRA DE SÃO MIGUEL;0026;0103;;sim;04/10/2026;17:40:46
27111;BARRA DE SÃO MIGUEL;0026;0104;;sim;04/10/2026;17:40:47
27111;BARRA DE SÃO MIGUEL;0026;0105;;não;;
27111;BARRA DE SÃO MIGUEL;0026;0106;;não;;
27111;BARRA DE SÃO MIGUEL;0026;0107;;não;;
27111;BARRA DE SÃO MIGUEL;0026;0108;;não;;
27111;BARRA DE SÃO MIGUEL;0026;0109;;não;;
27111;BARRA DE SÃO MIGUEL;0026;0110;;não;;
27111;BARRA DE SÃO MIGUEL;0026;0111;;não;;
27111;BARRA DE SÃO MIGUEL;0026;0112;;não;;
27111;BARRA DE SÃO MIGUEL;0026;0113;;não;;
27111;BARRA DE SÃO MIGUEL;0026;0115;;não;;
27111;BARRA DE SÃO MIGUEL;0026;0116;;não;;
27111;BARRA DE SÃO MIGUEL;0026;0119;;não;;
27111;BARRA DE SÃO MIGUEL;0026;0123;;não;;
27111;BARRA DE SÃO MIGUEL;0026;0130;;não;;
27111;BARRA DE SÃO MIGUEL;0026;0133;;não;;
27111;BARRA DE SÃO MIGUEL;0026;0141;;não;;
27111;BARRA DE SÃO MIGUEL;0026;0144;;não;;
27111;BARRA DE SÃO MIGUEL;0026;0149;;não;;
27111;BARRA DE SÃO MIGUEL;0026;0150;;não;;
27111;BARRA DE SÃO MIGUEL;0026;0163;;não;;
27111;BARRA DE SÃO MIGUEL;0026;0167;;não;;
27111;BARRA DE SÃO MIGUEL;0026;0173;;não;;
27430;COQUEIRO SECO;0008;0126;;não;;
27430;COQUEIRO SECO;0008;0127;;não;;
27430;COQUEIRO SECO;0008;0128;;não;;
27430;COQUEIRO SECO;0008;0129;;não;;
27430;COQUEIRO SECO;0008;0130;;não;;
27430;COQUEIRO SECO;0008;0131;;não;;
27430;COQUEIRO SECO;0008;0132;;não;;
27430;COQUEIRO SECO;0008;0133;;não;;
27430;COQUEIRO SECO;0008;0134;;não;;
27430;COQUEIRO SECO;0008;0135;0170;não;;
27430;COQUEIRO SECO;0008;0136;;não;;
27430;COQUEIRO SECO;0008;0137;;não;;
27430;COQUEIRO SECO;0008;0138;;não;;
27430;COQUEIRO SECO;0008;0139;;não;;
27430;COQUEIRO SECO;0008;0140;;não;;
27430;COQUEIRO SECO;0008;0166;;não;;
27430;COQUEIRO SECO;0008;0168;;não;;
27510;FEIRA GRANDE;0049;0073;;não;;
27510;FEIRA GRANDE;0049;0074;;não;;
27510;FEIRA GRANDE;0049;0075;;não;;
27510;FEIRA GRANDE;0049;0076;;não;;
27510;FEIRA GRANDE;0049;0077;;não;;
27510;FEIRA GRANDE;0049;0078;;não;;
27510;FEIRA GRANDE;0049;0079;;não;;
27510;FEIRA GRANDE;0049;0080;;não;;
27510;FEIRA GRANDE;0049;0081;;não;;
27510;FEIRA GRANDE;0049;0082;;não;;
27510;FEIRA GRANDE;0049;0083;;não;;
27510;FEIRA GRANDE;0049;0084;;não;;
27510;FEIRA GRANDE;0049;0085;;não;;
27510;FEIRA GRANDE;0049;0087;;não;;
27510;FEIRA GRANDE;0049;0088;;sim;04/10/2026;18:24:57
27510;FEIRA GRANDE;0049;0089;;sim;04/10/2026;17:51:59
27510;FEIRA GRANDE;0049;0090;;não;;
27510;FEIRA GRANDE;0049;0091;;sim;04/10/2026;17:51:58
27510;FEIRA GRANDE;0049;0092;;não;;
27510;FEIRA GRANDE;0049;0093;;sim;04/10/2026;18:24:55
27510;FEIRA GRANDE;0049;0094;;sim;04/10/2026;18:25:01
27510;FEIRA GRANDE;0049;0095;;sim;04/10/2026;18:24:58
27510;FEIRA GRANDE;0049;0096;;não;;
27510;FEIRA GRANDE;0049;0097;;sim;04/10/2026;18:25:11
27510;FEIRA GRANDE;0049;0098;;sim;04/10/2026;18:27:02
27510;FEIRA GRANDE;0049;0099;;não;;
27510;FEIRA GRANDE;0049;0100;;não;;
27510;FEIRA GRANDE;0049;0101;;sim;04/10/2026;18:27:04
27510;FEIRA GRANDE;0049;0102;;não;;
27510;FEIRA GRANDE;0049;0103;;não;;
27510;FEIRA GRANDE;0049;0104;;não;;
27510;FEIRA GRANDE;0049;0105;;sim;04/10/2026;17:53:50
27510;FEIRA GRANDE;0049;0106;;não;;
27510;FEIRA GRANDE;0049;0107;0138;não;;
27510;FEIRA GRANDE;0049;0108;;não;;
27510;FEIRA GRANDE;0049;0109;;não;;
27510;FEIRA GRANDE;0049;0111;;não;;
27510;FEIRA GRANDE;0049;0112;;não;;
27510;FEIRA GRANDE;0049;0113;;não;;
27510;FEIRA GRANDE;0049;0114;;não;;
27510;FEIRA GRANDE;0049;0116;;não;;
27510;FEIRA GRANDE;0049;0117;;não;;
27510;FEIRA GRANDE;0049;0119;;não;;
27510;FEIRA GRANDE;0049;0122;;não;;
27510;FEIRA GRANDE;0049;0123;;não;;
27510;FEIRA GRANDE;0049;0128;;não;;
27510;FEIRA GRANDE;0049;0129;;não;;
27510;FEIRA GRANDE;0049;0130;;não;;
27510;FEIRA GRANDE;0049;0131;;não;;
27510;FEIRA GRANDE;0049;0133;;não;;
27510;FEIRA GRANDE;0049;0134;;não;;
27510;FEIRA GRANDE;0049;0136;;não;;
27510;FEIRA GRANDE;0049;0137;;não;;
27570;GIRAU DO PONCIANO;0044;0001;;não;;
27570;GIRAU DO PONCIANO;0044;0002;;não;;
27570;GIRAU DO PONCIANO;0044;0003;;não;;
27570;GIRAU DO PONCIANO;0044;0004;;não;;
27570;GIRAU DO PONCIANO;0044;0005;;não;;
27570;GIRAU DO PONCIANO;0044;0006;;não;;
27570;GIRAU DO PONCIANO;0044;0007;;não;;
27570;GIRAU DO PONCIANO;0044;0008;;não;;
27570;GIRAU DO PONCIANO;0044;0009;;não;;
27570;GIRAU DO PONCIANO;0044;0010;;não;;
27570;GIRAU DO PONCIANO;0044;0011;;não;;
27570;GIRAU DO PONCIANO;0044;0012;;não;;
27570;GIRAU DO PONCIANO;0044;0013;;não;;
27570;GIRAU DO PONCIANO;0044;0014;;não;;
27570;GIRAU DO PONCIANO;0044;0015;;não;;
27570;GIRAU DO PONCIANO;0044;0016;;não;;
27570;GIRAU DO PONCIANO;0044;0017;;não;;
27570;GIRAU DO PONCIANO;0044;0018;;não;;
27570;GIRAU DO PONCIANO;0044;0019;;não;;
27570;GIRAU DO PONCIANO;0044;0020;;não;;
27570;GIRAU DO PONCIANO;0044;0021;;não;;
27570;GIRAU DO PONCIANO;0044;0022;;não;;
27570;GIRAU DO PONCIANO;0044;0023;;não;;
27570;GIRAU DO PONCIANO;0044;0024;;não;;
27570;GIRAU DO PONCIANO;0044;0025;;não;;
27570;GIRAU DO PONCIANO;0044;0026;;não;;
27570;GIRAU DO PONCIANO;0044;0027;;não;;
27570;GIRAU DO PONCIANO;0044;0028;;não;;
27570;GIRAU DO PONCIANO;0044;0029;;não;;
27570;GIRAU DO PONCIANO;0044;0030;;não;;
27570;GIRAU DO PONCIANO;0044;0031;;não;;
27570;GIRAU DO PONCIANO;0044;0032;;não;;
27570;GIRAU DO PONCIANO;0044;0033;;não;;
27570;GIRAU DO PONCIANO;0044;0034;;não;;
27570;GIRAU DO PONCIANO;0044;0035;;não;;
27570;GIRAU DO PONCIANO;0044;0036;;não;;
27570;GIRAU DO PONCIANO;0044;0037;;não;;
27570;GIRAU DO PONCIANO;0044;0038;;não;;
27570;GIRAU DO PONCIANO;0044;0039;;não;;
27570;GIRAU DO PONCIANO;0044;0040;;não;;
27570;GIRAU DO PONCIANO;0044;0060;;não;;
27570;GIRAU DO PONCIANO;0044;0061;;não;;
27570;GIRAU DO PONCIANO;0044;0063;;não;;
27570;GIRAU DO PONCIANO;0044;0064;;não;;
27570;GIRAU DO PONCIANO;0044;0065;;não;;
27570;GIRAU DO PONCIANO;0044;0071;;não;;
27570;GIRAU DO PONCIANO;0044;0072;;não;;
27570;GIRAU DO PONCIANO;0044;0073;;não;;
27570;GIRAU DO PONCIANO;0044;0077;;não;;
27570;GIRAU DO PONCIANO;0044;0080;;não;;
27570;GIRAU DO PONCIANO;0044;0082;;não;;
27570;GIRAU DO PONCIANO;0044;0083;;não;;
27570;GIRAU DO PONCIANO;0044;0085;;não;;
27570;GIRAU DO PONCIANO;0044;0086;;não;;
27570;GIRAU DO PONCIANO;0044;0087;;não;;
27570;GIRAU DO PONCIANO;0044;0093;;sim;04/10/2026;17:44:49
27570;GIRAU DO PONCIANO;0044;0094;;não;;
27570;GIRAU DO PONCIANO;0044;0096;;sim;04/10/2026;17:45:35
27570;GIRAU DO PONCIANO;0044;0098;;não;;
27570;GIRAU DO PONCIANO;0044;0100;;não;;
27570;GIRAU DO PONCIANO;0044;0101;;não;;
27570;GIRAU DO PONCIANO;0044;0102;;não;;
27570;GIRAU DO PONCIANO;0044;0103;;não;;
27570;GIRAU DO PONCIANO;0044;0104;;não;;
27570;GIRAU DO PONCIANO;0044;0105;;não;;
27570;GIRAU DO PONCIANO;0044;0106;;não;;
27570;GIRAU DO PONCIANO;0044;0108;;não;;
27570;GIRAU DO PONCIANO;0044;0110;;não;;
27570;GIRAU DO PONCIANO;0044;0175;;não;;
27570;GIRAU DO PONCIANO;0044;0176;;não;;
27570;GIRAU DO PONCIANO;0044;0178;;sim;04/10/2026;17:44:51
27570;GIRAU DO PONCIANO;0044;0179;;não;;
27570;GIRAU DO PONCIANO;0044;0182;;não;;
27570;GIRAU DO PONCIANO;0044;0184;;não;;
27570;GIRAU DO PONCIANO;0044;0187;;não;;
27570;GIRAU DO PONCIANO;0044;0188;;não;;
27812;LAGOA DA CANOA;0044;0131;;não;;
27812;LAGOA DA CANOA;0044;0132;;não;;
27812;LAGOA DA CANOA;0044;0133;;não;;
27812;LAGOA DA CANOA;0044;0134;;não;;
27812;LAGOA DA CANOA;0044;0135;;não;;
27812;LAGOA DA CANOA;0044;0136;;não;;
27812;LAGOA DA CANOA;0044;0137;;não;;
27812;LAGOA DA CANOA;0044;0138;;não;;
27812;LAGOA DA CANOA;0044;0139;;não;;
27812;LAGOA DA CANOA;0044;0140;;não;;
27812;LAGOA DA CANOA;0044;0142;;não;;
27812;LAGOA DA CANOA;0044;0143;;não;;
27812;LAGOA DA CANOA;0044;0144;;não;;
27812;LAGOA DA CANOA;0044;0145;;não;;
27812;LAGOA DA CANOA;0044;0146;;não;;
27812;LAGOA DA CANOA;0044;0147;;não;;
27812;LAGOA DA CANOA;0044;0148;;não;;
27812;LAGOA DA CANOA;0044;0149;;não;;
27812;LAGOA DA CANOA;0044;0150;;não;;
27812;LAGOA DA CANOA;0044;0151;;não;;
27812;LAGOA DA CANOA;0044;0152;;não;;
27812;LAGOA DA CANOA;0044;0153;;não;;
27812;LAGOA DA CANOA;0044;0154;;não;;
27812;LAGOA DA CANOA;0044;0157;;não;;
27812;LAGOA DA CANOA;0044;0158;;não;;
27812;LAGOA DA CANOA;0044;0159;;não;;
27812;LAGOA DA CANOA;0044;0161;;não;;
27812;LAGOA DA CANOA;0044;0162;;não;;
27812;LAGOA DA CANOA;0044;0163;;não;;
27812;LAGOA DA CANOA;0044;0164;;não;;
27812;LAGOA DA CANOA;0044;0165;;não;;
27812;LAGOA DA CANOA;0044;0166;;não;;
27812;LAGOA DA CANOA;0044;0167;;não;;
27812;LAGOA DA CANOA;0044;0168;;não;;
27812;LAGOA DA CANOA;0044;0169;;não;;
27812;LAGOA DA CANOA;0044;0170;;não;;
27812;LAGOA DA CANOA;0044;0171;;não;;
27812;LAGOA DA CANOA;0044;0172;;não;;
27812;LAGOA DA CANOA;0044;0173;;não;;
27812;LAGOA DA CANOA;0044;0174;;não;;
27812;LAGOA DA CANOA;0044;0177;;não;;
27812;LAGOA DA CANOA;0044;0180;;não;;
27812;LAGOA DA CANOA;0044;0181;;não;;
27812;LAGOA DA CANOA;0044;0183;;não;;
27812;LAGOA DA CANOA;0044;0185;;não;;
27812;LAGOA DA CANOA;0044;0186;;não;;
27839;LIMOEIRO DE ANADIA;0047;0077;;sim;04/10/2026;18:11:55
27839;LIMOEIRO DE ANADIA;0047;0078;;sim;04/10/2026;18:12:56
27839;LIMOEIRO DE ANADIA;0047;0079;;não;;
27839;LIMOEIRO DE ANADIA;0047;0080;;não;;
27839;LIMOEIRO DE ANADIA;0047;0081;;sim;04/10/2026;18:18:01
27839;LIMOEIRO DE ANADIA;0047;0082;;sim;04/10/2026;18:18:15
27839;LIMOEIRO DE ANADIA;0047;0083;;sim;04/10/2026;18:18:08
27839;LIMOEIRO DE ANADIA;0047;0084;;sim;04/10/2026;18:11:55
27839;LIMOEIRO DE ANADIA;0047;0085;;sim;04/10/2026;18:11:57
27839;LIMOEIRO DE ANADIA;0047;0086;;não;;
27839;LIMOEIRO DE ANADIA;0047;0087;;sim;04/10/2026;18:18:17
27839;LIMOEIRO DE ANADIA;0047;0088;;sim;04/10/2026;18:15:44
27839;LIMOEIRO DE ANADIA;0047;0089;;sim;04/10/2026;18:11:59
27839;LIMOEIRO DE ANADIA;0047;0091;;sim;04/10/2026;17:59:44
27839;LIMOEIRO DE ANADIA;0047;0092;;sim;04/10/2026;17:59:45
27839;LIMOEIRO DE ANADIA;0047;0093;;sim;04/10/2026;17:59:46
27839;LIMOEIRO DE ANADIA;0047;0094;;sim;04/10/2026;17:59:53
27839;LIMOEIRO DE ANADIA;0047;0095;;sim;04/10/2026;17:59:50
27839;LIMOEIRO DE ANADIA;0047;0096;;sim;04/10/2026;17:59:49
27839;LIMOEIRO DE ANADIA;0047;0097;;sim;04/10/2026;17:59:50
27839;LIMOEIRO DE ANADIA;0047;0098;;sim;04/10/2026;17:59:54
27839;LIMOEIRO DE ANADIA;0047;0099;;sim;04/10/2026;18:16:42
27839;LIMOEIRO DE ANADIA;0047;0100;;sim;04/10/2026;18:31:07
27839;LIMOEIRO DE ANADIA;0047;0101;;sim;04/10/2026;18:09:19
27839;LIMOEIRO DE ANADIA;0047;0102;;sim;04/10/2026;18:31:51
27839;LIMOEIRO DE ANADIA;0047;0103;;sim;04/10/2026;18:31:52
27839;LIMOEIRO DE ANADIA;0047;0104;;sim;04/10/2026;18:00:37
27839;LIMOEIRO DE ANADIA;0047;0105;;sim;04/10/2026;18:09:03
27839;LIMOEIRO DE ANADIA;0047;0106;0107;sim;04/10/2026;18:00:39
27839;LIMOEIRO DE ANADIA;0047;0108;;não;;
27839;LIMOEIRO DE ANADIA;0047;0109;;não;;
27839;LIMOEIRO DE ANADIA;0047;0110;;não;;
27839;LIMOEIRO DE ANADIA;0047;0111;;não;;
27839;LIMOEIRO DE ANADIA;0047;0112;;não;;
27839;LIMOEIRO DE ANADIA;0047;0113;;sim;04/10/2026;18:00:41
27839;LIMOEIRO DE ANADIA;0047;0114;;sim;04/10/2026;18:00:42
27839;LIMOEIRO DE ANADIA;0047;0115;;sim;04/10/2026;18:00:42
27839;LIMOEIRO DE ANADIA;0047;0116;;sim;04/10/2026;18:00:42
27839;LIMOEIRO DE ANADIA;0047;0117;;sim;04/10/2026;18:00:44
27839;LIMOEIRO DE ANADIA;0047;0118;;sim;04/10/2026;18:00:44
27839;LIMOEIRO DE ANADIA;0047;0119;;sim;04/10/2026;18:00:50
27839;LIMOEIRO DE ANADIA;0047;0123;;não;;
27839;LIMOEIRO DE ANADIA;0047;0124;;não;;
27839;LIMOEIRO DE ANADIA;0047;0125;;não;;
27839;LIMOEIRO DE ANADIA;0047;0126;;não;;
27839;LIMOEIRO DE ANADIA;0047;0127;;não;;
27839;LIMOEIRO DE ANADIA;0047;0128;;não;;
27839;LIMOEIRO DE ANADIA;0047;0129;;não;;
27839;LIMOEIRO DE ANADIA;0047;0130;;não;;
27839;LIMOEIRO DE ANADIA;0047;0131;;não;;
27839;LIMOEIRO DE ANADIA;0047;0132;;não;;
27839;LIMOEIRO DE ANADIA;0047;0133;;não;;
27839;LIMOEIRO DE ANADIA;0047;0134;;não;;
27839;LIMOEIRO DE ANADIA;0047;0135;;sim;04/10/2026;18:00:51
27839;LIMOEIRO DE ANADIA;0047;0136;;sim;04/10/2026;18:00:46
27839;LIMOEIRO DE ANADIA;0047;0137;;não;;
27839;LIMOEIRO DE ANADIA;0047;0139;;não;;
27839;LIMOEIRO DE ANADIA;0047;0142;;não;;
27839;LIMOEIRO DE ANADIA;0047;0145;;não;;
27839;LIMOEIRO DE ANADIA;0047;0146;;não;;
27839;LIMOEIRO DE ANADIA;0047;0147;;não;;
27839;LIMOEIRO DE ANADIA;0047;0148;;não;;
27839;LIMOEIRO DE ANADIA;0047;0149;;não;;
27839;LIMOEIRO DE ANADIA;0047;0150;;não;;
27936;MARECHAL DEODORO;0026;0001;;sim;04/10/2026;18:24:49
27936;MARECHAL DEODORO;0026;0002;;sim;04/10/2026;18:24:48
27936;MARECHAL DEODORO;0026;0003;;sim;04/10/2026;18:24:57
27936;MARECHAL DEODORO;0026;0004;;sim;04/10/2026;18:24:48
27936;MARECHAL DEODORO;0026;0005;;sim;04/10/2026;18:24:59
27936;MARECHAL DEODORO;0026;0006;;sim;04/10/2026;18:24:49
27936;MARECHAL DEODORO;0026;0007;;sim;04/10/2026;18:24:52
27936;MARECHAL DEODORO;0026;0008;;sim;04/10/2026;18:23:06
27936;MARECHAL DEODORO;0026;0009;;não;;
27936;MARECHAL DEODORO;0026;0010;;não;;
27936;MARECHAL DEODORO;0026;0011;;não;;
27936;MARECHAL DEODORO;0026;0012;;não;;
27936;MARECHAL DEODORO;0026;0013;;não;;
27936;MARECHAL DEODORO;0026;0014;;não;;
27936;MARECHAL DEODORO;0026;0015;;não;;
27936;MARECHAL DEODORO;0026;0016;;não;;
27936;MARECHAL DEODORO;0026;0017;;não;;
27936;MARECHAL DEODORO;0026;0018;;não;;
27936;MARECHAL DEODORO;0026;0019;;não;;
27936;MARECHAL DEODORO;0026;0020;;não;;
27936;MARECHAL DEODORO;0026;0021;;não;;
27936;MARECHAL DEODORO;0026;0022;;não;;
27936;MARECHAL DEODORO;0026;0023;;não;;
27936;MARECHAL DEODORO;0026;0024;;não;;
27936;MARECHAL DEODORO;0026;0025;;não;;
27936;MARECHAL DEODORO;0026;0026;;não;;
27936;MARECHAL DEODORO;0026;0027;;não;;
27936;MARECHAL DEODORO;0026;0028;;não;;
27936;MARECHAL DEODORO;0026;0029;;não;;
27936;MARECHAL DEODORO;0026;0030;;não;;
27936;MARECHAL DEODORO;0026;0031;;não;;
27936;MARECHAL DEODORO;0026;0032;;não;;
27936;MARECHAL DEODORO;0026;0033;;não;;
27936;MARECHAL DEODORO;0026;0034;;não;;
27936;MARECHAL DEODORO;0026;0035;;não;;
27936;MARECHAL DEODORO;0026;0036;;não;;
27936;MARECHAL DEODORO;0026;0037;;não;;
27936;MARECHAL DEODORO;0026;0038;;não;;
27936;MARECHAL DEODORO;0026;0039;;não;;
27936;MARECHAL DEODORO;0026;0040;;não;;
27936;MARECHAL DEODORO;0026;0041;;não;;
27936;MARECHAL DEODORO;0026;0042;;não;;
27936;MARECHAL DEODORO;0026;0043;;não;;
27936;MARECHAL DEODORO;0026;0044;;não;;
27936;MARECHAL DEODORO;0026;0045;;não;;
27936;MARECHAL DEODORO;0026;0046;;não;;
27936;MARECHAL DEODORO;0026;0047;;não;;
27936;MARECHAL DEODORO;0026;0048;;não;;
27936;MARECHAL DEODORO;0026;0049;;não;;
27936;MARECHAL DEODORO;0026;0050;;não;;
27936;MARECHAL DEODORO;0026;0051;;não;;
27936;MARECHAL DEODORO;0026;0052;;não;;
27936;MARECHAL DEODORO;0026;0054;;não;;
27936;MARECHAL DEODORO;0026;0055;;não;;
27936;MARECHAL DEODORO;0026;0056;;não;;
27936;MARECHAL DEODORO;0026;0057;;não;;
27936;MARECHAL DEODORO;0026;0058;;não;;
27936;MARECHAL DEODORO;0026;0059;;não;;
27936;MARECHAL DEODORO;0026;0061;;não;;
27936;MARECHAL DEODORO;0026;0062;;não;;
27936;MARECHAL DEODORO;0026;0063;;não;;
27936;MARECHAL DEODORO;0026;0064;;não;;
27936;MARECHAL DEODORO;0026;0065;;não;;
27936;MARECHAL DEODORO;0026;0066;;não;;
27936;MARECHAL DEODORO;0026;0067;;não;;
27936;MARECHAL DEODORO;0026;0068;;não;;
27936;MARECHAL DEODORO;0026;0069;;não;;
27936;MARECHAL DEODORO;0026;0070;;não;;
27936;MARECHAL DEODORO;0026;0071;;não;;
27936;MARECHAL DEODORO;0026;0072;;não;;
27936;MARECHAL DEODORO;0026;0073;;não;;
27936;MARECHAL DEODORO;0026;0074;;não;;
27936;MARECHAL DEODORO;0026;0075;;não;;
27936;MARECHAL DEODORO;0026;0076;;não;;
27936;MARECHAL DEODORO;0026;0077;;não;;
27936;MARECHAL DEODORO;0026;0078;;não;;
27936;MARECHAL DEODORO;0026;0079;;não;;
27936;MARECHAL DEODORO;0026;0080;;sim;04/10/2026;18:23:07
27936;MARECHAL DEODORO;0026;0081;;não;;
27936;MARECHAL DEODORO;0026;0082;;não;;
27936;MARECHAL DEODORO;0026;0083;;não;;
27936;MARECHAL DEODORO;0026;0084;;não;;
27936;MARECHAL DEODORO;0026;0085;;sim;04/10/2026;18:23:10
27936;MARECHAL DEODORO;0026;0086;;não;;
27936;MARECHAL DEODORO;0026;0087;;não;;
27936;MARECHAL DEODORO;0026;0088;;não;;
27936;MARECHAL DEODORO;0026;0089;;não;;
27936;MARECHAL DEODORO;0026;0090;;sim;04/10/2026;18:23:08
27936;MARECHAL DEODORO;0026;0091;;não;;
27936;MARECHAL DEODORO;0026;0092;;não;;
27936;MARECHAL DEODORO;0026;0093;;não;;
27936;MARECHAL DEODORO;0026;0094;;não;;
27936;MARECHAL DEODORO;0026;0095;;não;;
27936;MARECHAL DEODORO;0026;0096;;sim;04/10/2026;18:21:44
27936;MARECHAL DEODORO;0026;0097;;sim;04/10/2026;18:21:45
27936;MARECHAL DEODORO;0026;0099;;não;;
27936;MARECHAL DEODORO;0026;0117;;não;;
27936;MARECHAL DEODORO;0026;0118;;não;;
27936;MARECHAL DEODORO;0026;0120;;não;;
27936;MARECHAL DEODORO;0026;0121;;não;;
27936;MARECHAL DEODORO;0026;0122;;não;;
27936;MARECHAL DEODORO;0026;0124;;não;;
27936;MARECHAL DEODORO;0026;0125;;sim;04/10/2026;18:21:45
27936;MARECHAL DEODORO;0026;0126;;não;;
27936;MARECHAL DEODORO;0026;0127;;não;;
27936;MARECHAL DEODORO;0026;0128;;não;;
27936;MARECHAL DEODORO;0026;0129;;sim;04/10/2026;18:21:45
27936;MARECHAL DEODORO;0026;0131;;não;;
27936;MARECHAL DEODORO;0026;0132;;não;;
27936;MARECHAL DEODORO;0026;0134;;não;;
27936;MARECHAL DEODORO;0026;0135;;não;;
27936;MARECHAL DEODORO;0026;0136;;não;;
27936;MARECHAL DEODORO;0026;0137;;não;;
27936;MARECHAL DEODORO;0026;0139;;não;;
27936;MARECHAL DEODORO;0026;0140;;não;;
27936;MARECHAL DEODORO;0026;0142;;não;;
27936;MARECHAL DEODORO;0026;0145;;não;;
27936;MARECHAL DEODORO;0026;0146;;não;;
27936;MARECHAL DEODORO;0026;0147;0170;sim;04/10/2026;18:23:10
27936;MARECHAL DEODORO;0026;0148;;não;;
27936;MARECHAL DEODORO;0026;0151;;não;;
27936;MARECHAL DEODORO;0026;0152;;não;;
27936;MARECHAL DEODORO;0026;0153;;não;;
27936;MARECHAL DEODORO;0026;0154;;não;;
27936;MARECHAL DEODORO;0026;0155;;não;;
27936;MARECHAL DEODORO;0026;0156;;não;;
27936;MARECHAL DEODORO;0026;0157;;não;;
27936;MARECHAL DEODORO;0026;0158;;não;;
27936;MARECHAL DEODORO;0026;0159;;não;;
27936;MARECHAL DEODORO;0026;0160;;não;;
27936;MARECHAL DEODORO;0026;0161;;não;;
27936;MARECHAL DEODORO;0026;0162;;não;;
27936;MARECHAL DEODORO;0026;0164;;não;;
27936;MARECHAL DEODORO;0026;0165;;não;;
27936;MARECHAL DEODORO;0026;0166;;não;;
27936;MARECHAL DEODORO;0026;0168;;não;;
27936;MARECHAL DEODORO;0026;0169;;não;;
27936;MARECHAL DEODORO;0026;0171;;não;;
27936;MARECHAL DEODORO;0026;0172;;não;;
27936;MARECHAL DEODORO;0026;0174;;não;;
27936;MARECHAL DEODORO;0026;0175;;não;;
27936;MARECHAL DEODORO;0026;0176;;não;;
28177;OLHO D'ÁGUA GRANDE;0037;0084;;não;;
28177;OLHO D'ÁGUA GRANDE;0037;0085;;não;;
28177;OLHO D'ÁGUA GRANDE;0037;0090;;não;;
28177;OLHO D'ÁGUA GRANDE;0037;0091;;não;;
28177;OLHO D'ÁGUA GRANDE;0037;0092;;não;;
28177;OLHO D'ÁGUA GRANDE;0037;0093;;não;;
28177;OLHO D'ÁGUA GRANDE;0037;0097;;sim;04/10/2026;18:14:02
28177;OLHO D'ÁGUA GRANDE;0037;0098;;sim;04/10/2026;18:13:56
28177;OLHO D'ÁGUA GRANDE;0037;0099;;sim;04/10/2026;18:13:56
28177;OLHO D'ÁGUA GRANDE;0037;0103;;não;;
28177;OLHO D'ÁGUA GRANDE;0037;0104;;não;;
28177;OLHO D'ÁGUA GRANDE;0037;0105;;não;;
28177;OLHO D'ÁGUA GRANDE;0037;0169;;sim;04/10/2026;18:14:08
28177;OLHO D'ÁGUA GRANDE;0037;0177;;não;;
28177;OLHO D'ÁGUA GRANDE;0037;0181;;não;;
28258;PALMEIRA DOS ÍNDIOS;0010;0060;;não;;
28258;PALMEIRA DOS ÍNDIOS;0010;0061;;não;;
28258;PALMEIRA DOS ÍNDIOS;0010;0062;;não;;
28258;PALMEIRA DOS ÍNDIOS;0010;0063;;não;;
28258;PALMEIRA DOS ÍNDIOS;0010;0064;;não;;
28258;PALMEIRA DOS ÍNDIOS;0010;0065;;não;;
28258;PALMEIRA DOS ÍNDIOS;0010;0066;;não;;
28258;PALMEIRA DOS ÍNDIOS;0010;0067;;não;;
28258;PALMEIRA DOS ÍNDIOS;0010;0068;;não;;
28258;PALMEIRA DOS ÍNDIOS;0010;0069;;não;;
28258;PALMEIRA DOS ÍNDIOS;0010;0070;;sim;04/10/2026;18:24:09
28258;PALMEIRA DOS ÍNDIOS;0010;0071;;não;;
28258;PALMEIRA DOS ÍNDIOS;0010;0072;;não;;
28258;PALMEIRA DOS ÍNDIOS;0010;0073;;não;;
28258;PALMEIRA DOS ÍNDIOS;0010;0074;;não;;
28258;PALMEIRA DOS ÍNDIOS;0010;0075;;não;;
28258;PALMEIRA DOS ÍNDIOS;0010;0076;;não;;
28258;PALMEIRA DOS ÍNDIOS;0010;0077;;não;;
28258;PALMEIRA DOS ÍNDIOS;0010;0078;;não;;
28258;PALMEIRA DOS ÍNDIOS;0010;0079;;não;;
28258;PALMEIRA DOS ÍNDIOS;0010;0080;;não;;
28258;PALMEIRA DOS ÍNDIOS;0010;0081;;não;;
28258;PALMEIRA DOS ÍNDIOS;0010;0082;;não;;
28258;PALMEIRA DOS ÍNDIOS;0010;0083;;não;;
28258;PALMEIRA DOS ÍNDIOS;0010;0084;;não;;
28258;PALMEIRA DOS ÍNDIOS;0010;0085;;não;;
28258;PALMEIRA DOS ÍNDIOS;0010;0086;;não;;
28258;PALMEIRA DOS ÍNDIOS;0010;0087;;não;;
28258;PALMEIRA DOS ÍNDIOS;0010;0088;;não;;
28258;PALMEIRA DOS ÍNDIOS;0010;0089;;não;;
28258;PALMEIRA DOS ÍNDIOS;0010;0090;;não;;
28258;PALMEIRA DOS ÍNDIOS;0010;0091;;sim;04/10/2026;18:24:40
28258;PALMEIRA DOS ÍNDIOS;0010;0092;;sim;04/10/2026;18:24:06
28258;PALMEIRA DOS ÍNDIOS;0010;0093;;sim;04/10/2026;18:24:41
28258;PALMEIRA DOS ÍNDIOS;0010;0094;;não;;
28258;PALMEIRA DOS ÍNDIOS;0010;0095;;não;;
28258;PALMEIRA DOS ÍNDIOS;0010;0096;;não;;
28258;PALMEIRA DOS ÍNDIOS;0010;0097;;não;;
28258;PALMEIRA DOS ÍNDIOS;0010;0098;;não;;
28258;PALMEIRA DOS ÍNDIOS;0010;0099;;não;;
28258;PALMEIRA DOS ÍNDIOS;0010;0100;;não;;
28258;PALMEIRA DOS ÍNDIOS;0010;0101;;não;;
28258;PALMEIRA DOS ÍNDIOS;0010;0102;;não;;
28258;PALMEIRA DOS ÍNDIOS;0010;0103;;não;;
28258;PALMEIRA DOS ÍNDIOS;0010;0104;;não;;
28258;PALMEIRA DOS ÍNDIOS;0010;0105;;não;;
28258;PALMEIRA DOS ÍNDIOS;0010;0106;;não;;
28258;PALMEIRA DOS ÍNDIOS;0010;0107;;não;;
28258;PALMEIRA DOS ÍNDIOS;0010;0108;;não;;
28258;PALMEIRA DOS ÍNDIOS;0010;0109;;não;;
28258;PALMEIRA DOS ÍNDIOS;0010;0110;;não;;
28258;PALMEIRA DOS ÍNDIOS;0010;0111;;não;;
28258;PALMEIRA DOS ÍNDIOS;0010;0112;;não;;
28258;PALMEIRA DOS ÍNDIOS;0010;0113;;não;;
28258;PALMEIRA DOS ÍNDIOS;0010;0114;;não;;
28258;PALMEIRA DOS ÍNDIOS;0010;0115;;não;;
28258;PALMEIRA DOS ÍNDIOS;0010;0116;;não;;
28258;PALMEIRA DOS ÍNDIOS;0010;0117;;não;;
28258;PALMEIRA DOS ÍNDIOS;0010;0118;;não;;
28258;PALMEIRA DOS ÍNDIOS;0010;0119;;não;;
28258;PALMEIRA DOS ÍNDIOS;0010;0120;;não;;
28258;PALMEIRA DOS ÍNDIOS;0010;0121;;não;;
28258;PALMEIRA DOS ÍNDIOS;0010;0122;;não;;
28258;PALMEIRA DOS ÍNDIOS;0010;0123;;não;;
28258;PALMEIRA DOS ÍNDIOS;0010;0124;;não;;
28258;PALMEIRA DOS ÍNDIOS;0010;0125;;não;;
28258;PALMEIRA DOS ÍNDIOS;0010;0126;;não;;
28258;PALMEIRA DOS ÍNDIOS;0010;0127;;não;;
28258;PALMEIRA DOS ÍNDIOS;0010;0128;;não;;
28258;PALMEIRA DOS ÍNDIOS;0010;0129;;não;;
28258;PALMEIRA DOS ÍNDIOS;0010;0130;;não;;
28258;PALMEIRA DOS ÍNDIOS;0010;0131;;não;;
28258;PALMEIRA DOS ÍNDIOS;0010;0132;;não;;
28258;PALMEIRA DOS ÍNDIOS;0010;0133;;não;;
28258;PALMEIRA DOS ÍNDIOS;0010;0134;;não;;
28258;PALMEIRA DOS ÍNDIOS;0010;0135;;não;;
28258;PALMEIRA DOS ÍNDIOS;0010;0136;;não;;
28258;PALMEIRA DOS ÍNDIOS;0010;0137;;não;;
28258;PALMEIRA DOS ÍNDIOS;0010;0138;;não;;
28258;PALMEIRA DOS ÍNDIOS;0010;0139;;não;;
28258;PALMEIRA DOS ÍNDIOS;0010;0140;;não;;
28258;PALMEIRA DOS ÍNDIOS;0010;0141;;não;;
28258;PALMEIRA DOS ÍNDIOS;0010;0142;;não;;
28258;PALMEIRA DOS ÍNDIOS;0010;0143;;não;;
28258;PALMEIRA DOS ÍNDIOS;0010;0144;;não;;
28258;PALMEIRA DOS ÍNDIOS;0010;0145;;não;;
28258;PALMEIRA DOS ÍNDIOS;0010;0146;;não;;
28258;PALMEIRA DOS ÍNDIOS;0010;0147;;não;;
28258;PALMEIRA DOS ÍNDIOS;0010;0148;;não;;
28258;PALMEIRA DOS ÍNDIOS;0010;0149;;não;;
28258;PALMEIRA DOS ÍNDIOS;0010;0156;;não;;
28258;PALMEIRA DOS ÍNDIOS;0010;0159;;não;;
28258;PALMEIRA DOS ÍNDIOS;0010;0160;;não;;
28258;PALMEIRA DOS ÍNDIOS;0010;0161;;não;;
28258;PALMEIRA DOS ÍNDIOS;0010;0170;;não;;
28258;PALMEIRA DOS ÍNDIOS;0010;0171;;não;;
28258;PALMEIRA DOS ÍNDIOS;0010;0172;;não;;
28258;PALMEIRA DOS ÍNDIOS;0010;0173;;não;;
28258;PALMEIRA DOS ÍNDIOS;0010;0174;;não;;
28258;PALMEIRA DOS ÍNDIOS;0010;0175;;não;;
28258;PALMEIRA DOS ÍNDIOS;0010;0176;;não;;
28258;PALMEIRA DOS ÍNDIOS;0010;0178;;não;;
28258;PALMEIRA DOS ÍNDIOS;0010;0179;;não;;
28258;PALMEIRA DOS ÍNDIOS;0010;0180;;não;;
28258;PALMEIRA DOS ÍNDIOS;0010;0182;;não;;
28258;PALMEIRA DOS ÍNDIOS;0010;0192;;não;;
28258;PALMEIRA DOS ÍNDIOS;0010;0193;;não;;
28258;PALMEIRA DOS ÍNDIOS;0010;0205;;não;;
28258;PALMEIRA DOS ÍNDIOS;0010;0206;;não;;
28258;PALMEIRA DOS ÍNDIOS;0010;0208;;não;;
28258;PALMEIRA DOS ÍNDIOS;0010;0210;;não;;
28258;PALMEIRA DOS ÍNDIOS;0010;0216;;não;;
28258;PALMEIRA DOS ÍNDIOS;0010;0217;;não;;
28258;PALMEIRA DOS ÍNDIOS;0010;0218;;não;;
28258;PALMEIRA DOS ÍNDIOS;0010;0219;;não;;
28258;PALMEIRA DOS ÍNDIOS;0010;0220;;não;;
28258;PALMEIRA DOS ÍNDIOS;0010;0221;;não;;
28258;PALMEIRA DOS ÍNDIOS;0010;0222;;não;;
28258;PALMEIRA DOS ÍNDIOS;0010;0224;;não;;
28258;PALMEIRA DOS ÍNDIOS;0010;0225;;não;;
28258;PALMEIRA DOS ÍNDIOS;0010;0226;;não;;
28258;PALMEIRA DOS ÍNDIOS;0010;0227;;não;;
28258;PALMEIRA DOS ÍNDIOS;0010;0229;;não;;
28258;PALMEIRA DOS ÍNDIOS;0010;0231;;não;;
28258;PALMEIRA DOS ÍNDIOS;0010;0232;;não;;
28258;PALMEIRA DOS ÍNDIOS;0010;0233;;não;;
28258;PALMEIRA DOS ÍNDIOS;0010;0234;;não;;
28258;PALMEIRA DOS ÍNDIOS;0010;0235;;não;;
28258;PALMEIRA DOS ÍNDIOS;0010;0236;;não;;
28258;PALMEIRA DOS ÍNDIOS;0010;0237;;não;;
28258;PALMEIRA DOS ÍNDIOS;0010;0238;;não;;
28258;PALMEIRA DOS ÍNDIOS;0010;0246;;não;;
28258;PALMEIRA DOS ÍNDIOS;0010;0250;;não;;
28258;PALMEIRA DOS ÍNDIOS;0010;0257;;não;;
28258;PALMEIRA DOS ÍNDIOS;0010;0259;;não;;
28258;PALMEIRA DOS ÍNDIOS;0010;0260;;não;;
28258;PALMEIRA DOS ÍNDIOS;0010;0262;;não;;
28258;PALMEIRA DOS ÍNDIOS;0010;0263;0322;não;;
28258;PALMEIRA DOS ÍNDIOS;0010;0264;;não;;
28258;PALMEIRA DOS ÍNDIOS;0010;0265;;não;;
28258;PALMEIRA DOS ÍNDIOS;0010;0267;;não;;
28258;PALMEIRA DOS ÍNDIOS;0010;0271;;não;;
28258;PALMEIRA DOS ÍNDIOS;0010;0274;;não;;
28258;PALMEIRA DOS ÍNDIOS;0010;0277;;não;;
28258;PALMEIRA DOS ÍNDIOS;0010;0278;0327;não;;
28258;PALMEIRA DOS ÍNDIOS;0010;0280;;não;;
28258;PALMEIRA DOS ÍNDIOS;0010;0282;;não;;
28258;PALMEIRA DOS ÍNDIOS;0010;0285;;não;;
28258;PALMEIRA DOS ÍNDIOS;0010;0286;;não;;
28258;PALMEIRA DOS ÍNDIOS;0010;0289;;não;;
28258;PALMEIRA DOS ÍNDIOS;0010;0290;;não;;
28258;PALMEIRA DOS ÍNDIOS;0010;0294;;não;;
28258;PALMEIRA DOS ÍNDIOS;0010;0297;;não;;
28258;PALMEIRA DOS ÍNDIOS;0010;0298;;não;;
28258;PALMEIRA DOS ÍNDIOS;0010;0302;;não;;
28258;PALMEIRA DOS ÍNDIOS;0010;0303;;não;;
28258;PALMEIRA DOS ÍNDIOS;0010;0304;;não;;
28258;PALMEIRA DOS ÍNDIOS;0010;0305;;não;;
28258;PALMEIRA DOS ÍNDIOS;0010;0306;;não;;
28258;PALMEIRA DOS ÍNDIOS;0010;0307;;não;;
28258;PALMEIRA DOS ÍNDIOS;0010;0308;;não;;
28258;PALMEIRA DOS ÍNDIOS;0010;0312;;não;;
28258;PALMEIRA DOS ÍNDIOS;0010;0318;;não;;
28258;PALMEIRA DOS ÍNDIOS;0010;0319;;não;;
28258;PALMEIRA DOS ÍNDIOS;0010;0320;;não;;
28258;PALMEIRA DOS ÍNDIOS;0010;0321;;não;;
28258;PALMEIRA DOS ÍNDIOS;0010;0323;;não;;
28258;PALMEIRA DOS ÍNDIOS;0010;0324;;não;;
28258;PALMEIRA DOS ÍNDIOS;0010;0325;;não;;
28258;PALMEIRA DOS ÍNDIOS;0010;0326;;sim;04/10/2026;17:45:42
28274;PÃO DE AÇÚCAR;0011;0008;;sim;04/10/2026;18:19:59
28274;PÃO DE AÇÚCAR;0011;0009;;sim;04/10/2026;18:19:59
28274;PÃO DE AÇÚCAR;0011;0010;0070, 0045;não;;
28274;PÃO DE AÇÚCAR;0011;0011;;não;;
28274;PÃO DE AÇÚCAR;0011;0012;;não;;
28274;PÃO DE AÇÚCAR;0011;0013;;não;;
28274;PÃO DE AÇÚCAR;0011;0014;;sim;04/10/2026;18:12:45
28274;PÃO DE AÇÚCAR;0011;0015;;sim;04/10/2026;18:12:50
28274;PÃO DE AÇÚCAR;0011;0016;0146;não;;
28274;PÃO DE AÇÚCAR;0011;0017;;não;;
28274;PÃO DE AÇÚCAR;0011;0018;;não;;
28274;PÃO DE AÇÚCAR;0011;0019;;sim;04/10/2026;18:20:01
28274;PÃO DE AÇÚCAR;0011;0020;;não;;
28274;PÃO DE AÇÚCAR;0011;0021;;não;;
28274;PÃO DE AÇÚCAR;0011;0022;;não;;
28274;PÃO DE AÇÚCAR;0011;0023;;sim;04/10/2026;18:19:54
28274;PÃO DE AÇÚCAR;0011;0024;;não;;
28274;PÃO DE AÇÚCAR;0011;0025;;não;;
28274;PÃO DE AÇÚCAR;0011;0026;;não;;
28274;PÃO DE AÇÚCAR;0011;0027;;não;;
28274;PÃO DE AÇÚCAR;0011;0028;;não;;
28274;PÃO DE AÇÚCAR;0011;0029;;não;;
28274;PÃO DE AÇÚCAR;0011;0030;;não;;
28274;PÃO DE AÇÚCAR;0011;0031;;não;;
28274;PÃO DE AÇÚCAR;0011;0032;;não;;
28274;PÃO DE AÇÚCAR;0011;0034;;não;;
28274;PÃO DE AÇÚCAR;0011;0037;;sim;04/10/2026;18:20:02
28274;PÃO DE AÇÚCAR;0011;0038;;não;;
28274;PÃO DE AÇÚCAR;0011;0039;;não;;
28274;PÃO DE AÇÚCAR;0011;0040;;não;;
28274;PÃO DE AÇÚCAR;0011;0041;;não;;
28274;PÃO DE AÇÚCAR;0011;0044;;não;;
28274;PÃO DE AÇÚCAR;0011;0046;;não;;
28274;PÃO DE AÇÚCAR;0011;0047;;não;;
28274;PÃO DE AÇÚCAR;0011;0048;;não;;
28274;PÃO DE AÇÚCAR;0011;0049;;não;;
28274;PÃO DE AÇÚCAR;0011;0051;;não;;
28274;PÃO DE AÇÚCAR;0011;0056;;não;;
28274;PÃO DE AÇÚCAR;0011;0059;;não;;
28274;PÃO DE AÇÚCAR;0011;0061;;sim;04/10/2026;18:12:47
28274;PÃO DE AÇÚCAR;0011;0062;0140;sim;04/10/2026;18:12:47
28274;PÃO DE AÇÚCAR;0011;0063;;não;;
28274;PÃO DE AÇÚCAR;0011;0065;;não;;
28274;PÃO DE AÇÚCAR;0011;0067;;não;;
28274;PÃO DE AÇÚCAR;0011;0069;;não;;
28274;PÃO DE AÇÚCAR;0011;0071;;sim;04/10/2026;18:19:58
28274;PÃO DE AÇÚCAR;0011;0072;;não;;
28274;PÃO DE AÇÚCAR;0011;0073;;não;;
28274;PÃO DE AÇÚCAR;0011;0074;;não;;
28274;PÃO DE AÇÚCAR;0011;0075;;não;;
28274;PÃO DE AÇÚCAR;0011;0076;;não;;
28274;PÃO DE AÇÚCAR;0011;0077;;não;;
28274;PÃO DE AÇÚCAR;0011;0078;;não;;
28274;PÃO DE AÇÚCAR;0011;0079;;não;;
28274;PÃO DE AÇÚCAR;0011;0080;;não;;
28274;PÃO DE AÇÚCAR;0011;0081;;não;;
28274;PÃO DE AÇÚCAR;0011;0082;;não;;
28274;PÃO DE AÇÚCAR;0011;0083;;não;;
28274;PÃO DE AÇÚCAR;0011;0084;;não;;
28274;PÃO DE AÇÚCAR;0011;0085;;não;;
28274;PÃO DE AÇÚCAR;0011;0135;;não;;
28274;PÃO DE AÇÚCAR;0011;0137;;não;;
28274;PÃO DE AÇÚCAR;0011;0142;;não;;
28274;PÃO DE AÇÚCAR;0011;0144;;não;;
28738;SÃO MIGUEL DOS MILAGRES;0012;0162;;não;;
28738;SÃO MIGUEL DOS MILAGRES;0012;0163;;não;;
28738;SÃO MIGUEL DOS MILAGRES;0012;0164;;não;;
28738;SÃO MIGUEL DOS MILAGRES;0012;0165;;não;;
28738;SÃO MIGUEL DOS MILAGRES;0012;0168;;não;;
28738;SÃO MIGUEL DOS MILAGRES;0012;0169;;não;;
28738;SÃO MIGUEL DOS MILAGRES;0012;0170;;não;;
28738;SÃO MIGUEL DOS MILAGRES;0012;0171;;não;;
28738;SÃO MIGUEL DOS MILAGRES;0012;0174;;não;;
28738;SÃO MIGUEL DOS MILAGRES;0012;0175;;não;;
28738;SÃO MIGUEL DOS MILAGRES;0012;0176;;não;;
28738;SÃO MIGUEL DOS MILAGRES;0012;0177;;não;;
28738;SÃO MIGUEL DOS MILAGRES;0012;0180;;não;;
28738;SÃO MIGUEL DOS MILAGRES;0012;0181;;não;;
28738;SÃO MIGUEL DOS MILAGRES;0012;0182;;não;;
28738;SÃO MIGUEL DOS MILAGRES;0012;0183;;não;;
28738;SÃO MIGUEL DOS MILAGRES;0012;0184;;não;;
28738;SÃO MIGUEL DOS MILAGRES;0012;0185;;não;;
28738;SÃO MIGUEL DOS MILAGRES;0012;0250;;não;;
28738;SÃO MIGUEL DOS MILAGRES;0012;0252;;não;;
28738;SÃO MIGUEL DOS MILAGRES;0012;0254;;não;;
28738;SÃO MIGUEL DOS MILAGRES;0012;0257;;não;;
28819;TAQUARANA;0045;0076;;não;;
28819;TAQUARANA;0045;0077;;não;;
28819;TAQUARANA;0045;0078;;não;;
28819;TAQUARANA;0045;0079;;não;;
28819;TAQUARANA;0045;0080;;não;;
28819;TAQUARANA;0045;0081;;não;;
28819;TAQUARANA;0045;0082;;não;;
28819;TAQUARANA;0045;0083;;não;;
28819;TAQUARANA;0045;0084;;não;;
28819;TAQUARANA;0045;0085;;não;;
28819;TAQUARANA;0045;0086;;não;;
28819;TAQUARANA;0045;0087;;não;;
28819;TAQUARANA;0045;0088;;não;;
28819;TAQUARANA;0045;0089;;não;;
28819;TAQUARANA;0045;0090;;não;;
28819;TAQUARANA;0045;0091;;não;;
28819;TAQUARANA;0045;0092;;não;;
28819;TAQUARANA;0045;0093;;não;;
28819;TAQUARANA;0045;0094;;não;;
28819;TAQUARANA;0045;0095;;não;;
28819;TAQUARANA;0045;0096;;não;;
28819;TAQUARANA;0045;0097;;não;;
28819;TAQUARANA;0045;0098;;não;;
28819;TAQUARANA;0045;0099;;sim;04/10/2026;17:42:39
28819;TAQUARANA;0045;0100;;sim;04/10/2026;17:48:49
28819;TAQUARANA;0045;0101;;sim;04/10/2026;17:42:41
28819;TAQUARANA;0045;0102;;não;;
28819;TAQUARANA;0045;0103;;não;;
28819;TAQUARANA;0045;0104;;sim;04/10/2026;18:13:04
28819;TAQUARANA;0045;0105;;sim;04/10/2026;17:42:40
28819;TAQUARANA;0045;0106;;sim;04/10/2026;17:55:45
28819;TAQUARANA;0045;0107;;não;;
28819;TAQUARANA;0045;0108;;não;;
28819;TAQUARANA;0045;0110;;sim;04/10/2026;18:13:03
28819;TAQUARANA;0045;0113;;não;;
28819;TAQUARANA;0045;0114;;não;;
28819;TAQUARANA;0045;0115;;sim;04/10/2026;18:20:57
28819;TAQUARANA;0045;0139;;sim;04/10/2026;17:48:50
28819;TAQUARANA;0045;0141;;não;;
28819;TAQUARANA;0045;0144;;sim;04/10/2026;17:48:53
28819;TAQUARANA;0045;0148;;sim;04/10/2026;17:42:42
28819;TAQUARANA;0045;0151;;não;;
28819;TAQUARANA;0045;0152;;sim;04/10/2026;17:42:44
28819;TAQUARANA;0045;0153;;sim;04/10/2026;17:43:33
28819;TAQUARANA;0045;0155;;sim;04/10/2026;18:20:58
28819;TAQUARANA;0045;0158;;sim;04/10/2026;18:20:58
28819;TAQUARANA;0045;0159;;sim;04/10/2026;18:21:06
28819;TAQUARANA;0045;0164;;sim;04/10/2026;18:20:57
28819;TAQUARANA;0045;0165;;sim;04/10/2026;18:21:01
28819;TAQUARANA;0045;0168;;sim;04/10/2026;18:21:03
28819;TAQUARANA;0045;0169;;sim;04/10/2026;18:21:01
28819;TAQUARANA;0045;0170;;não;;
28819;TAQUARANA;0045;0171;;não;;
28819;TAQUARANA;0045;0174;0172;não;;
27294;CAMPO GRANDE;0020;0111;;sim;04/10/2026;18:13:02
27294;CAMPO GRANDE;0020;0115;;sim;04/10/2026;18:13:09
27294;CAMPO GRANDE;0020;0116;;sim;04/10/2026;18:13:10
27294;CAMPO GRANDE;0020;0117;;sim;04/10/2026;18:13:10
27294;CAMPO GRANDE;0020;0118;0174;sim;04/10/2026;18:13:11
27294;CAMPO GRANDE;0020;0122;;sim;04/10/2026;18:13:39
27294;CAMPO GRANDE;0020;0123;;sim;04/10/2026;18:19:59
27294;CAMPO GRANDE;0020;0124;;sim;04/10/2026;18:20:13
27294;CAMPO GRANDE;0020;0125;;sim;04/10/2026;18:20:10
27294;CAMPO GRANDE;0020;0126;;não;;
27294;CAMPO GRANDE;0020;0128;;não;;
27294;CAMPO GRANDE;0020;0130;;não;;
27294;CAMPO GRANDE;0020;0136;;sim;04/10/2026;18:20:12
27294;CAMPO GRANDE;0020;0140;;sim;04/10/2026;18:13:07
27294;CAMPO GRANDE;0020;0141;;sim;04/10/2026;18:13:42
27294;CAMPO GRANDE;0020;0142;;sim;04/10/2026;18:13:09
27294;CAMPO GRANDE;0020;0143;;não;;
27294;CAMPO GRANDE;0020;0144;;não;;
27294;CAMPO GRANDE;0020;0145;;não;;
27294;CAMPO GRANDE;0020;0146;;não;;
27294;CAMPO GRANDE;0020;0147;;não;;
27294;CAMPO GRANDE;0020;0148;;não;;
27294;CAMPO GRANDE;0020;0159;;sim;04/10/2026;18:13:43
27294;CAMPO GRANDE;0020;0160;;sim;04/10/2026;18:13:47
27294;CAMPO GRANDE;0020;0165;;não;;
27294;CAMPO GRANDE;0020;0168;;não;;
27375;CHÃ PRETA;0028;0056;;sim;04/10/2026;18:32:01
27375;CHÃ PRETA;0028;0057;;sim;04/10/2026;18:23:10
27375;CHÃ PRETA;0028;0058;;sim;04/10/2026;18:10:55
27375;CHÃ PRETA;0028;0059;;sim;04/10/2026;18:27:50
27375;CHÃ PRETA;0028;0060;;não;;
27375;CHÃ PRETA;0028;0061;;não;;
27375;CHÃ PRETA;0028;0062;;não;;
27375;CHÃ PRETA;0028;0063;;não;;
27375;CHÃ PRETA;0028;0064;;não;;
27375;CHÃ PRETA;0028;0065;;não;;
27375;CHÃ PRETA;0028;0066;;não;;
27375;CHÃ PRETA;0028;0067;;não;;
27375;CHÃ PRETA;0028;0068;;não;;
27375;CHÃ PRETA;0028;0069;;não;;
27375;CHÃ PRETA;0028;0070;;não;;
27375;CHÃ PRETA;0028;0071;;não;;
27375;CHÃ PRETA;0028;0107;;sim;04/10/2026;18:15:01
27375;CHÃ PRETA;0028;0109;;não;;
27375;CHÃ PRETA;0028;0110;;sim;04/10/2026;18:15:46
27375;CHÃ PRETA;0028;0111;;não;;
27375;CHÃ PRETA;0028;0113;;sim;04/10/2026;18:15:49
27375;CHÃ PRETA;0028;0119;;sim;04/10/2026;18:10:47
27375;CHÃ PRETA;0028;0125;;sim;04/10/2026;18:15:40
27456;CORURIPE;0007;0001;;não;;
27456;CORURIPE;0007;0002;;não;;
27456;CORURIPE;0007;0004;;não;;
27456;CORURIPE;0007;0005;;não;;
27456;CORURIPE;0007;0006;;não;;
27456;CORURIPE;0007;0007;;não;;
27456;CORURIPE;0007;0010;;não;;
27456;CORURIPE;0007;0011;;não;;
27456;CORURIPE;0007;0012;;não;;
27456;CORURIPE;0007;0013;;não;;
27456;CORURIPE;0007;0014;;não;;
27456;CORURIPE;0007;0015;;não;;
27456;CORURIPE;0007;0016;;não;;
27456;CORURIPE;0007;0017;;não;;
27456;CORURIPE;0007;0018;;não;;
27456;CORURIPE;0007;0019;;não;;
27456;CORURIPE;0007;0020;;não;;
27456;CORURIPE;0007;0021;;não;;
27456;CORURIPE;0007;0022;;não;;
27456;CORURIPE;0007;0023;;não;;
27456;CORURIPE;0007;0024;;não;;
27456;CORURIPE;0007;0025;;não;;
27456;CORURIPE;0007;0026;;não;;
27456;CORURIPE;0007;0027;;não;;
27456;CORURIPE;0007;0028;;não;;
27456;CORURIPE;0007;0029;;não;;
27456;CORURIPE;0007;0030;;não;;
27456;CORURIPE;0007;0031;;não;;
27456;CORURIPE;0007;0032;;não;;
27456;CORURIPE;0007;0034;;não;;
27456;CORURIPE;0007;0035;;não;;
27456;CORURIPE;0007;0036;;não;;
27456;CORURIPE;0007;0037;;não;;
27456;CORURIPE;0007;0038;;não;;
27456;CORURIPE;0007;0039;;não;;
27456;CORURIPE;0007;0040;;não;;
27456;CORURIPE;0007;0041;;não;;
27456;CORURIPE;0007;0042;;não;;
27456;CORURIPE;0007;0043;;não;;
27456;CORURIPE;0007;0044;;não;;
27456;CORURIPE;0007;0045;;não;;
27456;CORURIPE;0007;0046;;não;;
27456;CORURIPE;0007;0047;;não;;
27456;CORURIPE;0007;0048;;não;;
27456;CORURIPE;0007;0051;;não;;
27456;CORURIPE;0007;0052;;não;;
27456;CORURIPE;0007;0053;;não;;
27456;CORURIPE;0007;0054;;não;;
27456;CORURIPE;0007;0055;;não;;
27456;CORURIPE;0007;0056;;não;;
27456;CORURIPE;0007;0057;;não;;
27456;CORURIPE;0007;0059;;não;;
27456;CORURIPE;0007;0061;;não;;
27456;CORURIPE;0007;0062;;não;;
27456;CORURIPE;0007;0063;;não;;
27456;CORURIPE;0007;0064;;não;;
27456;CORURIPE;0007;0065;;não;;
27456;CORURIPE;0007;0066;;não;;
27456;CORURIPE;0007;0070;;não;;
27456;CORURIPE;0007;0071;;não;;
27456;CORURIPE;0007;0072;;não;;
27456;CORURIPE;0007;0073;;não;;
27456;CORURIPE;0007;0074;;não;;
27456;CORURIPE;0007;0075;;não;;
27456;CORURIPE;0007;0076;;não;;
27456;CORURIPE;0007;0077;;não;;
27456;CORURIPE;0007;0078;;não;;
27456;CORURIPE;0007;0079;;não;;
27456;CORURIPE;0007;0080;;não;;
27456;CORURIPE;0007;0081;;não;;
27456;CORURIPE;0007;0089;;não;;
27456;CORURIPE;0007;0090;;não;;
27456;CORURIPE;0007;0091;;não;;
27456;CORURIPE;0007;0092;;não;;
27456;CORURIPE;0007;0093;;não;;
27456;CORURIPE;0007;0094;;não;;
27456;CORURIPE;0007;0095;;não;;
27456;CORURIPE;0007;0096;;não;;
27456;CORURIPE;0007;0097;;não;;
27456;CORURIPE;0007;0098;;não;;
27456;CORURIPE;0007;0100;;não;;
27456;CORURIPE;0007;0101;;não;;
27456;CORURIPE;0007;0102;;não;;
27456;CORURIPE;0007;0103;;não;;
27456;CORURIPE;0007;0104;;não;;
27456;CORURIPE;0007;0105;;não;;
27456;CORURIPE;0007;0106;;não;;
27456;CORURIPE;0007;0107;;não;;
27456;CORURIPE;0007;0108;;não;;
27456;CORURIPE;0007;0109;;não;;
27456;CORURIPE;0007;0110;;não;;
27456;CORURIPE;0007;0111;;não;;
27456;CORURIPE;0007;0112;;não;;
27456;CORURIPE;0007;0113;;não;;
27456;CORURIPE;0007;0114;;não;;
27456;CORURIPE;0007;0115;;não;;
27456;CORURIPE;0007;0116;;não;;
27456;CORURIPE;0007;0117;;não;;
27456;CORURIPE;0007;0118;;não;;
27456;CORURIPE;0007;0119;;não;;
27456;CORURIPE;0007;0120;;não;;
27456;CORURIPE;0007;0121;;não;;
27456;CORURIPE;0007;0122;;não;;
27456;CORURIPE;0007;0123;;não;;
27456;CORURIPE;0007;0124;;não;;
27456;CORURIPE;0007;0125;;não;;
27456;CORURIPE;0007;0126;;não;;
27456;CORURIPE;0007;0127;;não;;
27456;CORURIPE;0007;0128;;não;;
27456;CORURIPE;0007;0129;;não;;
27456;CORURIPE;0007;0130;;não;;
27456;CORURIPE;0007;0131;;não;;
27456;CORURIPE;0007;0132;;não;;
27456;CORURIPE;0007;0133;;não;;
27456;CORURIPE;0007;0145;;não;;
27456;CORURIPE;0007;0146;;não;;
27456;CORURIPE;0007;0147;;não;;
27456;CORURIPE;0007;0148;;não;;
27456;CORURIPE;0007;0150;;não;;
27456;CORURIPE;0007;0151;;não;;
27456;CORURIPE;0007;0152;;não;;
27456;CORURIPE;0007;0153;;não;;
27650;INHAPI;0039;0075;;não;;
27650;INHAPI;0039;0076;;não;;
27650;INHAPI;0039;0077;;não;;
27650;INHAPI;0039;0078;;não;;
27650;INHAPI;0039;0079;;não;;
27650;INHAPI;0039;0081;;não;;
27650;INHAPI;0039;0082;;não;;
27650;INHAPI;0039;0083;;não;;
27650;INHAPI;0039;0084;;não;;
27650;INHAPI;0039;0085;;não;;
27650;INHAPI;0039;0086;;não;;
27650;INHAPI;0039;0087;;não;;
27650;INHAPI;0039;0088;;não;;
27650;INHAPI;0039;0089;;não;;
27650;INHAPI;0039;0090;;não;;
27650;INHAPI;0039;0091;;não;;
27650;INHAPI;0039;0092;;não;;
27650;INHAPI;0039;0093;;não;;
27650;INHAPI;0039;0094;;não;;
27650;INHAPI;0039;0095;;não;;
27650;INHAPI;0039;0096;;não;;
27650;INHAPI;0039;0097;;não;;
27650;INHAPI;0039;0098;;sim;04/10/2026;18:23:55
27650;INHAPI;0039;0099;;sim;04/10/2026;18:23:50
27650;INHAPI;0039;0100;;sim;04/10/2026;18:23:51
27650;INHAPI;0039;0101;;sim;04/10/2026;18:23:56
27650;INHAPI;0039;0102;;sim;04/10/2026;18:24:00
27650;INHAPI;0039;0103;;sim;04/10/2026;18:23:54
27650;INHAPI;0039;0105;;não;;
27650;INHAPI;0039;0106;;não;;
27650;INHAPI;0039;0107;;não;;
27650;INHAPI;0039;0108;;não;;
27650;INHAPI;0039;0109;;não;;
27650;INHAPI;0039;0110;;não;;
27650;INHAPI;0039;0111;;não;;
27650;INHAPI;0039;0112;;sim;04/10/2026;18:18:43
27650;INHAPI;0039;0113;;não;;
27650;INHAPI;0039;0114;;não;;
27650;INHAPI;0039;0115;;sim;04/10/2026;17:41:44
27650;INHAPI;0039;0116;;sim;04/10/2026;18:11:48
27650;INHAPI;0039;0117;;sim;04/10/2026;17:36:40
27650;INHAPI;0039;0125;;não;;
27650;INHAPI;0039;0130;;não;;
27910;MARAVILHA;0050;0001;;não;;
27910;MARAVILHA;0050;0002;;não;;
27910;MARAVILHA;0050;0003;;não;;
27910;MARAVILHA;0050;0004;;não;;
27910;MARAVILHA;0050;0005;;não;;
27910;MARAVILHA;0050;0006;;não;;
27910;MARAVILHA;0050;0007;;não;;
27910;MARAVILHA;0050;0008;;não;;
27910;MARAVILHA;0050;0010;;não;;
27910;MARAVILHA;0050;0011;;não;;
27910;MARAVILHA;0050;0012;;não;;
27910;MARAVILHA;0050;0013;;não;;
27910;MARAVILHA;0050;0014;;não;;
27910;MARAVILHA;0050;0039;;não;;
27910;MARAVILHA;0050;0045;;não;;
27910;MARAVILHA;0050;0046;;não;;
27910;MARAVILHA;0050;0073;;não;;
27910;MARAVILHA;0050;0076;;não;;
27910;MARAVILHA;0050;0077;;não;;
27910;MARAVILHA;0050;0082;;não;;
27910;MARAVILHA;0050;0087;;não;;
27910;MARAVILHA;0050;0088;;não;;
27910;MARAVILHA;0050;0089;;não;;
27910;MARAVILHA;0050;0091;;não;;
27910;MARAVILHA;0050;0092;;não;;
27910;MARAVILHA;0050;0093;;não;;
28118;NOVO LINO;0053;0102;;não;;
28118;NOVO LINO;0053;0103;;não;;
28118;NOVO LINO;0053;0105;;não;;
28118;NOVO LINO;0053;0107;;não;;
28118;NOVO LINO;0053;0109;;não;;
28118;NOVO LINO;0053;0111;;não;;
28118;NOVO LINO;0053;0118;;não;;
28118;NOVO LINO;0053;0119;;não;;
28118;NOVO LINO;0053;0120;;não;;
28118;NOVO LINO;0053;0121;;não;;
28118;NOVO LINO;0053;0122;;não;;
28118;NOVO LINO;0053;0124;;não;;
28118;NOVO LINO;0053;0125;;não;;
28118;NOVO LINO;0053;0126;;não;;
28118;NOVO LINO;0053;0129;;não;;
28118;NOVO LINO;0053;0132;;não;;
28118;NOVO LINO;0053;0133;;não;;
28118;NOVO LINO;0053;0134;;não;;
28118;NOVO LINO;0053;0135;;não;;
28118;NOVO LINO;0053;0137;;não;;
28118;NOVO LINO;0053;0138;;não;;
28118;NOVO LINO;0053;0139;;não;;
28118;NOVO LINO;0053;0140;;não;;
28118;NOVO LINO;0053;0141;;não;;
28118;NOVO LINO;0053;0142;;não;;
28118;NOVO LINO;0053;0143;;não;;
28118;NOVO LINO;0053;0144;;não;;
28118;NOVO LINO;0053;0145;;não;;
28118;NOVO LINO;0053;0146;;não;;
28118;NOVO LINO;0053;0167;;não;;
28215;OURO BRANCO;0050;0047;;não;;
28215;OURO BRANCO;0050;0048;;não;;
28215;OURO BRANCO;0050;0050;;não;;
28215;OURO BRANCO;0050;0051;;não;;
28215;OURO BRANCO;0050;0052;;não;;
28215;OURO BRANCO;0050;0056;;não;;
28215;OURO BRANCO;0050;0057;;não;;
28215;OURO BRANCO;0050;0058;;não;;
28215;OURO BRANCO;0050;0059;;não;;
28215;OURO BRANCO;0050;0060;;não;;
28215;OURO BRANCO;0050;0061;;não;;
28215;OURO BRANCO;0050;0065;;não;;
28215;OURO BRANCO;0050;0066;;não;;
28215;OURO BRANCO;0050;0067;;não;;
28215;OURO BRANCO;0050;0068;;não;;
28215;OURO BRANCO;0050;0069;;não;;
28215;OURO BRANCO;0050;0070;;não;;
28215;OURO BRANCO;0050;0071;;não;;
28215;OURO BRANCO;0050;0072;;não;;
28215;OURO BRANCO;0050;0079;;não;;
28215;OURO BRANCO;0050;0080;;não;;
28215;OURO BRANCO;0050;0081;;não;;
28215;OURO BRANCO;0050;0094;;não;;
28215;OURO BRANCO;0050;0095;;não;;
28215;OURO BRANCO;0050;0096;;não;;
28215;OURO BRANCO;0050;0105;;não;;
28215;OURO BRANCO;0050;0108;;não;;
28452;PORTO CALVO;0014;0037;;não;;
28452;PORTO CALVO;0014;0038;;não;;
28452;PORTO CALVO;0014;0039;;não;;
28452;PORTO CALVO;0014;0041;;não;;
28452;PORTO CALVO;0014;0042;;não;;
28452;PORTO CALVO;0014;0043;;não;;
28452;PORTO CALVO;0014;0044;;não;;
28452;PORTO CALVO;0014;0045;;não;;
28452;PORTO CALVO;0014;0046;;não;;
28452;PORTO CALVO;0014;0047;;não;;
28452;PORTO CALVO;0014;0048;;não;;
28452;PORTO CALVO;0014;0049;;não;;
28452;PORTO CALVO;0014;0050;;não;;
28452;PORTO CALVO;0014;0051;;não;;
28452;PORTO CALVO;0014;0052;;não;;
28452;PORTO CALVO;0014;0053;;não;;
28452;PORTO CALVO;0014;0054;;não;;
28452;PORTO CALVO;0014;0055;;não;;
28452;PORTO CALVO;0014;0056;;não;;
28452;PORTO CALVO;0014;0057;;não;;
28452;PORTO CALVO;0014;0058;;não;;
28452;PORTO CALVO;0014;0059;;não;;
28452;PORTO CALVO;0014;0060;;não;;
28452;PORTO CALVO;0014;0061;;não;;
28452;PORTO CALVO;0014;0062;;não;;
28452;PORTO CALVO;0014;0063;;não;;
28452;PORTO CALVO;0014;0064;;não;;
28452;PORTO CALVO;0014;0065;;não;;
28452;PORTO CALVO;0014;0066;;não;;
28452;PORTO CALVO;0014;0067;;não;;
28452;PORTO CALVO;0014;0068;;não;;
28452;PORTO CALVO;0014;0069;;não;;
28452;PORTO CALVO;0014;0070;;não;;
28452;PORTO CALVO;0014;0071;;não;;
28452;PORTO CALVO;0014;0072;;não;;
28452;PORTO CALVO;0014;0073;;não;;
28452;PORTO CALVO;0014;0075;;não;;
28452;PORTO CALVO;0014;0076;;não;;
28452;PORTO CALVO;0014;0077;;não;;
28452;PORTO CALVO;0014;0078;;não;;
28452;PORTO CALVO;0014;0079;;não;;
28452;PORTO CALVO;0014;0080;;não;;
28452;PORTO CALVO;0014;0081;;não;;
28452;PORTO CALVO;0014;0084;;não;;
28452;PORTO CALVO;0014;0085;;não;;
28452;PORTO CALVO;0014;0086;;não;;
28452;PORTO CALVO;0014;0087;;não;;
28452;PORTO CALVO;0014;0089;;não;;
28452;PORTO CALVO;0014;0090;;não;;
28452;PORTO CALVO;0014;0091;;não;;
28452;PORTO CALVO;0014;0092;;não;;
28452;PORTO CALVO;0014;0093;;não;;
28452;PORTO CALVO;0014;0102;;não;;
28452;PORTO CALVO;0014;0103;;não;;
28452;PORTO CALVO;0014;0105;;não;;
28452;PORTO CALVO;0014;0106;;não;;
28452;PORTO CALVO;0014;0107;;não;;
28452;PORTO CALVO;0014;0109;;não;;
28452;PORTO CALVO;0014;0111;;não;;
28452;PORTO CALVO;0014;0112;;não;;
28452;PORTO CALVO;0014;0113;;não;;
28452;PORTO CALVO;0014;0114;;não;;
28452;PORTO CALVO;0014;0115;;não;;
28452;PORTO CALVO;0014;0117;;não;;
28452;PORTO CALVO;0014;0120;;não;;
28452;PORTO CALVO;0014;0122;;não;;
28452;PORTO CALVO;0014;0123;;não;;
28452;PORTO CALVO;0014;0215;;não;;
28452;PORTO CALVO;0014;0220;;não;;
28630;SÃO BRÁS;0037;0050;;não;;
28630;SÃO BRÁS;0037;0051;;não;;
28630;SÃO BRÁS;0037;0052;;não;;
28630;SÃO BRÁS;0037;0053;;não;;
28630;SÃO BRÁS;0037;0054;;não;;
28630;SÃO BRÁS;0037;0063;;não;;
28630;SÃO BRÁS;0037;0064;;não;;
28630;SÃO BRÁS;0037;0065;;não;;
28630;SÃO BRÁS;0037;0066;;não;;
28630;SÃO BRÁS;0037;0073;;não;;
28630;SÃO BRÁS;0037;0074;;não;;
28630;SÃO BRÁS;0037;0075;;não;;
28630;SÃO BRÁS;0037;0076;;não;;
28630;SÃO BRÁS;0037;0077;;não;;
28630;SÃO BRÁS;0037;0078;;não;;
28630;SÃO BRÁS;0037;0106;;não;;
28630;SÃO BRÁS;0037;0108;;sim;04/10/2026;17:57:44
28630;SÃO BRÁS;0037;0167;;não;;
28630;SÃO BRÁS;0037;0170;;não;;
28630;SÃO BRÁS;0037;0172;;não;;
28630;SÃO BRÁS;0037;0173;;sim;04/10/2026;17:57:45
28630;SÃO BRÁS;0037;0178;;não;;
28630;SÃO BRÁS;0037;0180;;não;;
28673;SÃO JOSÉ DA TAPERA;0051;0001;;não;;
28673;SÃO JOSÉ DA TAPERA;0051;0002;;não;;
28673;SÃO JOSÉ DA TAPERA;0051;0003;;não;;
28673;SÃO JOSÉ DA TAPERA;0051;0004;;não;;
28673;SÃO JOSÉ DA TAPERA;0051;0005;;não;;
28673;SÃO JOSÉ DA TAPERA;0051;0006;;não;;
28673;SÃO JOSÉ DA TAPERA;0051;0007;;não;;
28673;SÃO JOSÉ DA TAPERA;0051;0008;;não;;
28673;SÃO JOSÉ DA TAPERA;0051;0009;;não;;
28673;SÃO JOSÉ DA TAPERA;0051;0010;;não;;
28673;SÃO JOSÉ DA TAPERA;0051;0011;;não;;
28673;SÃO JOSÉ DA TAPERA;0051;0012;;não;;
28673;SÃO JOSÉ DA TAPERA;0051;0013;;não;;
28673;SÃO JOSÉ DA TAPERA;0051;0014;;não;;
28673;SÃO JOSÉ DA TAPERA;0051;0015;;não;;
28673;SÃO JOSÉ DA TAPERA;0051;0016;;não;;
28673;SÃO JOSÉ DA TAPERA;0051;0017;;não;;
28673;SÃO JOSÉ DA TAPERA;0051;0018;;não;;
28673;SÃO JOSÉ DA TAPERA;0051;0019;;não;;
28673;SÃO JOSÉ DA TAPERA;0051;0020;;não;;
28673;SÃO JOSÉ DA TAPERA;0051;0021;;não;;
28673;SÃO JOSÉ DA TAPERA;0051;0022;;não;;
28673;SÃO JOSÉ DA TAPERA;0051;0023;;não;;
28673;SÃO JOSÉ DA TAPERA;0051;0024;;não;;
28673;SÃO JOSÉ DA TAPERA;0051;0025;;não;;
28673;SÃO JOSÉ DA TAPERA;0051;0026;;não;;
28673;SÃO JOSÉ DA TAPERA;0051;0027;;não;;
28673;SÃO JOSÉ DA TAPERA;0051;0028;;sim;04/10/2026;18:15:41
28673;SÃO JOSÉ DA TAPERA;0051;0042;;não;;
28673;SÃO JOSÉ DA TAPERA;0051;0045;;não;;
28673;SÃO JOSÉ DA TAPERA;0051;0046;;não;;
28673;SÃO JOSÉ DA TAPERA;0051;0047;;não;;
28673;SÃO JOSÉ DA TAPERA;0051;0049;;não;;
28673;SÃO JOSÉ DA TAPERA;0051;0050;;não;;
28673;SÃO JOSÉ DA TAPERA;0051;0052;;não;;
28673;SÃO JOSÉ DA TAPERA;0051;0053;;sim;04/10/2026;18:13:44
28673;SÃO JOSÉ DA TAPERA;0051;0054;;não;;
28673;SÃO JOSÉ DA TAPERA;0051;0055;;não;;
28673;SÃO JOSÉ DA TAPERA;0051;0056;;não;;
28673;SÃO JOSÉ DA TAPERA;0051;0058;;não;;
28673;SÃO JOSÉ DA TAPERA;0051;0059;;não;;
28673;SÃO JOSÉ DA TAPERA;0051;0060;;não;;
28673;SÃO JOSÉ DA TAPERA;0051;0061;;não;;
28673;SÃO JOSÉ DA TAPERA;0051;0084;;não;;
28673;SÃO JOSÉ DA TAPERA;0051;0085;;não;;
28673;SÃO JOSÉ DA TAPERA;0051;0086;;não;;
28673;SÃO JOSÉ DA TAPERA;0051;0087;;não;;
28673;SÃO JOSÉ DA TAPERA;0051;0088;;não;;
28673;SÃO JOSÉ DA TAPERA;0051;0089;;não;;
28673;SÃO JOSÉ DA TAPERA;0051;0090;;não;;
28673;SÃO JOSÉ DA TAPERA;0051;0091;;não;;
28673;SÃO JOSÉ DA TAPERA;0051;0101;;não;;
28673;SÃO JOSÉ DA TAPERA;0051;0103;;não;;
28673;SÃO JOSÉ DA TAPERA;0051;0104;;não;;
28673;SÃO JOSÉ DA TAPERA;0051;0105;;não;;
28673;SÃO JOSÉ DA TAPERA;0051;0106;;não;;
28673;SÃO JOSÉ DA TAPERA;0051;0112;;não;;
28673;SÃO JOSÉ DA TAPERA;0051;0115;;não;;
28673;SÃO JOSÉ DA TAPERA;0051;0117;;não;;
28673;SÃO JOSÉ DA TAPERA;0051;0118;;não;;
28673;SÃO JOSÉ DA TAPERA;0051;0119;;não;;
28673;SÃO JOSÉ DA TAPERA;0051;0121;;não;;
28673;SÃO JOSÉ DA TAPERA;0051;0122;;não;;
28673;SÃO JOSÉ DA TAPERA;0051;0123;;não;;
28770;SATUBA;0008;0097;;sim;04/10/2026;18:31:53
28770;SATUBA;0008;0098;;sim;04/10/2026;18:22:06
28770;SATUBA;0008;0099;;sim;04/10/2026;18:11:38
28770;SATUBA;0008;0100;;sim;04/10/2026;18:28:05
28770;SATUBA;0008;0101;;sim;04/10/2026;18:18:10
28770;SATUBA;0008;0102;;sim;04/10/2026;17:38:42
28770;SATUBA;0008;0103;;sim;04/10/2026;18:28:07
28770;SATUBA;0008;0104;;não;;
28770;SATUBA;0008;0105;;não;;
28770;SATUBA;0008;0106;;não;;
28770;SATUBA;0008;0107;;não;;
28770;SATUBA;0008;0108;;não;;
28770;SATUBA;0008;0109;;não;;
28770;SATUBA;0008;0110;;sim;04/10/2026;18:28:44
28770;SATUBA;0008;0111;;sim;04/10/2026;17:58:46
28770;SATUBA;0008;0112;;sim;04/10/2026;18:19:06
28770;SATUBA;0008;0113;;não;;
28770;SATUBA;0008;0114;;não;;
28770;SATUBA;0008;0115;;não;;
28770;SATUBA;0008;0116;;sim;04/10/2026;17:58:50
28770;SATUBA;0008;0117;;sim;04/10/2026;17:58:51
28770;SATUBA;0008;0118;;sim;04/10/2026;17:59:37
28770;SATUBA;0008;0119;;sim;04/10/2026;17:58:51
28770;SATUBA;0008;0120;;não;;
28770;SATUBA;0008;0121;;não;;
28770;SATUBA;0008;0122;;sim;04/10/2026;17:58:53
28770;SATUBA;0008;0123;;sim;04/10/2026;18:29:15
28770;SATUBA;0008;0124;;não;;
28770;SATUBA;0008;0125;;sim;04/10/2026;17:59:37
28770;SATUBA;0008;0142;;não;;
28770;SATUBA;0008;0143;;não;;
28770;SATUBA;0008;0146;;não;;
28770;SATUBA;0008;0150;;não;;
28770;SATUBA;0008;0151;;não;;
28770;SATUBA;0008;0152;;não;;
28770;SATUBA;0008;0155;;não;;
28770;SATUBA;0008;0157;;não;;
28770;SATUBA;0008;0160;;não;;
28770;SATUBA;0008;0162;;não;;
28770;SATUBA;0008;0165;;não;;
28770;SATUBA;0008;0169;;não;;
27235;CACIMBINHAS;0046;0001;;não;;
27235;CACIMBINHAS;0046;0002;;não;;
27235;CACIMBINHAS;0046;0003;;não;;
27235;CACIMBINHAS;0046;0004;;não;;
27235;CACIMBINHAS;0046;0005;;não;;
27235;CACIMBINHAS;0046;0006;;não;;
27235;CACIMBINHAS;0046;0007;;não;;
27235;CACIMBINHAS;0046;0008;;não;;
27235;CACIMBINHAS;0046;0009;;não;;
27235;CACIMBINHAS;0046;0010;;não;;
27235;CACIMBINHAS;0046;0011;;não;;
27235;CACIMBINHAS;0046;0012;;não;;
27235;CACIMBINHAS;0046;0013;;não;;
27235;CACIMBINHAS;0046;0014;;não;;
27235;CACIMBINHAS;0046;0015;;não;;
27235;CACIMBINHAS;0046;0055;;não;;
27235;CACIMBINHAS;0046;0056;;não;;
27235;CACIMBINHAS;0046;0057;;não;;
27235;CACIMBINHAS;0046;0062;;não;;
27235;CACIMBINHAS;0046;0065;;não;;
27235;CACIMBINHAS;0046;0066;;não;;
27235;CACIMBINHAS;0046;0067;;sim;04/10/2026;18:25:11
27235;CACIMBINHAS;0046;0068;;sim;04/10/2026;18:25:12
27235;CACIMBINHAS;0046;0143;;não;;
27952;MARIBONDO;0048;0150;;não;;
27952;MARIBONDO;0048;0151;;não;;
27952;MARIBONDO;0048;0152;;não;;
27952;MARIBONDO;0048;0153;;não;;
27952;MARIBONDO;0048;0154;;não;;
27952;MARIBONDO;0048;0155;;não;;
27952;MARIBONDO;0048;0156;;não;;
27952;MARIBONDO;0048;0157;;não;;
27952;MARIBONDO;0048;0159;;não;;
27952;MARIBONDO;0048;0161;;não;;
27952;MARIBONDO;0048;0163;;sim;04/10/2026;18:29:53
27952;MARIBONDO;0048;0164;;sim;04/10/2026;18:29:10
27952;MARIBONDO;0048;0165;;sim;04/10/2026;18:29:56
27952;MARIBONDO;0048;0166;;sim;04/10/2026;18:29:13
27952;MARIBONDO;0048;0167;;sim;04/10/2026;18:29:44
27952;MARIBONDO;0048;0169;;sim;04/10/2026;18:29:48
27952;MARIBONDO;0048;0171;;sim;04/10/2026;18:30:41
27952;MARIBONDO;0048;0174;;sim;04/10/2026;18:29:47
27952;MARIBONDO;0048;0176;;sim;04/10/2026;18:29:49
27952;MARIBONDO;0048;0177;;sim;04/10/2026;18:30:44
27952;MARIBONDO;0048;0179;;sim;04/10/2026;18:30:10
27952;MARIBONDO;0048;0180;;sim;04/10/2026;18:29:50
27952;MARIBONDO;0048;0182;;sim;04/10/2026;18:29:55
27952;MARIBONDO;0048;0183;;sim;04/10/2026;18:29:51
27952;MARIBONDO;0048;0184;;sim;04/10/2026;18:30:55
27952;MARIBONDO;0048;0185;;sim;04/10/2026;18:30:55
27952;MARIBONDO;0048;0186;;sim;04/10/2026;18:31:00
27952;MARIBONDO;0048;0188;;sim;04/10/2026;18:30:59
27952;MARIBONDO;0048;0190;;sim;04/10/2026;18:31:02
27952;MARIBONDO;0048;0191;;sim;04/10/2026;18:30:10
27952;MARIBONDO;0048;0192;;sim;04/10/2026;18:29:58
27952;MARIBONDO;0048;0193;;sim;04/10/2026;18:31:12
27952;MARIBONDO;0048;0194;;sim;04/10/2026;18:30:42
27952;MARIBONDO;0048;0195;;não;;
27952;MARIBONDO;0048;0196;;não;;
27952;MARIBONDO;0048;0204;;não;;
27952;MARIBONDO;0048;0210;;não;;
28614;SANTANA DO MUNDAÚ;0021;0002;;sim;04/10/2026;18:18:53
28614;SANTANA DO MUNDAÚ;0021;0003;;sim;04/10/2026;18:19:01
28614;SANTANA DO MUNDAÚ;0021;0005;;não;;
28614;SANTANA DO MUNDAÚ;0021;0011;;não;;
28614;SANTANA DO MUNDAÚ;0021;0013;;não;;
28614;SANTANA DO MUNDAÚ;0021;0015;;não;;
28614;SANTANA DO MUNDAÚ;0021;0017;;não;;
28614;SANTANA DO MUNDAÚ;0021;0018;;não;;
28614;SANTANA DO MUNDAÚ;0021;0019;;sim;04/10/2026;18:19:40
28614;SANTANA DO MUNDAÚ;0021;0020;;não;;
28614;SANTANA DO MUNDAÚ;0021;0021;;não;;
28614;SANTANA DO MUNDAÚ;0021;0103;;não;;
28614;SANTANA DO MUNDAÚ;0021;0105;;sim;04/10/2026;18:19:52
28614;SANTANA DO MUNDAÚ;0021;0106;;não;;
28614;SANTANA DO MUNDAÚ;0021;0108;;não;;
28614;SANTANA DO MUNDAÚ;0021;0119;;não;;
28614;SANTANA DO MUNDAÚ;0021;0129;;não;;
28614;SANTANA DO MUNDAÚ;0021;0147;;não;;
28614;SANTANA DO MUNDAÚ;0021;0164;;não;;
28614;SANTANA DO MUNDAÚ;0021;0168;;não;;
28614;SANTANA DO MUNDAÚ;0021;0169;;não;;
28614;SANTANA DO MUNDAÚ;0021;0184;;sim;04/10/2026;18:19:49
28614;SANTANA DO MUNDAÚ;0021;0188;;sim;04/10/2026;18:19:54
28614;SANTANA DO MUNDAÚ;0021;0191;;sim;04/10/2026;18:19:58
28614;SANTANA DO MUNDAÚ;0021;0192;;sim;04/10/2026;18:20:15
28614;SANTANA DO MUNDAÚ;0021;0405;;não;;
28614;SANTANA DO MUNDAÚ;0021;0409;;sim;04/10/2026;18:20:45
28614;SANTANA DO MUNDAÚ;0021;0410;;não;;
28932;TEOTÔNIO VILELA;0034;0076;;não;;
28932;TEOTÔNIO VILELA;0034;0077;;não;;
28932;TEOTÔNIO VILELA;0034;0078;;não;;
28932;TEOTÔNIO VILELA;0034;0079;;não;;
28932;TEOTÔNIO VILELA;0034;0080;;não;;
28932;TEOTÔNIO VILELA;0034;0081;;não;;
28932;TEOTÔNIO VILELA;0034;0082;;não;;
28932;TEOTÔNIO VILELA;0034;0084;;não;;
28932;TEOTÔNIO VILELA;0034;0085;;não;;
28932;TEOTÔNIO VILELA;0034;0086;;não;;
28932;TEOTÔNIO VILELA;0034;0087;;não;;
28932;TEOTÔNIO VILELA;0034;0088;;não;;
28932;TEOTÔNIO VILELA;0034;0089;;não;;
28932;TEOTÔNIO VILELA;0034;0090;;não;;
28932;TEOTÔNIO VILELA;0034;0091;;não;;
28932;TEOTÔNIO VILELA;0034;0092;;não;;
28932;TEOTÔNIO VILELA;0034;0093;;não;;
28932;TEOTÔNIO VILELA;0034;0094;;não;;
28932;TEOTÔNIO VILELA;0034;0095;;não;;
28932;TEOTÔNIO VILELA;0034;0096;;não;;
28932;TEOTÔNIO VILELA;0034;0097;;não;;
28932;TEOTÔNIO VILELA;0034;0098;;não;;
28932;TEOTÔNIO VILELA;0034;0099;;não;;
28932;TEOTÔNIO VILELA;0034;0100;;não;;
28932;TEOTÔNIO VILELA;0034;0101;;não;;
28932;TEOTÔNIO VILELA;0034;0102;;não;;
28932;TEOTÔNIO VILELA;0034;0103;;não;;
28932;TEOTÔNIO VILELA;0034;0104;;não;;
28932;TEOTÔNIO VILELA;0034;0105;;não;;
28932;TEOTÔNIO VILELA;0034;0106;;não;;
28932;TEOTÔNIO VILELA;0034;0107;0108;não;;
28932;TEOTÔNIO VILELA;0034;0109;0110;não;;
28932;TEOTÔNIO VILELA;0034;0111;0112;não;;
28932;TEOTÔNIO VILELA;0034;0113;0114;não;;
28932;TEOTÔNIO VILELA;0034;0115;;não;;
28932;TEOTÔNIO VILELA;0034;0116;;não;;
28932;TEOTÔNIO VILELA;0034;0119;;não;;
28932;TEOTÔNIO VILELA;0034;0120;;não;;
28932;TEOTÔNIO VILELA;0034;0121;;não;;
28932;TEOTÔNIO VILELA;0034;0122;;não;;
28932;TEOTÔNIO VILELA;0034;0123;;não;;
28932;TEOTÔNIO VILELA;0034;0124;;não;;
28932;TEOTÔNIO VILELA;0034;0125;;não;;
28932;TEOTÔNIO VILELA;0034;0126;;não;;
28932;TEOTÔNIO VILELA;0034;0127;;não;;
28932;TEOTÔNIO VILELA;0034;0128;;não;;
28932;TEOTÔNIO VILELA;0034;0129;;não;;
28932;TEOTÔNIO VILELA;0034;0130;;não;;
28932;TEOTÔNIO VILELA;0034;0131;;não;;
28932;TEOTÔNIO VILELA;0034;0132;;não;;
28932;TEOTÔNIO VILELA;0034;0133;;não;;
28932;TEOTÔNIO VILELA;0034;0134;;não;;
28932;TEOTÔNIO VILELA;0034;0135;;não;;
28932;TEOTÔNIO VILELA;0034;0136;;não;;
28932;TEOTÔNIO VILELA;0034;0137;;não;;
28932;TEOTÔNIO VILELA;0034;0138;;não;;
28932;TEOTÔNIO VILELA;0034;0139;;não;;
28932;TEOTÔNIO VILELA;0034;0140;0141;não;;
28932;TEOTÔNIO VILELA;0034;0142;0143;não;;
28932;TEOTÔNIO VILELA;0034;0145;;não;;
28932;TEOTÔNIO VILELA;0034;0155;;não;;
28932;TEOTÔNIO VILELA;0034;0156;;não;;
28932;TEOTÔNIO VILELA;0034;0157;;não;;
28932;TEOTÔNIO VILELA;0034;0158;;não;;
28932;TEOTÔNIO VILELA;0034;0159;;não;;
28932;TEOTÔNIO VILELA;0034;0160;;não;;
28932;TEOTÔNIO VILELA;0034;0161;;não;;
28932;TEOTÔNIO VILELA;0034;0162;;não;;
28932;TEOTÔNIO VILELA;0034;0163;;não;;
28932;TEOTÔNIO VILELA;0034;0164;;não;;
28932;TEOTÔNIO VILELA;0034;0165;;não;;
28932;TEOTÔNIO VILELA;0034;0166;;não;;
28932;TEOTÔNIO VILELA;0034;0167;;não;;
28932;TEOTÔNIO VILELA;0034;0168;;não;;
28932;TEOTÔNIO VILELA;0034;0169;;não;;
28932;TEOTÔNIO VILELA;0034;0170;;sim;04/10/2026;17:48:35
28932;TEOTÔNIO VILELA;0034;0171;;sim;04/10/2026;17:51:38
28932;TEOTÔNIO VILELA;0034;0172;;não;;
28932;TEOTÔNIO VILELA;0034;0173;;não;;
28932;TEOTÔNIO VILELA;0034;0174;;não;;
28932;TEOTÔNIO VILELA;0034;0175;;não;;
28932;TEOTÔNIO VILELA;0034;0176;;não;;
28932;TEOTÔNIO VILELA;0034;0269;;não;;
28932;TEOTÔNIO VILELA;0034;0270;;não;;
28932;TEOTÔNIO VILELA;0034;0271;;não;;
28932;TEOTÔNIO VILELA;0034;0273;;não;;
28932;TEOTÔNIO VILELA;0034;0274;;não;;
28932;TEOTÔNIO VILELA;0034;0275;;não;;
28932;TEOTÔNIO VILELA;0034;0276;;não;;
